Hello,0.0,0.0,0.0,-0.15083425681466997,0.04038003771922005,-0.2616040237128682,-0.24621262041359313,-0.08275181720030593,-0.4113205128878691,-0.12680246232676157,-0.2486291129462444,-0.5252317520297404,0.014637306851712254,-0.35711769436582935,-0.6307456330062091,-0.38754946491012066,-0.8019652551323292,-0.270357469579986,-0.5117351790730529,-1.1775266050043107,-0.3881119527049932,-0.533657017581063,-1.4213365307592818,-0.48615659230948843,-0.5261748407021872,-1.623171832055894,-0.5533071626680609,-0.2847045868839222,-0.936195448672879,-0.20611011642188262,-0.40924792702506624,-1.3674291692166576,-0.29280950072044937,-0.4470339644268292,-1.6622796684980865,-0.3612182181026045,-0.4587752093945029,-1.9018169147479875,-0.41057244436618723,-0.1620731845845842,-0.9798347679870639,-0.1651687243175458,-0.2783639043943127,-1.3692730499771042,-0.22557535067223478,-0.3292377846858795,-1.6342724081700037,-0.27110957025066623,-0.35721987321674703,-1.8764553035360922,-0.30704939617001814,-0.02465232590370034,-0.9483644277354526,-0.15195908955149412,-0.09505206252391238,-1.2308154861664717,-0.18666489141959453,-0.13762111431206192,-1.4070313051730519,-0.20216998432668815,-0.16352046969557488,-1.5770744401292136,-0.21673301106939616
Hello,0.0,0.0,0.0,-0.182710840016764,0.014625799317639982,-0.1696732452114417,-0.32928881651937913,-0.09151956027154769,-0.2669540498065167,-0.3540068971608061,-0.2531897830374582,-0.3469149564609386,-0.3605061300865048,-0.39656540104310245,-0.41818051012741914,-0.40621179804760865,-0.8346647821280826,-0.1392928891592849,-0.5143015884466051,-1.1789224691525095,-0.2389268744035823,-0.5483875687669033,-1.409109888233411,-0.32820594262965785,-0.5593921813556266,-1.6151750017160023,-0.3903745633319272,-0.2879460328280022,-0.9495301382914259,-0.12441703522782087,-0.3911805181677747,-1.367548671730283,-0.19665615710357254,-0.42408360634978665,-1.6347477360419742,-0.2568249045637358,-0.4338569865908517,-1.8703214809895279,-0.300283632111886,-0.1566496952000275,-0.9698268935144824,-0.1320440786073397,-0.2510065371634391,-1.3420865486871434,-0.19071581275525723,-0.29698817721535997,-1.5890739942639256,-0.22518603460919132,-0.3244616497909836,-1.811995952025801,-0.25191160929065715,-0.007507162365885308,-0.9111534232676275,-0.16083907194873232,-0.06086898154713253,-1.1857308629694894,-0.19762176631381934,-0.09031249802857545,-1.3546169442276452,-0.2040635726941495,-0.11282171969997283,-1.5132278450116292,-0.20967191630412488
Hello,0.0,0.0,0.0,-0.22267001039783002,-0.04350567063798913,-0.11269650192075771,-0.4373056454975017,-0.2196294666617287,-0.162969783252131,-0.5616126083549715,-0.38487384392527263,-0.20215637694722033,-0.6834919379846777,-0.5045121230449183,-0.23514469018783637,-0.4321646742554912,-0.8442020808216836,-0.07235847699255349,-0.5743177252885758,-1.174166414438168,-0.13447322814495452,-0.6541408301718624,-1.3805840068769424,-0.19544240021060244,-0.712164968531134,-1.5632337392421145,-0.23953379995917556,-0.30814513109918923,-0.9490221251331485,-0.06635950713820947,-0.39979977537565703,-1.3505632248797235,-0.09521305389167165,-0.4300525853297256,-1.5959952978885366,-0.1273287327949413,-0.43717977075963943,-1.79792513008873,-0.15400305171272904,-0.16427613643252148,-0.9592327271662829,-0.0789259089102492,-0.24998345658219887,-1.3169004785664535,-0.10257992008521592,-0.2936952599652976,-1.5404874538462312,-0.12555708658875336,-0.3220620067490536,-1.732966219727176,-0.14978972069657903,-0.0038606159383594595,-0.8975012862414705,-0.10723826074384757,-0.02167514968377438,-1.1592041267964666,-0.12102026907197139,-0.03136030185749456,-1.3240892294335507,-0.12177141242211845,-0.034780870687741446,-1.478254057393186,-0.12646752407668221
Hello,0.0,0.0,0.0,-0.2365752123996748,-0.12271679090902445,-0.09445058638019013,-0.4521007244689381,-0.3329542716715849,-0.1470351410708002,-0.5875894847229699,-0.49670123037023006,-0.1933832285131594,-0.7063805646534219,-0.6372281882309622,-0.23815839308491712,-0.2882025506360809,-0.9312565008798456,-0.0779067218229576,-0.3965016532565907,-1.2869999659703641,-0.14611404150362917,-0.45301147557476473,-1.5105412642730898,-0.20736429175238802,-0.4898280353797158,-1.7030966092044426,-0.25350707523749955,-0.12148007949100612,-0.988378796396087,-0.09137803413009778,-0.13446174304958902,-1.41297982030186,-0.13422494621810982,-0.12241470667065567,-1.6721127320134022,-0.17696452410831087,-0.10565474093710296,-1.8799072405848016,-0.21196024132140193,0.03900485387533384,-0.9530435912583256,-0.12146927272602423,0.028204909816080957,-1.326660546800691,-0.17072613206787676,0.022713412836799826,-1.558458468255441,-0.20827530238075614,0.01395331595416082,-1.7597687196186018,-0.23961347109477463,0.19559314278775541,-0.8477438771580684,-0.16259420949706904,0.24219577858962207,-1.112466558384627,-0.2048493236828243,0.2645652375513491,-1.2804020378889247,-0.21748640618685897,0.27757562160453064,-1.4382830950883403,-0.22850277041888936
Hello,0.0,0.0,0.0,-0.2594911616446767,-0.14808978058950437,-0.08651177477706723,-0.48483726847395586,-0.3700741566833004,-0.13974409105001012,-0.6482221175337494,-0.5218104732048227,-0.19093803958887598,-0.7813033505434543,-0.6579024059668118,-0.24381649934513783,-0.2609838153855516,-0.949554593937291,-0.06864062936410788,-0.3657094312617076,-1.285065409618958,-0.1399366991426365,-0.4225953231734276,-1.4988185723941085,-0.20735886064775716,-0.46457011892199374,-1.6901374925827006,-0.2599170217887896,-0.09325414295404362,-0.9912926239200633,-0.09296557741219537,-0.08207708311461417,-1.4024984843424289,-0.1457503388323382,-0.06726343836810605,-1.658232276225593,-0.2009990834029082,-0.05604691756771095,-1.872096787538425,-0.24443942492785986,0.06386293294923934,-0.9386218489170577,-0.1336237496196726,0.08620435649283102,-1.3118446471466265,-0.1990951563748385,0.08614396406561402,-1.538338210093029,-0.24864489105807713,0.07438391142026583,-1.743191038907073,-0.2847798291686914,0.21015603882903772,-0.8144694303881126,-0.18344204402230932,0.29272930063544617,-1.0849571608681499,-0.24236392850428728,0.33220330087516264,-1.2620298163011616,-0.264031684816437,0.354643205251773,-1.4299291708648219,-0.27918913318535843
Hello,0.0,0.0,0.0,-0.25534141440456176,-0.16354255313431734,-0.07992539775965729,-0.4732945895499385,-0.4013353188809937,-0.13304901785133552,-0.6365821857075963,-0.5543779161074325,-0.1859369372677858,-0.7762145131603857,-0.6790475394208387,-0.24080704080664403,-0.20635229899404245,-0.9701753691474567,-0.06041286185500001,-0.3002622307280944,-1.3037874073899105,-0.12856938581153526,-0.35280505928579775,-1.5113052001548741,-0.1946112518860705,-0.3965548755686253,-1.694876058773084,-0.2471525787338328,-0.03748201270217103,-0.995435798922656,-0.08776485029331434,-6.674266404702903e-05,-1.3885227256673978,-0.13907986411754256,0.018769705696625737,-1.6265457536050363,-0.1944682140141847,0.024528596463923635,-1.8250803175025903,-0.2388090783013137,0.1132759831339379,-0.9285422964548807,-0.13114624707060227,0.16611615025997076,-1.2819904213087716,-0.19628540818536017,0.17310410718569472,-1.4970746630400869,-0.2467215879807491,0.1603802857117691,-1.6942752079400007,-0.283600893569493,0.24675563810155193,-0.7887848265070031,-0.18315639616942153,0.3548183517467764,-1.0429632499905455,-0.2421895733782132,0.39769650883714974,-1.2172371892203244,-0.2669832425038161,0.4143518069367656,-1.387407789464492,-0.28481477577184827
Hello,0.0,0.0,0.0,-0.2539249054155865,-0.20533845947562876,-0.08382069898259208,-0.47075563012826,-0.4779174370151519,-0.1380526035555161,-0.6352041887883871,-0.6630921358135677,-0.19190372148162646,-0.770160244460968,-0.8122667003606537,-0.2482927132257106,-0.16875171703644132,-0.9930768158416183,-0.07312213249667027,-0.23719206895054354,-1.3492363695364755,-0.14876766199829003,-0.27940089975212407,-1.5749052901545695,-0.21557657387422702,-0.31345522836810547,-1.7728910135512723,-0.26748979889178126,-0.0001242148809657715,-0.9949451578011997,-0.1004197069235382,0.07275886652570067,-1.3951266018101955,-0.16257886805998542,0.10765710558296877,-1.6494398493536364,-0.22067932289054928,0.1269216733718718,-1.8567695006711205,-0.26536451725654836,0.14322453524895631,-0.9093689535582618,-0.1442158285868418,0.23304247292707161,-1.2612250076271316,-0.22233717778621384,0.25233707068719713,-1.4879437828641573,-0.2790150800346871,0.2506304810726097,-1.6901558834607533,-0.31743305353151896,0.26357442241852364,-0.7575203565736818,-0.1958698958058701,0.4065013879526389,-1.0051809417423214,-0.2676671847374187,0.4681965988305613,-1.1824751618425433,-0.2989624457630197,0.5022232862230311,-1.352407773372342,-0.3195164894256023
Hello,0.0,0.0,0.0,-0.25046044976724074,-0.21062195550577414,-0.08704808726842535,-0.4608947193650174,-0.4885840939575995,-0.14581036749113577,-0.6253359177624627,-0.6752081767076485,-0.20308718979421858,-0.7618575411718813,-0.8166137814798752,-0.2636579127443916,-0.14984905110843855,-0.9912836890400648,-0.08524254472894027,-0.22329369228864065,-1.3528448638933643,-0.16562997129191528,-0.270808643881077,-1.5829265298545814,-0.23704725685921593,-0.31382224449772794,-1.7799039272366806,-0.291278460529552,0.019705983401019755,-0.9935632259889479,-0.11155173768540641,0.10286051873861762,-1.388843401258149,-0.17674475539082207,0.12213098787798572,-1.645551752448894,-0.2362942017179999,0.11997035323545828,-1.849832654869644,-0.281499415521385,0.1589737661825198,-0.9068913945191537,-0.1538020865967788,0.25373199142321934,-1.2576125848353192,-0.22936732146296215,0.2568483379177046,-1.4934058820796021,-0.2856251354464959,0.2385584671595316,-1.6998806011818623,-0.32541428870728734,0.2686652915505199,-0.7493907726089827,-0.2044267850008168,0.4118063860908045,-0.9851889089006173,-0.2732136702819022,0.46618552635160637,-1.1626844744679516,-0.30330293152335064,0.4924162738138948,-1.334634837416494,-0.3237237113474622
Hello,0.0,0.0,0.0,-0.2516419804554542,-0.22194389958572994,-0.0702631666529574,-0.4589607015678757,-0.5055525227242931,-0.12459705494232316,-0.618984488266191,-0.6869888557562114,-0.18193089276422242,-0.757285034295592,-0.8270792406945887,-0.24488306477553104,-0.1534671498920219,-1.0042063630645295,-0.07697501852897481,-0.22413778203507154,-1.3629008596146148,-0.1658984970410488,-0.2732098739567128,-1.5925249329482205,-0.2429957155766529,-0.3254674634681736,-1.7931425901823785,-0.2997245118469748,0.005032755066432809,-0.9932256784609846,-0.1160923038885788,0.09830481492820543,-1.3874168266898201,-0.19560300667678152,0.1048445431992438,-1.6483986593067779,-0.2617001662455278,0.08013166214054752,-1.8529737944434932,-0.30807862722596,0.12992060550477233,-0.8952498754479502,-0.1700820935781596,0.24138202216715562,-1.2321226743373759,-0.259619888017431,0.22851674040497608,-1.462314240385479,-0.31813205039807696,0.1881648732799712,-1.6615258472348349,-0.3545976404056998,0.22026537520051592,-0.7282562496130465,-0.2304714446251053,0.3734320463306097,-0.9639312888704745,-0.30816944455399004,0.42454936649580866,-1.145567706236244,-0.33917850933035065,0.44280988004895094,-1.3195575907940722,-0.3578798336815091
Hello,0.0,0.0,0.0,-0.2405475805896321,-0.21777447002442046,-0.06460501546389957,-0.43501736479480885,-0.5047219922695133,-0.12038733257792487,-0.5952017896054789,-0.6838368963608971,-0.17966598481048796,-0.7406290453405017,-0.8142374619215728,-0.2437288476639082,-0.15704368620273346,-0.9950743853810349,-0.07248053508321252,-0.2409938193480336,-1.3505828482750168,-0.15684846148837064,-0.2982677639592191,-1.5777057536113999,-0.23134381093633327,-0.35823016375149924,-1.770819754242246,-0.2893436268904305,-0.008185547774630158,-0.9932204500134609,-0.1159574684213462,0.08110629442841157,-1.3810397991342973,-0.20118202657053333,0.06489022684621346,-1.6356110105058856,-0.2705519749764367,0.010608748681806411,-1.824659082688667,-0.3180122003670615,0.10459943167550613,-0.8994107515042443,-0.17352513502803932,0.20377608462242164,-1.2490258404531063,-0.26604007444651945,0.1615789653767662,-1.4880725654258358,-0.33292248622783754,0.08797090436442694,-1.693148964900428,-0.37827490017638743,0.18291486712806643,-0.7290655946138284,-0.23661513960822536,0.32964919352116406,-0.9440929406164081,-0.3241310048881389,0.35620306641154154,-1.1280094448619384,-0.36942888348244984,0.3437951399468574,-1.3093411422116918,-0.4004455439716656
Hello,0.0,0.0,0.0,-0.2496473037997656,-0.24414052832189317,-0.050339314786732356,-0.4263942387049585,-0.5494626593607466,-0.10409482254369724,-0.5805471485498225,-0.7423663463785307,-0.16546281286311607,-0.7380963927473391,-0.8876960732630339,-0.23161629674356343,-0.18863447689236137,-1.0122704648538696,-0.06734272828509873,-0.2764715049326464,-1.3886122669446874,-0.1637027953006336,-0.3386988485136622,-1.6357273759717854,-0.24598937851639685,-0.401999070919301,-1.8407645195098246,-0.30830961384942335,-0.06848097060381811,-0.9903139959904321,-0.12078305349104758,0.0024833092683580514,-1.3863259867051063,-0.22168384964501076,-0.027574398453770972,-1.6612311108589763,-0.2970789592091394,-0.09032628535479478,-1.86705860102943,-0.3487287250296899,0.02982350340490364,-0.8755836207807521,-0.1867120102465438,0.1315990340960594,-1.221615480817318,-0.28679755232483195,0.0840172671522043,-1.451369358386094,-0.3437125936556714,0.005791538187387737,-1.6398636844410048,-0.3807706870073114,0.09873496384895508,-0.6872967328353841,-0.25803926034130875,0.23072656899103036,-0.9202527038746694,-0.3464309901543555,0.2394724273514183,-1.115140807789833,-0.38464537438407476,0.2159058967452773,-1.2997014306975685,-0.4096141104013816
Hello,0.0,0.0,0.0,-0.2568169600389907,-0.11253400943184273,-0.08604785857240756,-0.481078343617312,-0.3039417058074028,-0.13021306249524026,-0.6048893556522755,-0.47679208205900153,-0.1704220087426977,-0.6191021457806766,-0.6824143342731823,-0.2045755713450061,-0.37860682244247634,-0.8953848838516618,-0.027125800461526545,-0.5058889264843244,-1.1890831161045388,-0.08881644621485286,-0.5692223034994665,-1.3778428357206292,-0.1501717311779369,-0.604948801229672,-1.5450555935257773,-0.19513494415599797,-0.21313299491869148,-0.976210857728289,-0.0398332490563781,-0.2649112699711107,-1.36163847160693,-0.07572872617424922,-0.28797909685128376,-1.6075916052342085,-0.11928685685217293,-0.30135140891510975,-1.807924672485292,-0.15240060925963606,-0.042213128507292974,-0.9643099708475424,-0.07139557213463553,-0.09354762172449542,-1.3053863282853577,-0.1165906909179573,-0.13198154179156715,-1.5191882330922772,-0.1522373638319808,-0.16927569591182554,-1.6976247279089187,-0.17852062259347823,0.13150156289684664,-0.8766807154944292,-0.1134824339684055,0.14790795368818244,-1.1406435047925267,-0.15086747618294122,0.1469921386542338,-1.3000506462864752,-0.15892657307114869,0.13629634899842932,-1.440371490303145,-0.16362010672732072
Hello,0.0,0.0,0.0,-0.26859682002883395,-0.18786765884868645,-0.08216541060560321,-0.4827929283355621,-0.4115601834392668,-0.1335025173369383,-0.6395614764603388,-0.5703249676889159,-0.18665507593705916,-0.7431306247241003,-0.7488819715027603,-0.239094329470833,-0.2487965117616038,-0.9386651189063665,-0.04328550797108876,-0.3705543639430757,-1.2461119796121742,-0.12750121394520308,-0.4521841603680483,-1.4327176613270076,-0.20598941215229616,-0.5230244637067503,-1.5880860270643513,-0.2596109935005979,-0.07344375003278591,-0.9950255281292901,-0.06730686407900024,-0.0487879885782177,-1.3955518838664713,-0.12832127594557202,-0.05735085696351634,-1.6439665530606655,-0.1876342971156809,-0.08153217414696427,-1.8344776837374193,-0.22947698359009802,0.08385028486846971,-0.9570966233755233,-0.11091054313711426,0.14759316967517463,-1.3191433452505736,-0.18223219403659568,0.14168702185567303,-1.536041359291777,-0.23420505713718492,0.10798836932879968,-1.714898202959504,-0.26579166911189855,0.2229221453566978,-0.8398776492798482,-0.1636373988749204,0.34794420759397265,-1.1216668650379282,-0.2267084506508822,0.3823362572154992,-1.31060474297438,-0.2516169840752933,0.38193070638057336,-1.4827706951678157,-0.264096388524086
Hello,0.0,0.0,0.0,-0.25458715918434643,-0.20535007031519628,-0.08671957605567943,-0.4727544480838796,-0.4410426325024217,-0.1430291490186836,-0.6415130400106343,-0.5969393332591331,-0.2014231986285292,-0.7669599257320948,-0.742725865167792,-0.2604279892214667,-0.1848156625500703,-0.9538596733628971,-0.05019478733429519,-0.29616072045431824,-1.2603426212504656,-0.13882353321992497,-0.37558830544656946,-1.4428884261377808,-0.21984541367610871,-0.4456234792940397,-1.5968828646854616,-0.27492708639365643,-0.015134745164766613,-0.9972618143148653,-0.07238655398774517,0.03471032670009566,-1.3763251838599104,-0.13715189493706542,0.026002168819306205,-1.6163843551030337,-0.19400603421066112,-0.0024834144139371734,-1.7933188473955144,-0.234068780208778,0.13038375122965376,-0.9479519962970345,-0.11516739018397244,0.2104770667064572,-1.2877971938928618,-0.1898183027683372,0.19246557045848442,-1.4911137081800614,-0.23754678956538153,0.1467502612271311,-1.6523444246276486,-0.26461883616805293,0.25385278545834283,-0.822643759027553,-0.16821931187463052,0.3893079647409397,-1.0838726966099503,-0.23236706794624987,0.41946032572990116,-1.2746663138302263,-0.2582217014653533,0.4103514765468301,-1.4462161251821883,-0.27138150634624925
Hello,0.0,0.0,0.0,-0.23563597947041226,-0.22230243349325363,-0.07508311146761827,-0.44192424310221046,-0.49409177584247327,-0.126162715050717,-0.6102859759545352,-0.6672759033161665,-0.17958080487425418,-0.7384964648311974,-0.8024060851143081,-0.2345235506889295,-0.12714806145626006,-0.9708634473479504,-0.05076131389041757,-0.2266765568635382,-1.2991629331299936,-0.13463713572045896,-0.30186853428287697,-1.4921629417327038,-0.21015417289039826,-0.3784869037294018,-1.646669191356912,-0.2593771119134831,0.04240405938661798,-0.9962306072415317,-0.07567346260549586,0.12765090011465793,-1.3828646977199397,-0.13515204741772502,0.12355425201056468,-1.62633355567323,-0.1872891503022529,0.08248845828832081,-1.8043428061386573,-0.22085936032807799,0.17979305901051976,-0.9318585281814354,-0.11838304831612748,0.28349432405509406,-1.2607261970921348,-0.18499298790711233,0.2677939167856937,-1.4820325025648728,-0.23160051109764057,0.2163671365997175,-1.6628437893958705,-0.25695269905884005,0.2886626760388329,-0.7994586266082462,-0.16969677165507513,0.43902343972940194,-1.0458437032269112,-0.22592961034485526,0.4849910236506561,-1.2283040171069357,-0.2457158204461452,0.48976267058322265,-1.3937313876309538,-0.25333399323355765
Hello,0.0,0.0,0.0,-0.2119013091503762,-0.24166075063760245,-0.060958181018479655,-0.38742930134296183,-0.5173192087958637,-0.1120668485244117,-0.5463882626391874,-0.6911039244900677,-0.17067777498929043,-0.6762819858943059,-0.8300094823515795,-0.23260988030843824,-0.05235498687009614,-0.977345782653357,-0.027347743353142603,-0.14692010530286762,-1.2950432063891493,-0.1119645032578166,-0.2243907023625936,-1.4907191793999601,-0.19345518423137625,-0.30272803164008905,-1.647404195132396,-0.2471615272355808,0.10032125607650538,-0.9929905717413975,-0.06249295969887016,0.19147668267144782,-1.3604671795724335,-0.12428334373881723,0.17980659670659366,-1.6107100782311103,-0.17715990307439425,0.13040694865325053,-1.78241518171727,-0.2108957341331079,0.2174453972137879,-0.9245912267797232,-0.11562224779197129,0.32520883039915993,-1.2565886418795071,-0.17838055094775293,0.3044396914915332,-1.4715472262772797,-0.21553806636554776,0.24966494090151334,-1.6396387650643236,-0.23556172698476982,0.30046308046723863,-0.791280997754246,-0.1780976194342912,0.4494292734301048,-1.015008431924405,-0.2310137166133714,0.4914865003468151,-1.2010713089224077,-0.24837994354603604,0.4954753764496631,-1.3766320079911356,-0.25469817951897084
Hello,0.0,0.0,0.0,-0.17706531015703048,-0.2716029128281187,-0.04153513542594911,-0.30926083558936296,-0.5606863345261209,-0.0887978507586287,-0.43935962160101083,-0.7428404345487377,-0.14812959836626038,-0.5541270292191048,-0.8939185467615803,-0.21410524672072517,0.023703523945377045,-0.9862448902961105,-0.014329972944059764,-0.05426204721863603,-1.297808189346649,-0.1113001606034136,-0.13986738635032417,-1.4864952619990992,-0.2083035887674974,-0.23420365376045182,-1.6284456728340753,-0.27214606740244063,0.14675969030421515,-0.9872626756990999,-0.061432910343437355,0.25733663636686704,-1.3487065113538965,-0.13403832448878647,0.2321746661237689,-1.601732269026954,-0.20070472559653998,0.16272771602840863,-1.7845477032650694,-0.2452509235492156,0.23484633566294583,-0.9036549170005796,-0.12515506613019836,0.3695911934050432,-1.2279209898046382,-0.19164386738816297,0.3531867584162881,-1.4499125902228214,-0.23982234614341835,0.30105381786737395,-1.6304819293868555,-0.27138814574993153,0.2790794730570042,-0.7541977730774461,-0.1966711971966525,0.436043624367016,-0.9566497041297909,-0.25120217716722043,0.4787480949908657,-1.1399976893340573,-0.27452902039445837,0.4889794372712865,-1.3196411331665214,-0.2890090441337802
Hello,0.0,0.0,0.0,-0.1779543034581729,-0.3198433550492824,0.004185651998459751,-0.2719596362981506,-0.6197555358323262,-0.02614961560996882,-0.3758403432574368,-0.8072499357603488,-0.07538118546595514,-0.4715299333926425,-0.9605867658703664,-0.129387330894154,0.01722647007647155,-1.0155447587138524,0.006804071660469382,-0.06371455696908472,-1.35385185110846,-0.09842541130223219,-0.15936452082719593,-1.5593105848754474,-0.19663204288585862,-0.2737624913872358,-1.6948521251583608,-0.25800668224438633,0.09335641742287752,-0.9936449172770695,-0.0628836838568753,0.2182868276046859,-1.372725341021188,-0.15132526168460683,0.1660341010258194,-1.628378623776252,-0.22244910692291756,0.06697065658905992,-1.7992912534835102,-0.2671845214718617,0.13887773556935618,-0.8988147395911892,-0.14483212029512077,0.2961490896462004,-1.2067075401660883,-0.22038704750267854,0.27150800915424417,-1.4407238919965812,-0.27199177203608,0.21599047079519018,-1.6130463459523812,-0.30355447060344537,0.14716159474408333,-0.7522677736982094,-0.23016330323473344,0.29823410631119224,-0.9665003553925067,-0.2855753471699269,0.31238349760817924,-1.1632518471021935,-0.30984566903736627,0.29759390305430433,-1.3405014492141651,-0.32554333064497776
Hello,0.0,0.0,0.0,-0.17045689369324238,-0.40352195969996496,0.13115863710009926,-0.18885876441478877,-0.7021045823969817,0.14004939089958643,-0.2767520631316377,-0.8754787110944788,0.1074878868280159,-0.3766216393916192,-1.0448706817135576,0.060587348031196954,0.018756602776284853,-1.045787024394302,0.0750608701832431,-0.03438487589934764,-1.4135762717689029,-0.008698320152680216,-0.13019538700838762,-1.6282683980700188,-0.08017781846148428,-0.2420647926938245,-1.788934396288501,-0.132229859024949,0.06060771613593885,-0.9960323645494837,-0.06516313002572624,0.11079067132225687,-1.462707679024105,-0.1492723263659277,0.028718467470869948,-1.7229080026344428,-0.21182869725922185,-0.08906565908136155,-1.9149490334206125,-0.2606305962348891,0.06601447233090718,-0.8934012573961594,-0.20470517966675938,0.18145765808584424,-1.3541006451863444,-0.2754033690398747,0.12491424085247421,-1.6239723602759528,-0.3231509759993713,0.033127903216860516,-1.8328763934232566,-0.3696198211506825,0.03035343332643902,-0.763471774046836,-0.33453464020720575,0.1465374857006167,-1.0091452384876758,-0.4138873285602577,0.1622774121917283,-1.2278227212709825,-0.46167809579793073,0.148653665941917,-1.4374818684725121,-0.5045994750198678
Hello,0.0,0.0,0.0,0.013052476137828381,-0.41514381146508655,0.0862004857465762,0.027325101920934184,-0.7801292731159514,0.09042029692809848,0.026442871569479724,-1.0346049949761715,0.07160448746851612,0.0030608482376463996,-1.247369147419036,0.04717895802469824,0.11416933019168587,-1.0202830892960497,-0.017384278881598037,0.09515965284456185,-1.5434369306536742,-0.12557246145061637,-0.01049885025483291,-1.8597014014377726,-0.19451665786020694,-0.13176311196113505,-2.066060540924243,-0.22899410580992002,0.09526611115867274,-0.9891320129315367,-0.11199209373303852,0.056556494492286315,-1.5629457601284116,-0.20182819770264723,-0.08971654226824687,-1.8961422540648893,-0.24442489502637738,-0.231584265308088,-2.1190240673152867,-0.2692343397654577,0.011727928661938988,-0.9070543698216211,-0.20341833291619957,-0.03449008987451373,-1.4595427996325019,-0.2733624326020658,-0.15566162982336443,-1.773636207636571,-0.31159103368830315,-0.2720786040984561,-1.9874498330082193,-0.3382386443421183,-0.1276483264137908,-0.7884946644146104,-0.2862297227854287,-0.13980964343833607,-1.13271697726077,-0.3545758745911425,-0.18774747886855442,-1.3733314832098351,-0.3864184363398714,-0.25015883722302334,-1.574057260810257,-0.405048598382538
Hello,0.0,0.0,0.0,0.08732733833426215,-0.38426963352914095,0.08613940949489764,0.07424603112215823,-0.7608983421445976,0.09445701373112286,0.031013525444492637,-0.998201717360053,0.07883493388017004,-0.040690893436405993,-1.1912949075972898,0.05487319891770286,0.06494866617581109,-1.025046792800049,-0.006108726076775607,-0.015031517592439961,-1.5275831235524808,-0.08318047367658002,-0.13751380321665016,-1.806279159048017,-0.13344631366591392,-0.27276914633437627,-1.9738741771041401,-0.1560245698752605,-0.014499642034166494,-0.995501797330124,-0.09362655549241213,-0.08695087469047512,-1.5454257305670962,-0.1375757397547711,-0.2290803795909927,-1.8400733672357639,-0.16172875826765448,-0.3666289332978386,-2.0279658892041716,-0.17733846529505817,-0.14073852000129425,-0.8967947996300552,-0.17494042003846713,-0.20067957618714166,-1.4147828714952566,-0.19490914167979714,-0.30625896596911245,-1.6837984822427974,-0.21415697164170228,-0.40223563696033104,-1.8658831676553456,-0.23588950187307656,-0.3076702219876166,-0.73898011398124,-0.248708993904707,-0.3522866337609472,-1.0383219627005134,-0.26936926638912184,-0.4201945615879628,-1.236890929253962,-0.271228357283881,-0.4923256392651534,-1.4021217878034824,-0.2716850205543466
Hello,0.0,0.0,0.0,0.20978198699956618,-0.34877766851923325,0.0070344833723975245,0.30701643021888664,-0.7529447733583289,-0.004806101585540034,0.3159781654986787,-1.0646032547092141,-0.01681129703969344,0.2851035010269686,-1.2986885020242462,-0.0372053025061467,0.009020925068385753,-1.0614322537468415,-0.12088177287885914,-0.08725812139380325,-1.5993087566135726,-0.17988910142511655,-0.17553584541711081,-1.8963321447276784,-0.2046138172797745,-0.264520168442105,-2.0941457558302425,-0.21642080068118305,-0.1624706192004059,-0.9731725876251388,-0.1629061465741192,-0.31629618521027547,-1.5262317728745378,-0.2176769952622696,-0.4588439228567365,-1.8199412016385657,-0.24305511873020635,-0.5842035478256337,-2.0048164934440367,-0.26094644455290583,-0.32133233332452105,-0.818109553746958,-0.19653597866291228,-0.4563118037650321,-1.3323547843218342,-0.24517629515830558,-0.5686179067127091,-1.6235053415473355,-0.27765913698995354,-0.6583807259402241,-1.8291988858613262,-0.3019092268173605,-0.4749729730457334,-0.6140161401585096,-0.22337693846328663,-0.6323007687501909,-0.9356604738940925,-0.2773177506880856,-0.7289607031740084,-1.150863509836556,-0.2971876289567644,-0.8007321675081285,-1.3311552714874517,-0.3044839826211874
Hello,0.0,0.0,0.0,0.2570369772041379,-0.35977669343956803,-0.07431484159312854,0.4024139366151123,-0.7614155189145312,-0.12833269318529053,0.5007504053839318,-1.094159523628716,-0.16999490714383902,0.5201025616779977,-1.3539284885870198,-0.21674987912909102,0.010782706098087456,-1.0651795469690055,-0.18121087223199664,-0.04364546926617831,-1.5784178715210588,-0.24871651337381995,-0.10025703415319226,-1.8775915942592412,-0.2879658480874196,-0.1605031802169509,-2.0990526049218254,-0.3151950261507032,-0.19762677537954226,-0.962373967507511,-0.18649397930479109,-0.3400218125985417,-1.4622371842329553,-0.2505619412353796,-0.4550922565317731,-1.7685909417609558,-0.29976133882878037,-0.5498519905849258,-1.9774136796140573,-0.3407746369244462,-0.35379618675976404,-0.7997068895101317,-0.18877692997505338,-0.49150880446086403,-1.2605951099355528,-0.24581183114057353,-0.5789679378664633,-1.5547121402650035,-0.2957071350220158,-0.6437025291737462,-1.7732019963513297,-0.3352600064648038,-0.46416094683748865,-0.6157372234549529,-0.19256540160124158,-0.6155344464582397,-0.941378374391247,-0.25870070645161436,-0.7034069934307813,-1.1555357191726068,-0.29423639267889823,-0.7657315251151142,-1.3370519407590273,-0.3146150485720229
Hello,0.0,0.0,0.0,0.24581098030517612,-0.3629880074321343,-0.0684711375620791,0.4067655378842935,-0.7218931307712986,-0.13927163313529864,0.5152621670501655,-1.050475587767549,-0.1995854990419657,0.5394683116991635,-1.3232610500076678,-0.26576694607958234,0.019474332500220584,-1.0482501617128623,-0.2049892082706743,-0.02198844576811244,-1.5625467411248553,-0.28885120168234846,-0.07821105325720275,-1.8589258922185055,-0.3369923637696023,-0.1370865540556508,-2.0809722585856725,-0.369874733705834,-0.20463287111967177,-0.9542048929896119,-0.21821642983974215,-0.3529040456218353,-1.471406580663827,-0.3021568154296274,-0.4574987611051567,-1.7740580332752212,-0.3596208513436511,-0.5429622306050217,-1.9780840121645626,-0.4046432681310197,-0.37375783318900957,-0.7953422359018999,-0.22557766400745688,-0.5557998480710433,-1.2344714958169023,-0.29487934382591546,-0.6537077764339353,-1.524310985179294,-0.3454537736251682,-0.7205963564640155,-1.7522097584398588,-0.3864094174769419,-0.48516853413871297,-0.6163101097588299,-0.23305859209734905,-0.6709350467928265,-0.9079181946607934,-0.3080992052619379,-0.7693650230177137,-1.1038091595159232,-0.34447257709591783,-0.8324543062333205,-1.2902125458347147,-0.36483383460501667
Hello,0.0,0.0,0.0,-0.5179533349632591,0.23045703547599589,-0.11590141061649199,-1.0781279225832694,0.6361117430222397,-0.24921809943657505,-1.5469854776145255,0.9049269918014469,-0.36131359753222553,-1.9448209327227532,0.9996654767280316,-0.4921564443865244,-0.7365089792076792,0.5738711260676224,-0.5840787532955645,-1.018604590436317,1.0278558948843577,-0.8200668143742568,-1.2434587788920197,1.2008772544756487,-0.9434653977644775,-1.487446334167778,1.3193496297734202,-1.031870539502998,-0.3965857977351266,0.656425875123431,-0.6417357520843224,-0.4759997450244698,1.122645766535277,-0.8834428097092587,-0.5749248362611183,1.450359236430247,-0.9897051204986486,-0.6529999052713732,1.6995803319382239,-1.094521897321492,-0.05156403676789293,0.6919623361024733,-0.6862946065951737,-0.038226076012065444,1.172492583207553,-0.9127148195922017,-0.10207323396373312,1.487522567220362,-0.9852716743877639,-0.162360590704362,1.7421370100263451,-1.0540720043449245,0.26020938417637857,0.6994190580237563,-0.729038126248286,0.34245920102185073,1.181114823799455,-0.9276399101511346,0.3888614130958817,1.5365652663601952,-1.0109022148727793,0.4178265849421736,1.8601497282514983,-1.084467040030287
Hello,0.0,0.0,0.0,-0.5139409433570473,0.48464609370348055,-0.1513897519801023,-1.1218787155587775,0.9851735961985156,-0.2793658031648387,-1.655770111102054,1.2794106588170844,-0.3854032255768154,-2.0684616840021173,1.3970444497425027,-0.5107520918760793,-0.7354819633992912,0.6654923988485365,-0.582337839377176,-0.9864104850939435,1.0188010734810855,-0.8290879623270356,-1.1821324814589689,1.1298984646466357,-0.9948342850272035,-1.3924855433044474,1.230544221091364,-1.1164695414867551,-0.38027193520635383,0.681229784235951,-0.6255551425448074,-0.4683261932738435,0.9144743112209901,-0.8665228863540853,-0.5587618829155218,1.0907479497301429,-1.0072595907926583,-0.6266907813930283,1.2878007101181352,-1.1508477904530086,-0.03510073579880521,0.7151428620694059,-0.6543802343329598,-0.01865515889549184,0.9633762196789405,-0.8759986937108691,0.0018695522142511984,1.1590517371534577,-0.9471730112963174,0.035035909977833464,1.3859084745153847,-1.027710608398372,0.31090341425179546,0.7826173682357614,-0.6907885711550218,0.44669455069279046,1.0556368173374082,-0.8817650575100671,0.5472981091974521,1.288891129352028,-0.951568247825528,0.6565938317914668,1.5227820798537381,-1.0208852444837007
Hello,0.0,0.0,0.0,-0.509902557207955,0.2805882644203094,-0.14179696165575661,-0.9953005735265746,0.5820561333521462,-0.2728300399172619,-1.3570918148810467,0.7854608505257827,-0.38830410915194985,-1.6606470395839172,0.9582377940523216,-0.5336823918032549,-0.8433004388913212,0.5273287126234433,-0.5794835850822412,-1.1165674783019643,0.5388998713819891,-0.8774678313800971,-1.316140942241166,0.5423005923716454,-1.094321601890067,-1.5448000036517862,0.5369808585561049,-1.26203737281998,-0.5927098714340373,0.44056533918634966,-0.6742382295689436,-0.7754804842244892,0.5212703015744454,-0.9630579439821569,-0.9461202463381829,0.5448581474032689,-1.1530782481241888,-1.1302105130204958,0.5881527601846693,-1.3316453665989056,-0.2803345406423471,0.32007194121927574,-0.7578979008908687,-0.29940760283013756,0.4461603233920914,-1.0355580623025877,-0.32724127058303115,0.5262717317753068,-1.1613720406373689,-0.3578027712890786,0.6219108418721747,-1.2789692627061395,0.05777017108786909,0.2000052055442184,-0.8459043152487369,0.25369668829292863,0.4163254063171199,-1.1077615850246143,0.3421609059689456,0.6160348023470886,-1.2191619242971197,0.40837434649542925,0.8069202223354757,-1.3184840200632262
Hello,0.0,0.0,0.0,-0.796855494197427,0.12009950993950308,-0.07581126200456972,-1.4462954185009738,0.21093396264021355,-0.19004476251026853,-1.937876390676278,0.4246086835165008,-0.3199241940185715,-2.3819308214445982,0.6502685399154838,-0.47321113358786165,-1.1291905505293265,0.14250898612208368,-0.519490106354134,-1.5187393957225168,0.04221947032682333,-0.8360071041040616,-1.791417813460973,0.017852397439095547,-1.0382671688865532,-2.0326997461078404,-0.07668779135265757,-1.1976952081761696,-0.721413390362196,0.0005853748540964099,-0.6925044242042083,-0.8737963542173329,-0.33426501204183756,-1.0524855432610656,-0.9759574725104231,-0.5323004578287767,-1.224271717947617,-1.0649270794010215,-0.7050978322567303,-1.3676910909591316,-0.27184734514916714,-0.1332406533062802,-0.8600430992936173,-0.23428937510328574,-0.3483066376080956,-1.2327773896372742,-0.29379429534524765,-0.5073535382859943,-1.3605415939871954,-0.40540679126685975,-0.6445142989572727,-1.4588682920004357,0.17913330477423314,-0.18929597734613776,-1.0251078285312636,0.41070157746026065,-0.2838373946265669,-1.3853668931510574,0.4488043822339317,-0.3323620830827707,-1.5140246694516573,0.43112458745380894,-0.41132442121897395,-1.6044747587578758
Hello,0.0,0.0,0.0,-0.520841576289721,0.32531652796999583,-0.3706022264541771,-1.1525955556043852,0.30815531078250225,-0.5707794357971023,-1.644307995125981,0.4441231405503027,-0.7299840994667458,-2.099954075048488,0.6121022383106868,-0.9064138647732622,-0.8108507555321854,-0.3909321799872869,-0.6388237441768638,-1.131114244649998,-0.8204823738650838,-0.885670851699559,-1.3388895919015884,-1.0730821849017136,-1.0441754240353545,-1.4966564869706587,-1.3424152998012755,-1.1804621718012103,-0.422701408535956,-0.6347167903537606,-0.6468833861406083,-0.470067907096056,-1.2147621455458952,-0.9228779773315843,-0.4619813072134782,-1.6423480962442327,-1.0906770970439292,-0.39209521054599383,-1.9612356842154852,-1.2320809620532098,-0.014627250393896871,-0.6482815496502689,-0.6699369837711289,0.09669661968570087,-1.0713171588030144,-1.02718153988649,0.1926112657833704,-1.420742366921787,-1.185985946341109,0.3173708074560554,-1.6904739159828694,-1.2910918075911957,0.32411936364355737,-0.46714667719219616,-0.7055677499479165,0.6036662327693298,-0.728005929098917,-1.0801837562292995,0.8013392260003062,-0.9089800625416723,-1.207167345599928,0.9812763135179817,-1.0518708410193849,-1.2886902643010483
Hello,0.0,0.0,0.0,-0.37884273460861306,0.08669114328291934,-0.1889829691964375,-0.775629598592861,0.07033010932477025,-0.33814552409600146,-1.1267624482495622,0.16183959687324412,-0.4822709964501637,-1.4246306142732346,0.26346013006348157,-0.6492616960063825,-0.49478780476386813,-0.7039378557546756,-0.3120077805319116,-0.737310021518407,-1.0811622515460153,-0.45261364576252294,-0.8816927052049718,-1.348811583562627,-0.5662996258979476,-0.9899828136739307,-1.6201986210053603,-0.6608442131220478,-0.18358667959082345,-0.9173133046227194,-0.35331605148784595,-0.22437186586393074,-1.5051489237095736,-0.44109509660812746,-0.23563641845549893,-1.9092621284902063,-0.5321754421846945,-0.22228107498464,-2.2757744357947565,-0.6285735226672184,0.11327847832538061,-0.9345351824337883,-0.4086661085181035,0.1936358111518791,-1.4694861750907287,-0.5456079996581286,0.23046992655150214,-1.7995606171121863,-0.6398329554405742,0.255146497810885,-2.1069795063472156,-0.7246662595728663,0.38211370311862874,-0.7948822582511498,-0.4778619697441355,0.6061850475600463,-1.0856364964014815,-0.629218619761979,0.7575568784342174,-1.301780695332568,-0.6758379579536402,0.8838430288541739,-1.504532164213291,-0.7155913817914119
Hello,0.0,0.0,0.0,-0.3435053086255449,0.176301316883079,-0.2311221301493708,-0.6747993839848698,0.23048200898701557,-0.41053370008019374,-0.9656571692864722,0.2915272646379276,-0.5771982405174728,-1.2463370356816585,0.35559739726411377,-0.7635881723896303,-0.4624967503268176,-0.6779425327333801,-0.3613309785352544,-0.7032177780293009,-1.065340198472945,-0.5213085540223155,-0.8380790222773769,-1.3581551415866402,-0.6537637205219701,-0.9389421506329653,-1.6488614866472353,-0.7608595203814558,-0.19338525992118413,-0.9036354077587493,-0.38215859415940795,-0.27209490679619386,-1.512076689482045,-0.4939643164423763,-0.3002204581843835,-1.92679949911122,-0.5965521505686561,-0.3102643939380928,-2.2975426661848726,-0.6998765647144163,0.07202576419194472,-0.9447141186659314,-0.41979394895271166,0.11000715120740547,-1.5165472315822066,-0.56203714120227,0.12264390100095082,-1.875772430008774,-0.6588064732445825,0.1199367430327463,-2.203934703726984,-0.7456250467419898,0.33167027561220136,-0.8408396425785017,-0.47629659746082137,0.5324603959632623,-1.2285236045661951,-0.6162355631615118,0.6649719161260871,-1.4791414920534558,-0.6668838680012372,0.7635215438546479,-1.7093182202088157,-0.7131848668735226
Hello,0.0,0.0,0.0,-0.31890979785701234,0.1393338546367004,-0.21068900307541905,-0.6270719922854685,0.14815650839261127,-0.3635934143452807,-0.8759480583437955,0.1713507009808964,-0.5048244810004238,-1.1087884230487337,0.2216922943595604,-0.6617622905868827,-0.4006236212673845,-0.7271380343738781,-0.2963465550362307,-0.6053272190888878,-1.1184251660732367,-0.436677006418652,-0.7244717372494162,-1.4026239618934642,-0.5577183738558505,-0.8171664795964058,-1.662064616064737,-0.654123577610788,-0.16505040841412608,-0.9352084562308633,-0.3132786396749956,-0.2319249012023294,-1.4977023529757967,-0.4145219964601773,-0.2596724219811048,-1.8861778973794212,-0.516508393492114,-0.2703178773265296,-2.2210098342322504,-0.6122299015542747,0.06918056314980445,-0.9758873826396842,-0.3483565671060397,0.10296526779637555,-1.4987278965149617,-0.46600646825001235,0.10658920320019369,-1.8372613471453507,-0.5685745096227337,0.10332123838910592,-2.1385653037953873,-0.657261922695175,0.2962097079284193,-0.8864416458004739,-0.402223333395267,0.4650782878741359,-1.2347221129542008,-0.5153984036683148,0.5720644756701354,-1.472690388817243,-0.5722465204027983,0.6578955632949032,-1.694793790518951,-0.6224086775180072
Hello,0.0,0.0,0.0,-0.2714687838399205,0.0915002764701268,-0.1853183291053475,-0.5387085861771412,0.08441120086716852,-0.31909132952291513,-0.7594974759915225,0.08871318969799848,-0.44034231234880916,-0.9638920579421402,0.12075251968945246,-0.5716181339315549,-0.4148061845279661,-0.7547082913284553,-0.23702006555605115,-0.5984471526272566,-1.0956126478528372,-0.3616679905022401,-0.7052690415697601,-1.3349889472431036,-0.4702023095540608,-0.7941128759602022,-1.5511132131428502,-0.5545799286513273,-0.22807233141810723,-0.9418361598649115,-0.24683528842616065,-0.3077063554064405,-1.4370909764635056,-0.3383849769284019,-0.34467432046184193,-1.764035243143623,-0.42585732222981904,-0.36787271918279235,-2.0465162858507613,-0.502289630656495,-0.029529222775609088,-0.9789022685434354,-0.27520756119102224,-0.038205567350240166,-1.4485457622056181,-0.3772938802270543,-0.044623487866527846,-1.74704871136154,-0.46455120613882483,-0.05622364784974161,-2.014077176696279,-0.536305041673052,0.17423102795998266,-0.9010329085258282,-0.32052075617085907,0.2894241036538363,-1.222902845693317,-0.41775242810678603,0.36198954532430044,-1.4447188013190038,-0.46721049006077786,0.4187178403193631,-1.6538510145123861,-0.5074346059663547
Hello,0.0,0.0,0.0,-0.24909673951474326,0.0749122183611027,-0.16186032789424817,-0.4849988471148325,0.06894017114985497,-0.28236770152045343,-0.6805838189256369,0.06456258052323144,-0.3911617853378879,-0.8661258992178401,0.07888601619186927,-0.5047961153803964,-0.45393319166519935,-0.760985973492955,-0.19249954282313375,-0.6447980725650518,-1.0730201906905412,-0.3064679489766558,-0.7653133383115205,-1.2811658709402833,-0.40589252535252235,-0.8633583720653504,-1.4706539404237633,-0.4814236278230868,-0.30106342515723367,-0.9326069921042401,-0.19901008092776715,-0.4138121351604803,-1.37377020113026,-0.2832716419197873,-0.47346053181958614,-1.6547031507939682,-0.3640325066544018,-0.5194534676810642,-1.8941053161878016,-0.42978422574765296,-0.12969949458041544,-0.9719959436101462,-0.22344584103822204,-0.1853931054377936,-1.3993443596847266,-0.3139646119419724,-0.22447985081046865,-1.6638414102442687,-0.39283761056918254,-0.27014135309108867,-1.892797813548933,-0.45464373064339464,0.05399189237757904,-0.9127293482207702,-0.2623306722778669,0.13241055316904324,-1.2296791680906194,-0.3486177237666031,0.17048285072359556,-1.4411637295297155,-0.3950030310184333,0.18886691528099872,-1.6351480020000917,-0.42930016388143194
Hello,0.0,0.0,0.0,-0.24763135890044433,0.08544193637201593,-0.1465984275661726,-0.47341622410082707,0.0539751803411885,-0.2378068741889372,-0.634783661308728,0.018891744571243548,-0.31774917414225856,-0.7807301751311819,0.011023455016434409,-0.3998359114593664,-0.4990759168885644,-0.7479164543302791,-0.14114970420285658,-0.696934992960399,-1.042491442206573,-0.23629557498486028,-0.8303301555847811,-1.2367018275972446,-0.3251937362489902,-0.9411929552812723,-1.4081233449896335,-0.39319447605295726,-0.3688320227415585,-0.9180255230987985,-0.14557499077639668,-0.5098137786307485,-1.324347230206069,-0.2166935528424777,-0.5998744764059182,-1.5864540762775439,-0.29025603725160826,-0.6704224173341596,-1.8077075142753536,-0.3485762332497073,-0.21400845715583222,-0.9680170112914162,-0.16900601740909005,-0.3058261381152788,-1.370965182641107,-0.2503229959535078,-0.3742752746693999,-1.617820206607941,-0.32312200199759966,-0.4391255462695419,-1.8335659532597914,-0.3785975560691669,-0.04358303677309693,-0.923855689891365,-0.20663837663116943,0.002175073922994255,-1.235261891917228,-0.2841873193517976,0.021261389350671508,-1.4423569598372723,-0.32601638266505995,0.02949683049294282,-1.6366511999783022,-0.3559357227985025
Hello,0.0,0.0,0.0,-0.21682036039092398,0.0855357391651519,-0.1233584914169543,-0.4379360555890035,0.04239980425143769,-0.19147836674773078,-0.5842164818362051,-0.026874139374332914,-0.25011695384926186,-0.7234377097047556,-0.05183703789711362,-0.30790191992420907,-0.5677745780090838,-0.7197957493817942,-0.09684366497846954,-0.7880795105173983,-0.990458022799414,-0.16676179178246595,-0.9318915719587696,-1.158036667164266,-0.2366911753544461,-1.0514683282966397,-1.301450369831607,-0.29196319706839796,-0.46511670952641676,-0.8797075364430744,-0.09889942792845526,-0.6522393062705345,-1.241255784132983,-0.14324393351609407,-0.7514916409822657,-1.4658549498687115,-0.19569917280049856,-0.8213254625116683,-1.6480534163194624,-0.24039377419974195,-0.3254394276448733,-0.9368215543945133,-0.11940456026875529,-0.46576856933846633,-1.2978289264313314,-0.17375828617676708,-0.5584775203855175,-1.5208377552639618,-0.23426998914348343,-0.6391170129945098,-1.709307584031969,-0.28516903189068543,-0.1566297679188632,-0.9162122367077216,-0.1536886220780401,-0.1495003438316898,-1.1982923841462858,-0.21094205871551622,-0.15986758617415128,-1.3904067894891405,-0.25109464029423545,-0.17447288117720888,-1.5710295149683684,-0.28262157710185004
Hello,0.0,0.0,0.0,0.015492887315635227,-0.48208858727020903,-0.15877742745327683,0.12449804858195147,-0.9279966279527923,-0.274346895290073,0.2063149095525115,-1.2996985259894396,-0.3777719247644866,0.24699884395795313,-1.6392817149556005,-0.4870037969496294,0.7246244420734901,-0.7896932221770532,-0.21990455827739244,1.0672373535883144,-1.0240901638538173,-0.35922535034233605,1.2950907749585023,-1.1503561855096658,-0.4660104013037153,1.497142208052394,-1.2416047168273434,-0.5464893223383166,0.8165941249657077,-0.5203670293474059,-0.24978428661476296,1.2369167000314756,-0.631956287557971,-0.3658871209024893,1.5217889363124737,-0.6868134196163513,-0.4584984205011828,1.75974273221708,-0.7173413427319923,-0.5284079084004563,0.7965128000151118,-0.23845948794237953,-0.2978066027428463,1.2091794740408977,-0.2611759397275111,-0.43366551287575944,1.4679764995080216,-0.2892016263479052,-0.5256977428210023,1.695790939712018,-0.32123882934362796,-0.5912374862870047,0.6884268855224354,0.054468737893419265,-0.3570576209794687,0.9432056615037069,0.21178113217525388,-0.5005689770035425,1.1239304985743077,0.2820485823517915,-0.5665268820705067,1.2914538321528488,0.32319001389862434,-0.6069068076764356
Hello,0.0,0.0,0.0,-0.009874737501536767,-0.4802366300868146,-0.14194304727725668,0.08203412222788457,-0.9440665760340696,-0.24965143877894339,0.14607820691034368,-1.3084511245296095,-0.3468048278230674,0.16409700718932718,-1.638817952969548,-0.45138904277453334,0.6716536742107182,-0.8499843760957991,-0.21722772661740097,0.9989307887659491,-1.1047639684228536,-0.353131730370413,1.2184174547221551,-1.2508700611541468,-0.45486442282444906,1.4106917686121057,-1.3600616407189963,-0.5304714333166543,0.7711779937971964,-0.5841332359391587,-0.2531261830672179,1.189751181551045,-0.7191367381345258,-0.36441047072656696,1.472858208017294,-0.7997446496959836,-0.4543467813116651,1.710881052691485,-0.8559035362030183,-0.5231563598736312,0.7620135555085259,-0.3033661630773694,-0.3046857944796825,1.1725878972128916,-0.34609250224775484,-0.43202330472892936,1.4275218261590379,-0.39686609304361126,-0.5219342944624578,1.651247136899578,-0.449773738363457,-0.5876172849645298,0.6649182838475287,-0.01040544501218699,-0.36540600768815557,0.9287416512883272,0.1231560620898007,-0.499137241225514,1.1144457851505254,0.16961348902673373,-0.5606116212000923,1.2843440953924925,0.18937103162580524,-0.5992981993657465
Hello,0.0,0.0,0.0,-0.10247847895530714,-0.4151057959811997,-0.12962129503065198,-0.12048080767089663,-0.848300782001861,-0.23379712249347953,-0.15182018171807887,-1.1898723998064042,-0.32869790897025575,-0.20741781585825467,-1.480043829209649,-0.4315618350502452,0.4649517415027729,-0.9676064070556648,-0.19355434299574642,0.6967456550588329,-1.2919125803535703,-0.3133003421878576,0.858265883514464,-1.4859711565346103,-0.40863806986458956,1.0028328253461223,-1.6389202161199237,-0.48115597853552017,0.5971227421258201,-0.7689468951257759,-0.22839681108231444,0.944326614228642,-1.026207463074579,-0.3245132169965338,1.1779312031757116,-1.1778148026148612,-0.4052729120865273,1.375278534297548,-1.2935024299892215,-0.46799121880771044,0.6340589233869066,-0.5157764736334193,-0.27821487395925315,0.9922335084320122,-0.7054528640908032,-0.38780157111457125,1.2103630499764468,-0.8329202601575572,-0.472141122342207,1.4009914022222962,-0.9520939965100406,-0.5355173956081435,0.5921422670996846,-0.2234999344986869,-0.3370329236162963,0.8501117767359732,-0.2230806370051427,-0.45191580637243006,1.0190535388930269,-0.25456052201741214,-0.5079198844462757,1.1711745418136332,-0.306415135653527,-0.5453446606541426
Hello,0.0,0.0,0.0,-0.13344065504153046,-0.3750356155991536,-0.11114158569269249,-0.18855802683583098,-0.788734118994551,-0.19756549138241197,-0.24644739758201323,-1.0996366262892023,-0.2781638751244487,-0.31721924799442075,-1.3604011212880813,-0.36478490444196154,0.3608811849331522,-1.0033485118934313,-0.1463330945971473,0.5524486981187751,-1.3349401397666039,-0.2439640805756481,0.6803293006237751,-1.5366470622973105,-0.32519410430943185,0.7939494513029925,-1.7020879325368288,-0.3889910498080276,0.5088034216480092,-0.8417625710235607,-0.18042963210926086,0.8111185179179751,-1.1328924349366,-0.2565998527895323,1.0149787302038398,-1.308174795062217,-0.3253191714132739,1.185520429899236,-1.4449520874608643,-0.3809980388427161,0.5758945203104096,-0.6162704071311197,-0.22999119221342224,0.8962844068174897,-0.850518707151098,-0.3226345641888118,1.0863973096909132,-0.9969461969718384,-0.3958470595640846,1.2497262384275882,-1.131466904713941,-0.4522322929705697,0.5757566928026939,-0.34447728817419115,-0.2882222918763996,0.8219953801587376,-0.3813562942277149,-0.38573298170324855,0.9812200783414792,-0.4407769134387384,-0.4348077532252141,1.1222388229665772,-0.515098655198223,-0.4691582303473538
Hello,0.0,0.0,0.0,-0.1902089791826391,-0.288278122792142,-0.1024197739818252,-0.32501416900593966,-0.6217738220059555,-0.17363352860602105,-0.444330755604035,-0.8633384359183172,-0.241225899523447,-0.5465106122312817,-1.0575144705834898,-0.31222648543969683,0.09471073189035324,-1.017919145888014,-0.10113464261675997,0.1415460228775124,-1.3929034613987652,-0.1827917798423976,0.1837760027591286,-1.623245980833587,-0.2554616509783139,0.22877962682566802,-1.8135317907871464,-0.31131268612740176,0.270682809157363,-0.9544726687449815,-0.12535047445267775,0.4471796299188177,-1.3178464675474295,-0.18691084620567763,0.5550977847491709,-1.5427837555065544,-0.24998999289859206,0.6395396039137138,-1.7263955591701918,-0.2999424323116681,0.39861324562436157,-0.8115877096200776,-0.16575347262344609,0.6023313685869687,-1.1314431458736893,-0.23960596740315637,0.7141996387819616,-1.340756309664458,-0.3032750670404005,0.7993097255894046,-1.530392659507582,-0.3514753380388786,0.478097612649977,-0.6054766282715166,-0.21569208983402807,0.681057832070277,-0.7501156232255896,-0.28663733692026827,0.8073521465995884,-0.8657804806301367,-0.32133883495898496,0.9097715658389406,-0.9787091755279351,-0.34572970356424315
Hello,0.0,0.0,0.0,-0.21330799960986865,-0.24885195830689144,-0.09796283438066981,-0.3731081054215427,-0.5549556633560682,-0.1667685280150768,-0.5084136160778056,-0.7794788242220496,-0.2322691502745887,-0.6287504822113585,-0.9579512143970856,-0.30021535389274046,0.014253397867373278,-1.0147116845520536,-0.09382541520759696,0.026304835507618658,-1.396696084255599,-0.16834241877996192,0.044997812050419896,-1.6262280539408298,-0.23694595697891888,0.06946325595932545,-1.8206533336266235,-0.29140009503310915,0.1898313555712774,-0.9745138074340899,-0.11952780246572202,0.3203037457242851,-1.3572651191718235,-0.1754614232161055,0.4016328604063687,-1.5950982967180358,-0.23473991362518778,0.46494494307400225,-1.7901983496767406,-0.28331117722062066,0.3261951605872922,-0.8509975033390145,-0.161122523701615,0.4898955470140386,-1.1961266588107533,-0.22901641124344851,0.582234202552775,-1.412582212206279,-0.2865002455046496,0.6515056328989334,-1.6073955678611798,-0.33158905759577983,0.42342549940128177,-0.6591135876789509,-0.21249427532143286,0.6093042582811686,-0.8372633620500242,-0.2794332155286543,0.7180928060556864,-0.9768203998138544,-0.3116285874577001,0.8036251660933122,-1.1108833385878112,-0.33495426968402964
Hello,0.0,0.0,0.0,-0.24081967737773427,-0.19666930260888504,-0.11302366177704476,-0.4350033242974665,-0.4476624405705085,-0.191040113055413,-0.598138277619005,-0.6343234900601249,-0.2629777484436726,-0.7420256812116094,-0.790990457985974,-0.33560954750248223,-0.11549912852665514,-0.9899781971607658,-0.10394665729860117,-0.14862184216775556,-1.3658574914390211,-0.18426354236978615,-0.16125103501874305,-1.5968157667771494,-0.25880520698444376,-0.16744266881075215,-1.7918967391725258,-0.3163949386835409,0.06194022636626904,-0.9906536115442828,-0.12152707637380519,0.1414937812855689,-1.397782388097291,-0.17756383904617024,0.1928738056971933,-1.6478081697173697,-0.23632754643016893,0.23006208142046092,-1.8498242094955473,-0.28475541466060006,0.21069710111926232,-0.8976191778034177,-0.15689568114162977,0.3263073737849772,-1.2691977973976487,-0.2228425185626886,0.3914142022851361,-1.497077103480761,-0.2797245078955135,0.4332725435075384,-1.7012109168769503,-0.32522520851674014,0.33244393842211284,-0.7261992084326928,-0.20389173562926707,0.4943819548614695,-0.9292899768315522,-0.2688257500806278,0.5872964434567882,-1.081009899011266,-0.30171184237590193,0.6568892706918471,-1.227627123358695,-0.3260912275550246
Hello,0.0,0.0,0.0,-0.2629061523129404,-0.13488787008331987,-0.10586258938523632,-0.4891039044220781,-0.35579966606920316,-0.1749485932952906,-0.6714492020327105,-0.5122725382009797,-0.23807954398066603,-0.8399037233385671,-0.6193441757995308,-0.3025035431027597,-0.24305539173872817,-0.9534476165061884,-0.08668436293579598,-0.3242169514224734,-1.3011482931452494,-0.15446399607313907,-0.36553059134169963,-1.520823999293041,-0.21981964527159806,-0.3904299986073242,-1.7095687247347882,-0.27271334450630874,-0.06929757437200872,-0.992212285596965,-0.10350181880818748,-0.04171766046550429,-1.3887045741056157,-0.14791454681753666,-0.013064899847822454,-1.625651229681566,-0.19595049349540003,0.014456305984207475,-1.815927195470841,-0.23843117314402698,0.08851047295562249,-0.9334796874964216,-0.1383248646261137,0.15169051733935196,-1.3075105639672029,-0.19686608864739036,0.17761991689892148,-1.536507229719747,-0.2444222299623742,0.1922535856735245,-1.7405756295962183,-0.28497738695001285,0.2290206939518017,-0.7958216385234465,-0.1844618094582775,0.3497153296757745,-1.0311426749486,-0.24303117991399364,0.4200215929898092,-1.1936757314178503,-0.2696789173531696,0.4732123470306755,-1.3483793106300739,-0.29109488597411776
Hello,0.0,0.0,0.0,-0.28407272299321096,-0.07485975570139261,-0.10576222915594113,-0.5387498469178892,-0.22696070344297042,-0.17746750716190768,-0.7526154636203233,-0.32889881222215256,-0.24549890270396796,-0.9352311218370657,-0.3983208015069057,-0.3140276775414974,-0.3884981438247016,-0.8778326752357676,-0.08591900420748189,-0.5311907301543549,-1.2103780618516964,-0.15901132758530787,-0.604292539829882,-1.4231076884105611,-0.22806289572562694,-0.6528843775649148,-1.613324532363962,-0.2830158435093021,-0.22700827079252106,-0.9683474594465232,-0.1037807437593967,-0.27212718053348134,-1.3729159510046214,-0.15197944757993112,-0.2869889084067904,-1.6225082275577132,-0.20389193705259534,-0.29125078948346333,-1.8263749827938551,-0.24883523440460645,-0.06141609746925676,-0.9567155801815455,-0.1396486511463377,-0.0620009712779787,-1.3482299031492582,-0.20056428447521155,-0.0661989177450406,-1.575385351413104,-0.24973445870513356,-0.0763540353972222,-1.7716441438439687,-0.29031605707121644,0.10273371106118212,-0.8601455490945268,-0.18721636832096825,0.19361445697735147,-1.1297820929759999,-0.2482028571809435,0.23900393798618572,-1.3152929660543693,-0.2772340129910407,0.2689209877307061,-1.4884212396817078,-0.29930254596162237
Hello,0.0,0.0,0.0,-0.29183426043861316,0.005352452711006082,-0.11183105252226119,-0.5710159553360953,-0.08858083283969558,-0.17972462246352974,-0.7875879836038878,-0.1480142869805107,-0.24208917305890398,-0.9736422034977259,-0.18962532421584838,-0.3030080366076448,-0.5130346416887875,-0.7909418054601608,-0.07292424763134094,-0.7027521861530928,-1.0772898806907178,-0.14037424573118484,-0.8089589095568249,-1.26583798832915,-0.20606964522563986,-0.8867778233166305,-1.4357683779450707,-0.25965456871636744,-0.3670741600706337,-0.9261345878119116,-0.08678298374047433,-0.47039000201063136,-1.3046418254373158,-0.13194458264632314,-0.5162733852863023,-1.5373157455478514,-0.17988505548123337,-0.5483352916664703,-1.7240701562170102,-0.22103904745743647,-0.20363386896577093,-0.9618334138196126,-0.12157744045267799,-0.2676094987627746,-1.3446943142001575,-0.18774328472954765,-0.3102404761819001,-1.5684834308008886,-0.23878390805353683,-0.35833346712002745,-1.765574785473359,-0.27936789481883634,-0.02652658958675177,-0.9128686656610299,-0.16849227502220948,0.033393713899905406,-1.2031718335130837,-0.23883139754045585,0.05584422105201412,-1.4016593659641858,-0.2755628243109262,0.06068565272812393,-1.5897664716452535,-0.3023934976870163
Hello,0.0,0.0,0.0,-0.29618277530720577,0.06440071334540665,-0.11594855086635808,-0.6025717539074266,0.014421809000999599,-0.18246154033157613,-0.834950618348977,-0.007602900225207251,-0.2415933487124009,-1.0281714772821633,-0.01163076640773495,-0.2997767215103507,-0.6144541243126213,-0.7100807105768939,-0.07943190559500189,-0.8266361247611512,-0.9750032032281631,-0.14764712754823042,-0.9505783460218128,-1.1534410885600577,-0.21449020962116605,-1.0463194478910562,-1.3179163284224216,-0.26997233203473675,-0.4767248848804371,-0.8742184597380701,-0.09206230927437274,-0.6186614716837088,-1.2489594906109804,-0.13868168775937295,-0.6873325710385163,-1.4839226639454757,-0.18877345604137133,-0.7353960917786294,-1.676071590749441,-0.2327987188583615,-0.3098539014842747,-0.936777013399669,-0.12548925263956062,-0.4144443618943681,-1.3180476359790827,-0.1935917827038832,-0.4836250006357159,-1.542632006779417,-0.24790720857234058,-0.5505632256316515,-1.739618254420757,-0.2919405920872794,-0.11889527630505319,-0.9169605834597003,-0.17089193723148405,-0.09150237281794744,-1.2324766759984045,-0.2424232943656735,-0.09024683033171803,-1.451583567212904,-0.28060781400257523,-0.10254817369548343,-1.657305896540658,-0.309880555835581
Hello,0.0,0.0,0.0,-0.2966440120470766,0.1314195205559466,-0.12065239089468237,-0.6182888886030983,0.1621399521435515,-0.19026428367035725,-0.8622297121714215,0.20681309554088118,-0.252891187342806,-1.0650212005287711,0.26950708940739376,-0.3153410372861006,-0.7462779565753338,-0.5691545765326674,-0.0814827194021393,-1.010366909219818,-0.7901692833818612,-0.15075962761969494,-1.1671349634255943,-0.9442364634283584,-0.2197467841171684,-1.2902648576476217,-1.0900107979822247,-0.2774493809475167,-0.6285149852276177,-0.7719412361519492,-0.0952661601647094,-0.8372665996146431,-1.1126786503774226,-0.14215231056039573,-0.9475848274649162,-1.3372221404764362,-0.19802104778408544,-1.0269824505858631,-1.528797494579963,-0.24770947583847555,-0.46646575482958325,-0.880627204209896,-0.13031861911811246,-0.6305588583588785,-1.2328116541640726,-0.19831847244212014,-0.7310659684076745,-1.4391807984535043,-0.26030353805571055,-0.8246729580829216,-1.621671101370482,-0.31218289626433654,-0.27125070282607233,-0.9112310144568928,-0.17796107975901168,-0.28717178386272435,-1.2189518589808048,-0.2505089550239809,-0.30923999478513403,-1.4252087716915083,-0.2913477877446528,-0.3412472119051206,-1.6173823040138633,-0.3239538232570751
Hello,0.0,0.0,0.0,-0.28183480106499076,0.21126628440720627,-0.12744116177831957,-0.5957425963218285,0.342699198768635,-0.21038810381842055,-0.837562066407636,0.48514993820072594,-0.28660278383469784,-1.0321995059909301,0.6309071264645323,-0.36246738477043317,-0.8467130128221725,-0.4032247074932388,-0.0974315220054293,-1.163740978103305,-0.555520533625626,-0.1730790861043093,-1.3512567145643861,-0.6751557377403928,-0.24509659307585452,-1.499801634406474,-0.7957772440880309,-0.30446594208662286,-0.7576141600681066,-0.6428324314010745,-0.11308072162521916,-1.0240944899072484,-0.9510395287625762,-0.16054098053017996,-1.1696468344149218,-1.165104243193085,-0.21163358768167576,-1.2800865677042566,-1.3456406602487734,-0.2578309875833522,-0.6070886119265103,-0.7969035700866154,-0.15118525919141765,-0.8354330758485013,-1.1259631954342026,-0.2192696224815147,-0.9684018463907069,-1.3194313579087553,-0.27640468778123434,-1.0915173490687768,-1.486416621044891,-0.3252842901141676,-0.409405576773919,-0.8763582466446721,-0.2032509823489715,-0.4634852723735045,-1.1964083653141004,-0.2776884421849499,-0.5156675672826404,-1.4086919459787235,-0.31788755435663163,-0.5779586340958202,-1.602354883084684,-0.3491471127342334
Hello,0.0,0.0,0.0,-0.26866918669947953,0.2531409773010289,-0.1310162691281448,-0.5806685551861832,0.4272974246195051,-0.2148075871677685,-0.8113671337279468,0.6130505090587701,-0.29304085415621606,-1.0052744452650049,0.7790103069358197,-0.3703621427333317,-0.8950811023741908,-0.3024866474154789,-0.09684736580910687,-1.2309805666125497,-0.41036275136674494,-0.1794180115037138,-1.4373143615770114,-0.49964351047486066,-0.2578339393140755,-1.6084134632223956,-0.5925105892486057,-0.32318349975032384,-0.8270673167809731,-0.5497191712255265,-0.11733919336624836,-1.1279379992297371,-0.8220308056145197,-0.17471812571306347,-1.2998966428222793,-1.0267096396886957,-0.23302174277894308,-1.4335260462905428,-1.197981530802956,-0.28354208350953225,-0.6902934386723089,-0.7229837703505391,-0.1616927122168424,-0.9531151947904952,-1.0122731529873663,-0.2410157235527322,-1.1088397864516701,-1.1916110000920903,-0.3042418417365503,-1.2551671763465913,-1.3462603485050169,-0.35628547092930124,-0.49766597661010054,-0.8302749354482436,-0.2208843431489726,-0.5778807545580239,-1.1400332620510794,-0.3067506542692471,-0.6487955758043302,-1.3486653690633141,-0.35303151400975413,-0.7299661617868877,-1.5381431352735977,-0.3879762669263829
Hello,0.0,0.0,0.0,-0.2609927803273983,0.2677244364065305,-0.13897056667920693,-0.5668293494175392,0.4608144927579454,-0.2257223166684806,-0.7921600274511492,0.6511136878790186,-0.3032798974650817,-0.9718947837367543,0.8282992929216649,-0.3800607091341436,-0.9122082235008329,-0.25617702166869427,-0.10828356557838023,-1.2540533239130003,-0.3542651738237977,-0.19354418064038065,-1.4624178708022522,-0.43337514030741764,-0.2754053888272891,-1.6375133759948715,-0.5158265662487694,-0.34298930424532276,-0.84998436700771,-0.5121106868242059,-0.1235686864984111,-1.1605062899132257,-0.7741206907906043,-0.1801588108971554,-1.33485921197022,-0.9644238375735965,-0.23794147276941344,-1.4724906570339562,-1.1282412996491962,-0.2886494249121902,-0.7137768374554779,-0.6898422798220034,-0.1627871095759942,-0.9901379602912912,-0.9816562119397518,-0.2387983865402488,-1.1491251742811501,-1.1609617189493981,-0.3002279795692116,-1.2976210551810436,-1.3194337350165586,-0.35224129736592047,-0.5202982010153546,-0.802806463271438,-0.21737955567600098,-0.6150554314778438,-1.1080865066413101,-0.2999091504296893,-0.690853246662965,-1.3101797660650014,-0.3432521103445133,-0.7781721321731286,-1.4979172963470389,-0.3766421511058449
Quiet,0.0,0.0,0.0,0.31332588338276063,0.2041775323395622,-0.12407813598506649,0.6619068318324598,0.21941585954194298,-0.19742429369972442,0.9299257798289615,0.11836807674841215,-0.2836868017899561,1.1717838604760393,0.007453023617471177,-0.3642222158327156,0.9850139459088881,-0.23569500959885062,-0.04837537389808183,1.3609625640245337,-0.32342719439288825,-0.173220186158549,1.6045995464103326,-0.36427708360721733,-0.2613968556046818,1.806129433444132,-0.40266489062803423,-0.3186969709026323,0.8912814590941511,-0.44646773746603335,-0.07927118062046441,1.2298561253939755,-0.5692113153508881,-0.2876558217923186,1.2544971730662464,-0.33526599253709966,-0.38307858228924424,1.202268219923524,-0.13535127508415307,-0.3991220864562004,0.7389074973303007,-0.6221070757326148,-0.12930120185366983,1.0018305226957396,-0.6046121341426741,-0.3608720873349226,0.8538185782435661,-0.27542991492244195,-0.36786405243235754,0.6811183927324423,-0.07053870300064245,-0.3047123384252225,0.5400111296906049,-0.7596934552933923,-0.18981159109790088,0.7282443602882723,-0.6719920906702475,-0.36145979749472157,0.62958578282583,-0.41837772004478596,-0.35362609661020683,0.48940280386733104,-0.2813252357360376,-0.30059002017701286
Quiet,0.0,0.0,0.0,0.30953311631182695,0.1776092514310307,-0.10668120276232637,0.6749044130624932,0.16149350234733145,-0.16385715439931883,0.9395253440318916,0.05380025189193246,-0.23454776183535547,1.1647445535170775,-0.07445871421066907,-0.300114135186532,0.9520808075864329,-0.32295140496215485,-0.03202820262114679,1.3090383886093468,-0.4469958623811746,-0.14581306695403762,1.5445908888725204,-0.5109382906976306,-0.22328622364613882,1.7414052591565654,-0.566486364544365,-0.27306126609001324,0.8516783198930066,-0.520172361664844,-0.06375542003817461,1.174594749679364,-0.6525652686353514,-0.2579125845205904,1.2008052088775762,-0.4118867191693773,-0.3419809624903504,1.155786536615979,-0.20440023609180785,-0.3507096109394566,0.6977725570235701,-0.6775331722576912,-0.11333803070427335,0.9499385780688446,-0.6654055300499568,-0.33232336400371576,0.8204910805458435,-0.3231965434710917,-0.33533095587872774,0.6676305133317085,-0.11096780128942675,-0.2715000304525231,0.5038548807635993,-0.792660052822628,-0.17171790322936417,0.6902716309284579,-0.701696959115047,-0.3340271547104157,0.6003794958404934,-0.4396891734230799,-0.32422752812429595,0.4728359594499611,-0.29747792268253004,-0.2712942975685499
Quiet,0.0,0.0,0.0,0.30263614557340485,0.12671778525977553,-0.11028445005735807,0.6274741216065242,0.0705724197696726,-0.1813626784134039,0.8502454653525578,-0.0715369900074569,-0.2642939425441822,1.0474673694718313,-0.22236614931689577,-0.34117823458485336,0.8538576324754704,-0.502369044757457,-0.05873885457270041,1.1804552935614463,-0.6685422773176725,-0.17944335439248857,1.396926526770222,-0.7757481928585398,-0.26252726889608624,1.5759754895616078,-0.8708830032366246,-0.31786204739763585,0.7324073747944883,-0.6746642867473862,-0.09169262529934807,1.0262108005537758,-0.7848074296152621,-0.28904493516484114,1.0792235462396613,-0.53967056377669,-0.3752466637373809,1.0573548628354827,-0.3305268366527375,-0.3904303595345194,0.5680223580470758,-0.7904569523688935,-0.14125322107909127,0.8020221408742424,-0.716901194953107,-0.35361177406054095,0.7075253820367774,-0.38038534832232523,-0.35441063533904055,0.5846569438538124,-0.18817131304738338,-0.29657195843901196,0.37256705552852476,-0.8514869856944685,-0.20055110946036908,0.5561025523688575,-0.7214241849730968,-0.35206736656000737,0.49233889759407345,-0.47050249141326855,-0.339068363272604,0.38508802449207846,-0.3492951774760725,-0.28968873248350574
Quiet,0.0,0.0,0.0,0.2686864130062696,0.07240548465830801,-0.1131279545421508,0.5639586043336845,-0.03584350418924436,-0.18843564981927266,0.7515100189322438,-0.19521291578347402,-0.27242733929060614,0.9331866906861741,-0.32754029236423515,-0.3498525739568986,0.7424207280509739,-0.645181188934546,-0.09880233994683137,1.020799294443373,-0.905589763452095,-0.21824166927961355,1.2072417330886478,-1.0711577173096343,-0.29223790448403403,1.3641457954676537,-1.2087201880290412,-0.3396080885619584,0.6020952498076184,-0.7885282560936308,-0.12531759453899113,0.8550748981700665,-0.9100031643509924,-0.31444814609132105,0.9408357950560582,-0.675151836751014,-0.38453596533085715,0.9523704924501113,-0.4656542866045161,-0.3909517550401793,0.4274537705835764,-0.8583236721960311,-0.16605781540009046,0.6479529550778098,-0.7576013017959405,-0.36861464820081247,0.589937747206265,-0.408348392149507,-0.36133768409082917,0.4928663735806875,-0.20248849872656535,-0.30079483974593096,0.2344943801758897,-0.8683986446202263,-0.21658691343850592,0.41367956160464026,-0.732109138157281,-0.35432691463403093,0.38233556227956056,-0.4870034885591314,-0.3363122538006737,0.2986355011444234,-0.3642081847530171,-0.2862014977390463
Quiet,0.0,0.0,0.0,0.2641524856242365,0.01657913427327544,-0.10965374265166725,0.52585573986007,-0.11844969688962347,-0.1871874821212894,0.7034788774267283,-0.26149710650374347,-0.2761437321254252,0.8349380978602788,-0.4314491201300342,-0.3572027382809915,0.6214499048587998,-0.7560775487686463,-0.1158008135670579,0.8452250763559643,-1.0930882745182098,-0.24258124094254868,0.9931784403311391,-1.3070098169189133,-0.317768653360428,1.1199476706943958,-1.481605450292302,-0.36194391007988225,0.46646090995195594,-0.8725448174677198,-0.14518870822834926,0.6832082004321917,-1.0224046604689903,-0.3462495900307608,0.7937245679327365,-0.8106226111975722,-0.4154050177671418,0.8309383668628479,-0.5807421860333029,-0.41502523965355925,0.2964807383021091,-0.909237822127288,-0.18823110501499518,0.5173217920786238,-0.7763957585735898,-0.3842736102556515,0.4952670847108869,-0.4400696086260796,-0.3759305041246834,0.42654652406536686,-0.213976954291096,-0.31339130776727947,0.12374598862309433,-0.8793957420980801,-0.24352910395224553,0.30587699326365114,-0.7162830282300394,-0.36591884135014446,0.29275018767665534,-0.4933373559405705,-0.34907643601488125,0.23193273175272702,-0.36121215950034313,-0.30043709923981077
Quiet,0.0,0.0,0.0,0.249826961364652,-0.009032619309078024,-0.10939459811491649,0.4959035832828034,-0.16254036099862773,-0.18810789604498657,0.6684797902581803,-0.3170848213776286,-0.27668323617274976,0.7819129217343121,-0.5021187821337427,-0.3570018981067208,0.5407100281458792,-0.8092165894137061,-0.134832667502857,0.743668100832954,-1.1793877992984467,-0.2605232557687847,0.8723224613831099,-1.4170630370355732,-0.330545086424607,0.9832799955546903,-1.6181642199960182,-0.37063784880250106,0.384197719739084,-0.9090041508252067,-0.16156598011287251,0.5926676588197171,-1.0556276202210813,-0.35804599910249946,0.7170069175103027,-0.8691956871360105,-0.4209359306223157,0.7737592762487442,-0.6577076311308467,-0.4177713819766055,0.2204237785489391,-0.9265529475808001,-0.1998255975849216,0.4517564966195043,-0.7931309593806106,-0.38999655697173136,0.45280676551624055,-0.46818727344193617,-0.3790541573863613,0.4033937615048215,-0.2397131377799416,-0.3159818093967735,0.059015243355046404,-0.877722858146927,-0.25024393749439117,0.25505938669099193,-0.7243199388156202,-0.3693131242921703,0.2608425128945398,-0.49804042540522836,-0.3511094754198831,0.2174611407749907,-0.34645400084298467,-0.30078943842930234
Quiet,0.0,0.0,0.0,0.2444073982673386,-0.031584385378560585,-0.10180247032131187,0.4733015786687757,-0.19567878774473046,-0.1810392112170437,0.6321199043391381,-0.3488639388649696,-0.26960352699445045,0.7204442910580237,-0.5417796914122969,-0.3503385762700127,0.4591000716932868,-0.8594622085324752,-0.14267078563825566,0.6373748122136594,-1.234668855414788,-0.27051429032931135,0.751762050092289,-1.4731043779914241,-0.34524933332278923,0.8532816687462373,-1.6694938333079055,-0.3890463015126008,0.2987548187827687,-0.9388266396322006,-0.17131870584085482,0.4999634570689638,-1.0500797579164756,-0.35716778922280623,0.6359456647670638,-0.8857395200126308,-0.41867972169961665,0.7083402614583088,-0.6939721760200797,-0.421035351590927,0.13615004620972634,-0.925664420977953,-0.20994750477134086,0.37234142172024826,-0.7797797410939026,-0.3825323842923274,0.40405836424162483,-0.4837395716313114,-0.3703808508496072,0.3753463863037794,-0.27624026528623474,-0.31481644361877575,-0.014889997686844746,-0.843770693749193,-0.260976996061159,0.1908338997777407,-0.6872132737951295,-0.3661302334385164,0.21696655764577388,-0.4828242721204606,-0.3451129960333151,0.18225825906883591,-0.35034096816923627,-0.2969214813483999
Quiet,0.0,0.0,0.0,0.24404269191336164,-0.06223167598346204,-0.10007663953001404,0.46554271580722534,-0.2538922092415047,-0.18044718847825847,0.6099249565945764,-0.42156096643280244,-0.2690624113854415,0.665717139652597,-0.6194048345890139,-0.3497392107105683,0.37751067130281596,-0.9018166478619883,-0.15404379184615552,0.5291673938676398,-1.296948021125087,-0.28352277320449193,0.6228590329230786,-1.5487763684412073,-0.3568198285895514,0.7009732682169502,-1.7630656327229555,-0.40115938046118677,0.2040145093959424,-0.9614968984994742,-0.18412439852400053,0.40914606073440174,-1.0847504178807017,-0.36993190174349627,0.5616837231948014,-0.9163549487438462,-0.4256873683944859,0.6442889748439284,-0.7255844948154545,-0.42524423277842605,0.04048464647483866,-0.9244356047686968,-0.22305234232925972,0.2946802341530042,-0.8026914883122952,-0.39228930581809607,0.3482924083109356,-0.5070789049470424,-0.3707847251856326,0.33184726605856757,-0.30413853292809756,-0.3120967060940751,-0.10146701259486302,-0.8189350552686726,-0.2749259295592726,0.12794674571539563,-0.6668275808927264,-0.38119260481430367,0.16825444259161287,-0.45801410698782996,-0.3578803202837284,0.14257567931849863,-0.3240157865488489,-0.3093016259743874
Quiet,0.0,0.0,0.0,0.21987262331279064,-0.0887676914205523,-0.1004041598838639,0.4167439279697466,-0.29648137442173883,-0.18336987976702318,0.5449806266145966,-0.46627546322483915,-0.2750921355959891,0.5918777833494957,-0.6582287929322008,-0.3589987788815741,0.2852405397397554,-0.9489631623414136,-0.1362758785755956,0.40392382112792913,-1.349847875684165,-0.26678254571543575,0.4816709830708727,-1.602515362563893,-0.34536918214515155,0.542556265698118,-1.8193296202049047,-0.39401780289239285,0.11893369664326024,-0.9789338286101288,-0.1659618480419034,0.32197053601763614,-1.115986875561939,-0.3557876360670689,0.46996494810539197,-0.9271531980254093,-0.41428917498166035,0.5427677888043684,-0.7384190091147732,-0.41313072214515995,-0.03219065521598736,-0.9164409201919627,-0.2061866802683396,0.22254539214764157,-0.8244889654500926,-0.3800332212039326,0.2871718485758282,-0.5296014163793652,-0.35941693221083426,0.27264450185865163,-0.3420459104955515,-0.2990325114583981,-0.15773250432213104,-0.7924417093506203,-0.25875094060515186,0.07319577686076544,-0.6795665312862085,-0.3649420324225414,0.11913091747542255,-0.4772744138327711,-0.33928083579731677,0.08717361515245166,-0.3551859366261818,-0.2887388260591178
Quiet,0.0,0.0,0.0,0.22150911141131568,-0.12372204424676363,-0.09722431457332231,0.40881334567512617,-0.34738283678746973,-0.18341482656178854,0.5248981736250454,-0.5251457345400381,-0.27931332509138324,0.5506781406552748,-0.7173021880248273,-0.36909369951177856,0.21718046203149374,-0.9716805108502553,-0.1529779675161726,0.30789320421357713,-1.3990023854646265,-0.2881800012132477,0.3675725799691348,-1.6700009214655527,-0.3682961753230424,0.4186588862524931,-1.8968123628523792,-0.4166817538614046,0.042310410926031466,-0.9817026819680946,-0.18566010164793245,0.25220565338557344,-1.108267630797908,-0.38090512409668614,0.4157291204086669,-0.9379816289947832,-0.43960952329160147,0.5058375003978671,-0.7524512862720086,-0.43817650214220016,-0.1073683573270391,-0.8979366912428273,-0.22675717328860753,0.15943453955074147,-0.8154208957818339,-0.39727164423033906,0.22807263654875337,-0.5310687369015038,-0.370861048010245,0.21763563021023422,-0.34029536250205966,-0.30838564367226745,-0.2264709503020077,-0.755403936960377,-0.2805181931911908,0.012858753920628891,-0.659659563433528,-0.3810790362716466,0.06792879325280798,-0.45913673951667333,-0.3476091925150046,0.047217882506485044,-0.3277552263065491,-0.2915581393220346
Quiet,0.0,0.0,0.0,0.20079341943147894,-0.14448782121836878,-0.08985336641795322,0.36825856164655846,-0.40124115992977005,-0.16952942075359853,0.47479188125037936,-0.5921771302146427,-0.2594174380157825,0.503647735062662,-0.7729499158817635,-0.34381677562930507,0.14905381933730097,-0.9866223020464817,-0.1477370580221917,0.2087191480025605,-1.4327575490569449,-0.27846724966823827,0.25190213680741996,-1.717570049942855,-0.3534297421682869,0.2856467717309635,-1.9497218868528539,-0.3980039393578738,-0.02471318173032126,-0.9834110219065328,-0.1796998070157918,0.1807248783995624,-1.134505815276284,-0.36761542628710514,0.3583269495610825,-0.9798641420247527,-0.4209497784359033,0.4575801065784793,-0.8015347514375728,-0.4160640148603263,-0.1658838290822679,-0.8881714984348427,-0.2189303218126199,0.10452917817188319,-0.8291665434551223,-0.3820052762481221,0.19732518212917124,-0.5595414552092308,-0.3529036021577572,0.20471136287652986,-0.3748879320009551,-0.2897113653417386,-0.2727961760548757,-0.7387072942445347,-0.27023121265956235,-0.028554722416201092,-0.6630242639969613,-0.3640872115745035,0.03998452541441326,-0.4736637584252243,-0.3279711046895873,0.029872234491288407,-0.34511574281646407,-0.2707023526382457
Quiet,0.0,0.0,0.0,0.20459482757470546,-0.14898825318099754,-0.10200899810550114,0.3546298412900456,-0.39495386102894875,-0.19915620899606515,0.4582867263104355,-0.5748731298379012,-0.3061619788861449,0.5306439550302442,-0.7541656100723237,-0.40756125050877506,0.14158362178774242,-0.9951658791234349,-0.17392857477929294,0.17985264999555794,-1.440362381468364,-0.3170265627556561,0.20515039864909532,-1.729916206622713,-0.40184846975475114,0.2259981099989516,-1.9735235581920347,-0.45460755595896457,-0.03145427160629516,-0.9782367460360761,-0.20509387485360678,0.1724102347976911,-1.1353230379982528,-0.4018707174554929,0.35302750968131313,-0.9814913733635868,-0.4588333140671789,0.4565312708619607,-0.810104035644694,-0.4584519648615868,-0.16815980535653127,-0.872646548250108,-0.24387116669952813,0.1016230225905654,-0.8458536049601255,-0.4100162345700988,0.21074265030929606,-0.5863569206632536,-0.37700810399914547,0.2289800476313367,-0.3973722731017626,-0.31296710310326586,-0.2720717310580505,-0.7118268683835638,-0.29622676475013476,-0.026260738515813127,-0.6682871237212402,-0.3919027842847327,0.059723020475093196,-0.49173210498870507,-0.3539749599901093,0.06134474114145537,-0.36060713974855946,-0.2962036470275763
Quiet,0.0,0.0,0.0,0.19926781922259754,-0.17210755901840047,-0.10418072802009015,0.34211317153565274,-0.4254914630983375,-0.1990094594719377,0.43458909443191585,-0.6304049445814618,-0.3025507526266138,0.45554847533631954,-0.8354902017898015,-0.3990363547516714,0.07684059222694653,-1.012399752453157,-0.16919317321171812,0.08482404980727716,-1.4656378567509116,-0.30579046399566645,0.08789831173417295,-1.7557613224718405,-0.3874643364793452,0.08762905515473515,-1.9971729072652293,-0.43796889280915147,-0.09937512412106134,-0.9749965232061804,-0.19876207998957923,0.08627354772658395,-1.1421497611629254,-0.3924418746881859,0.27599372809163536,-1.0237357037591357,-0.4530849073164598,0.3908817708630281,-0.8687236937302066,-0.4550477379182318,-0.22893740116016628,-0.8517485622665394,-0.2359553420833194,0.04307108024414211,-0.8286994511317213,-0.3963295158654667,0.1623507476884948,-0.5943063631865204,-0.368832310969501,0.18798048368790612,-0.4160784525305103,-0.30917561754715384,-0.3185749109481893,-0.677052151099174,-0.2874352679065567,-0.06997006184162546,-0.6436787953244498,-0.37864197636870367,0.02718369549907406,-0.48475882521895824,-0.344191781259964,0.03830823052786467,-0.3597679265507528,-0.2889837113860157
Quiet,0.0,0.0,0.0,0.1847730621158491,-0.20061368648435665,-0.09903005040024732,0.30360871970259223,-0.4816787302162,-0.19485235128377104,0.3818798490904843,-0.6855516425252658,-0.30057977292752613,0.41488477191411627,-0.8701948102223489,-0.40098113309412864,-0.0006467243272789296,-1.027909865721414,-0.16736171194602276,-0.024861541954843584,-1.4728310982949215,-0.3098381537481687,-0.04072439825271684,-1.7674773528996224,-0.3980971959759455,-0.05419994501184745,-2.007781528022711,-0.4538858184234643,-0.16894917414360563,-0.9647785553330913,-0.2016395688489411,0.030091291091928044,-1.1409230059869735,-0.3961548997199558,0.22995908385621716,-1.0552274113787707,-0.4569829260216751,0.35386611930793394,-0.9365061607993254,-0.4616655885935677,-0.2838114363993861,-0.817373994222053,-0.2438522105474349,0.009447820589549509,-0.8268209405222454,-0.4031505260106195,0.1347969338865275,-0.6147398250334879,-0.3745798426829902,0.15822514088968068,-0.457103705373519,-0.31768071662888225,-0.353340296708891,-0.6262960568568721,-0.3004314559830218,-0.0910167694323417,-0.619655454494422,-0.38863407532264715,0.010944354171908748,-0.4807534822794518,-0.35096107182461384,0.01966526561028727,-0.372943113079387,-0.29604614546639557
Quiet,0.0,0.0,0.0,0.1829358933873866,-0.2653007199528773,-0.08723299522504954,0.27635056577764977,-0.5794616007734611,-0.17482686681990112,0.3324700459585973,-0.7863368746143455,-0.274954116817259,0.34038180435186394,-0.9610771562424804,-0.3690492024230454,-0.10539408191575958,-1.0412517762171365,-0.15849166945138915,-0.16252785814548637,-1.4692837119508328,-0.2991052969892965,-0.20440108927767056,-1.7535940095835159,-0.3889073807989443,-0.23624126276174556,-1.9860668011655032,-0.44747668499303983,-0.26920875029413827,-0.9422091314264847,-0.19942066447993245,-0.05797262647547396,-1.115995800319815,-0.40140914032892266,0.1628376296414649,-1.060254375938867,-0.46719873088327646,0.3109951307695658,-0.9589708097549416,-0.4749480648417048,-0.36362438584900136,-0.7687324832419211,-0.24676148400737208,-0.04576892544041945,-0.7981761019463682,-0.40449299282735335,0.09136664169520958,-0.6027166429100184,-0.3747688228263674,0.12308744225364202,-0.44684326464033153,-0.31878441597673157,-0.4054127600267361,-0.5622160758163296,-0.308925589219311,-0.12133647320235869,-0.5648607219268076,-0.39590194267611123,-0.01790244986734823,-0.44360623973183183,-0.3608933712551416,-0.008643197927214368,-0.3463345010155351,-0.30886428287336515
Quiet,0.0,0.0,0.0,0.18381497600580465,-0.28315318278233265,-0.0953524597385625,0.26990690360508707,-0.5874631374095982,-0.19262586294703654,0.3008145497976006,-0.7814812117933215,-0.302838775378431,0.2632327269417321,-0.9234327098553436,-0.4063752259043184,-0.1394830556639698,-1.0425251845848493,-0.17062490043345432,-0.22838024496295717,-1.4743595226936983,-0.3205919329534784,-0.2826161508765691,-1.761596496680935,-0.4132254614318146,-0.3226508003091166,-1.9913071969291047,-0.47263385425952664,-0.303806185690606,-0.9282921503340686,-0.21441894777345571,-0.09518541395441767,-1.127277579409259,-0.4327926251835822,0.13741516543203663,-1.0679373312329463,-0.5009706665097802,0.2947073671037823,-0.958580876777032,-0.5037228598083955,-0.3903272309829099,-0.7436515671218383,-0.26574843828265415,-0.056672735795225686,-0.7758661179096072,-0.43055635704029704,0.09691001003193363,-0.5965459593013567,-0.40130478140020825,0.1406850930360193,-0.4565152072682464,-0.3429508373888838,-0.4149268470880075,-0.5305085550822697,-0.3334262337538439,-0.11217720501909523,-0.5147893899805647,-0.417863265161252,-0.0068765475517207015,-0.40334016154483787,-0.38314313679045775,0.002929680439101745,-0.32020355987992066,-0.3316456492435994
Quiet,0.0,0.0,0.0,0.1720402498237611,-0.2911981793325241,-0.09189302693812822,0.2522027101415039,-0.5865530188461117,-0.19186202271673478,0.2867649824804652,-0.7729272127358311,-0.3059214181459526,0.2603450943745812,-0.9062104176137572,-0.4143028060181475,-0.16159643219690387,-1.0438190662727638,-0.1665748238770938,-0.24634377935381765,-1.4678771619799456,-0.31486603095652993,-0.3022496432433135,-1.7535661964925606,-0.40998809322739077,-0.34556574467992973,-1.9793939050894753,-0.4727601765272549,-0.3208550912451854,-0.9229111306605988,-0.2128075546704551,-0.10994459877235219,-1.1198720954288028,-0.42481487147726965,0.11963781686365003,-1.049173418931367,-0.4919565254033798,0.26602650482676576,-0.9338719351133146,-0.4980834144007705,-0.40054234912417075,-0.7322780947704509,-0.2665272879161826,-0.08111311843396748,-0.7872882533437277,-0.4253024509579639,0.07058471907806949,-0.6136665277778719,-0.39339478504830194,0.11031002223045347,-0.47109440040868855,-0.336664977361949,-0.42043336343584947,-0.513320942296808,-0.33630990503610686,-0.13712065766540904,-0.5284605653176861,-0.4164129492215856,-0.02969071928040663,-0.4328824517854891,-0.37864945469843125,-0.020000286814915516,-0.35230493322254325,-0.32708837569646937
Quiet,0.0,0.0,0.0,0.17902542296181276,-0.3568441374160945,-0.09808655005384587,0.2631355566171626,-0.6627430348563634,-0.21057062051963235,0.30499721875813257,-0.858137252301789,-0.33840421581703006,0.28285442004519595,-1.0061368032346574,-0.4595364899202298,-0.21787859697145506,-1.0599661528009385,-0.20028324313624868,-0.3729067187689556,-1.4548752513804508,-0.36327749164155426,-0.4846608377425598,-1.7215620388527466,-0.46632810388709584,-0.5736175271839861,-1.9360108252465478,-0.5324803297033878,-0.36160825626229054,-0.8972190672021044,-0.25345100996431524,-0.14736648256680146,-1.120950160991573,-0.48681844953838754,0.11344611415593334,-1.1146745667691973,-0.5628978513003922,0.30498643753154536,-1.0296369846706002,-0.5691046165944945,-0.41327662728969816,-0.6716215064293157,-0.3129545716748017,-0.06093785928170632,-0.7625724598326324,-0.49437027145802587,0.1543787501131798,-0.6446240002711758,-0.4689093201757182,0.2619772321509011,-0.5190755648359641,-0.4066093449495772,-0.4020453502316437,-0.43549844450481673,-0.38818899480303254,-0.09440594208940307,-0.49320614311829225,-0.4775458058031365,0.05619622323729584,-0.4372605176599629,-0.43720797800540956,0.12491313193680358,-0.3680950047517282,-0.3778248176150116
Quiet,0.0,0.0,0.0,0.15322835928251105,-0.38698691167563715,-0.11956323630370523,0.21012620708634533,-0.6853979278555534,-0.2534654252386985,0.22975147500833992,-0.8751482193444148,-0.3994459518201386,0.2132091249102076,-1.0465267966932175,-0.5367331883034933,-0.30089625249772495,-1.0475376459203554,-0.23456656436113993,-0.494744950392812,-1.4243419681940115,-0.41166856512953626,-0.6302043140555629,-1.6799888659881415,-0.5259527848424522,-0.7425651233684808,-1.8867597588223832,-0.6017978256638196,-0.43096892708462603,-0.8566072350151278,-0.28370729424402163,-0.21873101805262973,-1.1174043473216124,-0.5311024028662779,0.049236284031401636,-1.141142735033548,-0.6129733696370686,0.23704613205893704,-1.08146578089662,-0.6242446168809699,-0.4642230300231254,-0.6215429029555272,-0.34020082223995174,-0.10858636245444014,-0.7704436716836717,-0.5345425841807568,0.11789317414284914,-0.6640014866614612,-0.5051830874010763,0.2185165472882042,-0.5416966833581605,-0.4401124188789569,-0.4350440041617176,-0.38985721447716404,-0.41431041282445785,-0.12649109235279846,-0.508048632884511,-0.5135930785861405,0.031189987522161684,-0.4641412448181498,-0.46967362819619285,0.0915750398195108,-0.39452758710619334,-0.40748499341667066
Quiet,0.0,0.0,0.0,0.12367465117006823,-0.4170415909501687,-0.1091301515610297,0.16578479607873503,-0.7359449524176799,-0.24632469732992132,0.18653392807182906,-0.9392702688610539,-0.3969274835372103,0.15707819006717955,-1.0608330306285043,-0.5393611757290739,-0.37688653591918925,-1.0367294368192916,-0.23442434229724046,-0.5993127754676365,-1.366180152791542,-0.4088365216626921,-0.7572369036744573,-1.5969060182649861,-0.5205519843879296,-0.8857316286725894,-1.7779934805762532,-0.5972871794885002,-0.48544541729132534,-0.8231301909210782,-0.29461743944491875,-0.2794187688439031,-1.128382588435379,-0.5316691647583326,-0.008580575202314157,-1.1766651526891825,-0.6063410420314888,0.1751667015010016,-1.136298075678477,-0.6159451137043743,-0.4883527250209247,-0.5735103185965393,-0.361268926965046,-0.12335325917038241,-0.7899062929535572,-0.5445307902290369,0.10538432920801534,-0.7247540077463456,-0.509761200972057,0.20041747126895915,-0.6214243300680943,-0.44582454875696814,-0.4243985386687292,-0.3392031895948237,-0.4453325516186531,-0.10844212148596256,-0.5138528691832872,-0.5332611770728297,0.04560299876478404,-0.4984204100278051,-0.4828899343143793,0.09911073587635563,-0.43716003145224047,-0.4205587977147778
Quiet,0.0,0.0,0.0,0.09854883612405026,-0.4414619374393988,-0.11562863974771236,0.12218268257171401,-0.7597611349594837,-0.2599115776969497,0.1382147598507325,-0.9527972339685128,-0.4150845573331913,0.10879681512882174,-1.068551796294016,-0.560360528627809,-0.4530650574680121,-1.0151498078651349,-0.2551695809451209,-0.6917209835879994,-1.3245678543956687,-0.43536770897913324,-0.8617595584564203,-1.539493825750656,-0.5507749270461665,-1.001272124326232,-1.7101269247452022,-0.6315260564819384,-0.5457173252125492,-0.7757978870350536,-0.3167494900308555,-0.3444413473056085,-1.1111281933559949,-0.564334002575989,-0.051909490882837715,-1.1898051568101145,-0.6412382900525175,0.14795786082795254,-1.177988508574315,-0.6509503861290804,-0.5288206855595537,-0.5142743686197839,-0.3842955910285655,-0.1522689857064591,-0.7717099149448684,-0.5760922158548959,0.09772772185919804,-0.7318350003135352,-0.5361995988689747,0.20336052468681762,-0.6484415796210993,-0.46677942005671313,-0.44701422080230274,-0.2787369442816308,-0.46980738202886785,-0.12832261535993247,-0.4920542356468708,-0.5597997936561692,0.0369589415353878,-0.4955292594127574,-0.5023760708794157,0.09457608401945548,-0.4473505311659713,-0.43446767314897206
Quiet,0.0,0.0,0.0,0.07060922110494063,-0.4827666120570354,-0.10308389354743744,0.07672254351498402,-0.816790991969684,-0.2435516271274669,0.08537787456178711,-1.024510741545987,-0.39937126971159276,0.08264806288257391,-1.1437346971145625,-0.545062466407777,-0.5010093439841201,-0.9992533159496275,-0.24782286144820811,-0.7680861064893683,-1.280533933708604,-0.42691014805944405,-0.9521455897756212,-1.479196909344102,-0.5404296903941763,-1.1044298261948025,-1.642031592866442,-0.6199110772717115,-0.5824989176846953,-0.7492971899743196,-0.31503766757761986,-0.3959643792132082,-1.077360351272403,-0.5634462242511715,-0.1250426550103913,-1.2108399746204725,-0.6406288643840303,0.07582464494514715,-1.2432222475936996,-0.6509807431076129,-0.5468713470185383,-0.4910263343280193,-0.3866718529573414,-0.1680842786261883,-0.7687264704137104,-0.5774143186219084,0.08827965381981498,-0.7917531792506315,-0.5375786124013079,0.22305250669838894,-0.7436428181946508,-0.46724915115398663,-0.44650576175290096,-0.26560017497471505,-0.4765316499054329,-0.11669028138636268,-0.49728412061687305,-0.5658700225409431,0.05262624634456304,-0.5382999161475059,-0.5122131861647801,0.1335240737723188,-0.5194129308839571,-0.44563679925364963
Quiet,0.0,0.0,0.0,0.05630953537912458,-0.48417919112564795,-0.10829526284066603,0.0549563925302153,-0.825093781694757,-0.2436216912759071,0.04675489211697684,-1.0141047145393483,-0.3928815587753787,-0.02071205748295963,-1.0708885999320206,-0.532172345868184,-0.5549861195500936,-0.9680203088078694,-0.24421664534644955,-0.8419750948857302,-1.2314920237015494,-0.42361369424439976,-1.0394262597882065,-1.4187728243069893,-0.5398402732724481,-1.1980216207020542,-1.57899940019881,-0.619582126195071,-0.6378961904592353,-0.7071273768189869,-0.30505626227090227,-0.437405194816598,-1.0544156919138095,-0.5576944851338095,-0.1675474438067573,-1.2038557579361038,-0.6399530677151258,0.049914300948261985,-1.2523412068298336,-0.6507392945595846,-0.5978512566484583,-0.44069663484198823,-0.37067569498483843,-0.2027287333407969,-0.7336524861684488,-0.5590982187135789,0.04602553651738696,-0.7618692363478482,-0.523193729375173,0.19179052203495686,-0.7253485306806852,-0.45444251815219067,-0.48789714992813626,-0.21425507073741998,-0.4555044282063859,-0.1438149428007774,-0.44801566309398444,-0.5417454211378688,0.020249877547325063,-0.48513694795491147,-0.48876334072400557,0.10538098767562923,-0.46879140121718765,-0.42150367160806196
Quiet,0.0,0.0,0.0,0.048455876229480915,-0.4947656374825456,-0.10164988543397263,0.043978721427688494,-0.8271209432327763,-0.24702208222073174,0.0632693472949666,-1.0246113408724995,-0.4070901825655443,0.053452748109953596,-1.1503021127245645,-0.5582350956559884,-0.5360588750358833,-0.9866608354153968,-0.2635604811588689,-0.8180165489333622,-1.240743624676618,-0.4471633891586173,-1.0138734504087203,-1.415834160431655,-0.567189998066225,-1.171805093016144,-1.5636403864594879,-0.6545146023853775,-0.6049728575267792,-0.7235044778006523,-0.33248926638056847,-0.3958260678228716,-1.0996270473587972,-0.5857940840888267,-0.10468030927514445,-1.2564069712548247,-0.6663532999304623,0.1174892569542335,-1.312402790158793,-0.6815940799789155,-0.5459143902340342,-0.46370452170611254,-0.40428561429615245,-0.14902559443948662,-0.7952614215093852,-0.5827651559372403,0.09768867788253913,-0.8303371634153338,-0.5351932241674658,0.22499230227909672,-0.7866594482828122,-0.4677310251666864,-0.4237515851213841,-0.2460231295080535,-0.4957922254464889,-0.07755821934464004,-0.5033388770219988,-0.5772260054543417,0.07987630257882872,-0.5578896425348968,-0.5186774564950335,0.14759713963466525,-0.546124453014628,-0.4530522258240847
Quiet,0.0,0.0,0.0,0.0379514668445145,-0.5208842432205578,-0.10495577259250753,0.02309894901955255,-0.8540592484676062,-0.25719117991337814,0.03566992497435755,-1.061004547101441,-0.4233825323920159,0.0073406621847465735,-1.1965115241791175,-0.5787568283117849,-0.5616995926482123,-0.974238327546457,-0.2848115284816599,-0.8633641079600167,-1.2104807686631773,-0.47366265156253023,-1.068781964820925,-1.3680293983201433,-0.599866926751264,-1.2352787773577092,-1.5008118527763632,-0.693917993765224,-0.6194547467177969,-0.6994656159271041,-0.35640380035081987,-0.4224555048823102,-1.0801390235460422,-0.6183919686426156,-0.13229745349312302,-1.2863309294936196,-0.707193409566954,0.0945338750030404,-1.386904679384233,-0.7312701420334031,-0.548303351052292,-0.4410294288718969,-0.4297931967410928,-0.15932691936092253,-0.7992108460861262,-0.6102454946185115,0.09463036585975919,-0.8798899357005402,-0.5635182055777532,0.23428432754342426,-0.8731463283770154,-0.5007208736863826,-0.4095057810925548,-0.23433214852519985,-0.5240897707332365,-0.05782745147102629,-0.5083746705382102,-0.6093207669945908,0.10004687019791426,-0.5908896331097838,-0.5540688927646537,0.17142124180211232,-0.6088075041629996,-0.49304716241554225
Quiet,0.0,0.0,0.0,0.00041958903677606125,-0.5292453795785579,-0.09528787606960652,-0.04449773391247472,-0.8605483360301175,-0.24050581966550427,-0.07191951783445262,-1.0529411329669993,-0.400440900887168,-0.15513973683222648,-1.1125521301547359,-0.5499123006392438,-0.6264514681262366,-0.9237690076268267,-0.2830774514006727,-0.9527576314052705,-1.1317520697789265,-0.47012160328156616,-1.172744163189695,-1.2690503512449194,-0.592627356713372,-1.3469567830207787,-1.3891182866173768,-0.6836685009575896,-0.6753604987123889,-0.6452073570757049,-0.3572053515197346,-0.4855534407984377,-1.0658701158656285,-0.6156524130254493,-0.20238854166175246,-1.2904578817477859,-0.6989810546361211,0.031228878138377426,-1.396839099013225,-0.7194671727943389,-0.5887058657469295,-0.3889742896421283,-0.43196123224707833,-0.1976487395796525,-0.798701545134073,-0.606204105368622,0.04960388499582016,-0.8973464096689684,-0.554588358570695,0.19021858899940372,-0.8994754355222395,-0.49093367276542077,-0.4301390534384015,-0.18954229665617756,-0.5273576632086755,-0.06547344455959185,-0.4986717855531702,-0.6091640355061398,0.07352305014783822,-0.5817325722283282,-0.5547086882455935,0.1251756692676699,-0.5880946125822434,-0.4960638897837459
Quiet,0.0,0.0,0.0,-0.05703211132766399,-0.5023902083621494,-0.09295654172980292,-0.12409208468555051,-0.8233570301057569,-0.2536562949277681,-0.12727222905509297,-1.0222212968642106,-0.43036876518474754,-0.14250723716844646,-1.1116618692259945,-0.6000497622007323,-0.6945455210087736,-0.8556950847400907,-0.3135907490740519,-1.032978399401156,-1.0476050728003505,-0.5084035007812047,-1.2601513083754237,-1.1741716277320169,-0.6391149946408112,-1.4456038146623824,-1.2823995843327376,-0.7393465553639695,-0.7255019415317151,-0.5633940603380305,-0.39526455142036115,-0.5485737327456618,-1.0027917652742113,-0.6599447499737473,-0.26308895536820265,-1.2587289819997058,-0.7459075242987022,-0.03316770842640632,-1.383070343398012,-0.7713677811992665,-0.6160276013672157,-0.30582871391436683,-0.474947140753181,-0.2482819479055231,-0.7554914084642488,-0.6484485266141008,-0.007308799072999817,-0.868588092028963,-0.5916157415128579,0.1263969062469431,-0.8615175915398541,-0.5277153834235367,-0.43788740715449337,-0.11465030836165441,-0.5753785766092037,-0.09280383192079038,-0.4615398589811355,-0.6605324458056405,0.04677502596674536,-0.5837062334887563,-0.6044158372377715,0.0997393746123885,-0.6106330952181263,-0.5454134445289869
Quiet,0.0,0.0,0.0,-0.10859340978020798,-0.47707500370335715,-0.07450758783839251,-0.20709966727599252,-0.7954723049251007,-0.22245224445154504,-0.2241243057540216,-0.9960796300779142,-0.38863378550442373,-0.2616202100844141,-1.0633639977628566,-0.5473758618650745,-0.7632481335505343,-0.7830023138561917,-0.3065575178984431,-1.1194971267186788,-0.9320533476484837,-0.5034427557902502,-1.3518465451744726,-1.0303097049267453,-0.63618016785869,-1.5449017606547073,-1.1229431583833172,-0.7389342078063801,-0.7780780285806282,-0.4865292144356516,-0.397346077042055,-0.617866224704078,-0.9583700148940382,-0.665487670097334,-0.35095179362280915,-1.2559088389609394,-0.7511509477907254,-0.13436023697624247,-1.4127572658931882,-0.7766080804084888,-0.645097902042875,-0.23858173329661558,-0.4845985965091304,-0.2934532980434767,-0.735911760232644,-0.6541357516643328,-0.06730506859688269,-0.8739540788406128,-0.5899348518302266,0.049898729131063815,-0.8689471388447125,-0.5237994964535343,-0.44079181538684375,-0.06454693270384067,-0.5922112819702425,-0.09409949501872657,-0.4563749853276831,-0.6791592820870318,0.029099525090985585,-0.5824080943166927,-0.6214321084481008,0.0613920541531818,-0.5977583417663487,-0.5611439043618319
Quiet,0.0,0.0,0.0,-0.151605023363616,-0.46203128644863833,-0.08844113859282067,-0.2770167964151725,-0.765262519412305,-0.24768265836045658,-0.31699537809084083,-0.9537358928289088,-0.4236695663922627,-0.3694871958033234,-0.9878474222466987,-0.5940516977942272,-0.850459438194911,-0.6574758527929621,-0.32646592382325607,-1.2192565460795834,-0.7776116388784768,-0.530311907578092,-1.4646085163382652,-0.8499819802578689,-0.6691860754110811,-1.6717009070180828,-0.9240195863305977,-0.7768573691559266,-0.8429704106621612,-0.3380162697672456,-0.41850434659714575,-0.7121922253310846,-0.8237061343284047,-0.7020278123538628,-0.44990523655884024,-1.1619047899571313,-0.7981610510316984,-0.22386805184976286,-1.3616165406616112,-0.8294459066434371,-0.6928620874362377,-0.0826290855173434,-0.507198568006859,-0.36025659822626305,-0.6323363874583485,-0.7045937265759701,-0.10549916717820872,-0.822469349395668,-0.6459734061661291,0.054763964808374366,-0.8735162043739253,-0.5762591356562811,-0.47811332866052697,0.0959687382985621,-0.615737422781359,-0.18379060107073278,-0.33798310870152176,-0.7231679917528019,-0.054880335585312606,-0.5508430684420462,-0.6666187027161758,0.001299115454421368,-0.66195965874449,-0.6035436306681783
Quiet,0.0,0.0,0.0,-0.1509942946313708,-0.5165549836778354,-0.10097041868846503,-0.2782141145647037,-0.8450208047659268,-0.26744447059812515,-0.3228557055929888,-1.0673708871135548,-0.4483089676261184,-0.394462035106036,-1.1352770284519562,-0.6167450049264882,-0.8756609456269125,-0.653000014635378,-0.3380999411054598,-1.2636748842313172,-0.7380096198557139,-0.5581560741284146,-1.5287570249650926,-0.7896111262294822,-0.7068381852967826,-1.7496062246018937,-0.8447492660825753,-0.8199227591127345,-0.8364761770346985,-0.3411940389988621,-0.4288289087795489,-0.7402262911655612,-0.9023849303371915,-0.7433191705980557,-0.488358533095685,-1.2788916278779419,-0.8438844692052228,-0.2622689526128562,-1.510593060440476,-0.8682215973145773,-0.6563405719259108,-0.13583406892000194,-0.5172015284867585,-0.3296487509452729,-0.8068089971652794,-0.7200324393664215,-0.10050941215722146,-0.981152303266995,-0.6410009082378285,0.034203454594663125,-0.9908332888137836,-0.5551549401920712,-0.42135525787942707,-0.02875310488302083,-0.6298321433003982,-0.11064522499862368,-0.5908113412947995,-0.7330928185503152,0.0010040616430901691,-0.736684763675083,-0.6619269500410763,0.03152753559303131,-0.753094856686506,-0.5865519161972353
Quiet,0.0,0.0,0.0,-0.2538455761947658,-0.41689826445619244,-0.08561213573845532,-0.4408465998990235,-0.6692672526152917,-0.2566197690747386,-0.5191223051474038,-0.821784042282203,-0.4497437736671077,-0.5668930476534021,-0.8123290971781428,-0.6332780414811505,-0.9856473228444558,-0.3592197914498138,-0.32908139869793085,-1.3789218162901884,-0.4186612617714841,-0.5721580310116937,-1.6648751991547068,-0.4539785226844472,-0.7398011689751068,-1.9103611942656602,-0.4990841359589416,-0.8673033258725549,-0.8999167885248013,-0.04252645595368401,-0.43398303454769677,-0.8608405081642698,-0.6427332096108356,-0.7760266207770359,-0.6355022350194056,-1.0762291292675394,-0.8807420455621398,-0.43452872887717053,-1.3670637515872144,-0.9062953537606065,-0.6928862747011609,0.11222953353575178,-0.5367480841912019,-0.44896758846115853,-0.6488596498448773,-0.7343441633523332,-0.23885747891846043,-0.7934172418977781,-0.6362594245269919,-0.12271908917650275,-0.7363787274190011,-0.5463053768079926,-0.4497054730889408,0.1578336201362491,-0.6673167772650833,-0.22069824630771115,-0.4897084487687399,-0.7597671217585863,-0.12345140609959251,-0.5518096443732421,-0.6768541735253992,-0.11076948485814256,-0.4486918233228573,-0.6003783516358987
Quiet,0.0,0.0,0.0,-0.31688449975624766,-0.3062511644796583,-0.06856219516189009,-0.5249565058642307,-0.5036699013214129,-0.23294461954921056,-0.577990629734877,-0.6875260286655209,-0.4231437168400582,-0.6054216736139484,-0.8261405183280417,-0.6116205685388884,-0.9901188801064693,-0.1533789313218225,-0.3477403342628234,-1.3948599687449958,-0.13484372847712914,-0.5875932959846748,-1.6757100339571565,-0.12232075320834845,-0.743768097135355,-1.9207344603885004,-0.1246123101369368,-0.8597027326800742,-0.8758804226288549,0.15559790808300725,-0.45675242337144806,-0.8612630154401384,-0.43781140707368305,-0.7851076989390987,-0.658234138334848,-0.9093095528775138,-0.8689171767967169,-0.4718596836330103,-1.2071911677244602,-0.8785077258888137,-0.6456055299585785,0.3072400266665376,-0.5607326282920483,-0.47344605438112075,-0.41780347425941955,-0.7673295617607386,-0.29665252252852,-0.689420609561127,-0.6680892165987502,-0.17257502259224036,-0.748397617983899,-0.5683646629021112,-0.37696878167187436,0.3543687487006189,-0.6870034208105547,-0.21676697386215232,-0.2524559711071529,-0.7921055515582741,-0.14493169024231248,-0.44416983864059134,-0.7064245361563207,-0.1110422040961781,-0.46066189273527497,-0.6186134802546489
Quiet,0.0,0.0,0.0,-0.27717182109794,-0.24337425567158338,-0.1484217206260108,-0.469941577320571,-0.45332806691410704,-0.3709022802072115,-0.48535655865971344,-0.7449147187744168,-0.6058472851691417,-0.43558723082083306,-0.9727908613249718,-0.844309838060968,-0.8989201067522781,0.031122850810492098,-0.4714749447702613,-1.3012634334843918,0.17585950389274663,-0.7510010652717639,-1.5759447878892343,0.24670172911342592,-0.9325884498690743,-1.816452556953627,0.3009311779831104,-1.066555958676696,-0.7432829134664053,0.36430071852742596,-0.5610842156301435,-0.7208923865174087,-0.2693289889512367,-0.9311067589045124,-0.5567981401709872,-0.79645972679327,-1.0266735321954146,-0.4077747866625248,-1.1256852563502127,-1.0436209460834267,-0.45783571803654133,0.4964692408939278,-0.6498318888830629,-0.3419542349065808,-0.2791660662938645,-0.9012368490229956,-0.20857341993271009,-0.6237023413133244,-0.8113249637959394,-0.11476773746933058,-0.7462308802306762,-0.7127314962916956,-0.15430506612315845,0.5030808785049307,-0.7635446051292988,-0.06157330681120529,-0.11420912125727628,-0.9019947612949353,-0.00820894231196229,-0.3851974425966191,-0.8130287982968653,0.011680657653500843,-0.4735483588684407,-0.7194308994097336
Quiet,0.0,0.0,0.0,-0.27291823530881787,-0.22201304731277713,-0.28288911173614206,-0.4761375459705014,-0.4367951400314934,-0.5847512808499281,-0.4669390856341493,-0.7538482159245887,-0.8685874481605621,-0.345395257250019,-1.0353478135790821,-1.165088674841681,-0.8158777419024626,0.08024355283635194,-0.690691510946384,-1.2002361268761081,0.21235609974350206,-1.0311829398476324,-1.4794910835882502,0.3108612819379251,-1.2423958087102185,-1.716139105047184,0.38877558857961236,-1.3948878144006565,-0.5746691311707717,0.36336202092235154,-0.7332962780695502,-0.5232831001120395,-0.3020530850091683,-1.1890282995155896,-0.35821092938743526,-0.8507287460073931,-1.2937147722796454,-0.23871400848580815,-1.1723487710213696,-1.3080771402084963,-0.24773632030139872,0.4312285384191572,-0.7817918545173622,-0.14779997955645605,-0.3459499130954803,-1.1067319611552868,-0.05998762928480155,-0.6832512036333094,-1.0178258133676785,-0.013933463625837176,-0.791995355861668,-0.9099889994716448,0.0557648828532859,0.38673696817193715,-0.8634739375463772,0.10755948597330295,-0.2006659280013234,-1.0548565108750296,0.12097491106105815,-0.49554664610823773,-0.9736111855978481,0.10518803351381684,-0.6045143566342807,-0.8819820591999122
Quiet,0.0,0.0,0.0,0.3630338357417189,-0.7950224686635756,-0.12721310327268293,1.081529074706341,-0.9777649588136172,-0.20537423543865307,1.6964378605902093,-0.744087717590591,-0.24233092336036166,2.116504196459812,-0.5303048788284281,-0.2652662787498743,0.8952738431029902,-0.8178651430580536,-0.3465655274721109,1.359480490919086,-0.7686659578215699,-0.46448196458043217,1.6623879203682312,-0.6850927140743989,-0.5124162604015716,1.9181249151194275,-0.6089610510369192,-0.5370301221632247,0.9154808664132674,-0.2133292374071026,-0.3411530737052167,1.6107468980242416,-0.1617092937018211,-0.41350201077736043,2.034538404225564,-0.20219177746103897,-0.42572084595144266,2.352179254634697,-0.26997082459894156,-0.45197832825380263,0.9391308252954175,0.2886547109511287,-0.33113315801495524,1.6852232035517336,0.21355371122191819,-0.41693758935682684,1.96576619733138,-0.016677856943688823,-0.41158255434927116,2.0976026800066756,-0.2153681166421593,-0.4061577476788482,0.982018463855818,0.6657386912604208,-0.32433427047445085,1.5355366726217243,0.4276992668189965,-0.3729702180597356,1.6672165711237583,0.16143362890728538,-0.34124190511120167,1.702164954102108,-0.030301501263112395,-0.31814200973105783
Quiet,0.0,0.0,0.0,0.37220586203661526,-0.7130600590164986,-0.06175319381313924,0.9979320163111751,-0.9133395617997302,-0.14321088952653965,1.5231934943152057,-0.7881869387659092,-0.20551859670673794,1.881113970610045,-0.6310430065376648,-0.24953119550290984,0.9025091922152305,-0.7620842723897587,-0.3040623925319711,1.409358076529112,-0.802295519034524,-0.406405592476389,1.662739627498726,-0.8328817625810817,-0.43387205380005917,1.8657713377877296,-0.8714830036925546,-0.44025053190639707,0.9167192770300594,-0.22396454049751677,-0.33085593801716967,1.6875836926673362,-0.07937048693284436,-0.40376747414976866,2.1243867169215074,-0.0635244687930271,-0.40084839096340014,2.422783051688925,-0.07238184376049063,-0.4104154702716485,0.9240750466997255,0.2672865704906581,-0.3443021528519127,1.6902225350413311,0.2858908643428146,-0.427423101749271,1.7952767062696215,0.04232960239184174,-0.39060570649786064,1.7367347867233638,-0.16376269062757343,-0.3512188739850672,0.9428977959882991,0.6795817633855532,-0.3563860553123313,1.5360889849255337,0.568260513911257,-0.39481214591607067,1.5808478007372324,0.35319224006874766,-0.3356773350054457,1.4927266841069922,0.19677290687013482,-0.2840088661421053
Quiet,0.0,0.0,0.0,0.37670391210693693,-0.5538321704011057,0.015461592776117916,0.9205809986153719,-0.8732178255149887,-0.07978435515552658,1.3016976533830003,-1.0914334445002367,-0.1816673577054233,1.5041727690700304,-1.4068525298537142,-0.27947848640869344,0.8265047144147253,-0.8412482794520671,-0.34984034997034397,1.1521418211623475,-0.9813571617834016,-0.535603444037999,1.3575013056344307,-1.1281872350512094,-0.6322153010279116,1.549506848440508,-1.2399343492225279,-0.6866392595719593,0.7552510346345803,-0.46225524881517654,-0.4646675797021082,1.5921644199913472,-0.2023744950923067,-0.6419635831193221,1.971562845708557,-0.03460924792817404,-0.6755989958047504,2.232213082190021,0.13020490310914154,-0.6890209887677141,0.6911255296174607,0.013992352860421263,-0.5520796692373712,1.5687094945703215,0.23524538985111743,-0.7252563846625831,1.4629109110844176,0.17212820910954002,-0.6290155661157125,1.23846290542022,0.1338399544890379,-0.5219655801806982,0.657981105715626,0.5323043941600688,-0.6310783545052986,1.3419292094368547,0.558678640783262,-0.7164482431542379,1.2444127600608283,0.48721365775419834,-0.5953314980769149,1.0360195646578394,0.4650024558421597,-0.482223192472046
Quiet,0.0,0.0,0.0,0.32480230534168675,-0.5118244118526385,-0.05023854444359199,0.857109852185851,-0.8786105665584095,-0.20511673543447004,1.1815599659736367,-1.1701378040153052,-0.3508307925186167,1.3209051589482304,-1.596518126196933,-0.4875725568973275,0.8147575220999907,-0.8058784447747329,-0.5033020314320914,1.1421594305511655,-0.9352573818712068,-0.7419386801568852,1.201341185913099,-1.2070885473116224,-0.8835961945529915,1.2235146922800053,-1.5248156772674084,-0.9619907766177832,0.6637379318705787,-0.46788166664881187,-0.5835569413605642,1.4447349195219918,-0.11065133015182826,-0.7967263707831738,1.889387245558916,0.14445332793681467,-0.8427646804132688,2.2200729021703243,0.35673228284893016,-0.8693724808243595,0.5586841521339396,-0.012849685397549118,-0.6337597865426126,1.3430256021167564,0.30591452157960475,-0.7631461895076957,1.3549621068910163,0.244555694250635,-0.6006743887413344,1.2475510871184217,0.16202588479578625,-0.47120669419036043,0.49674878698442837,0.44847583798719365,-0.6884870715046985,1.1482691025321183,0.5667386520369248,-0.7238891715264254,1.1789870178661257,0.4606231147215316,-0.5470562480281842,1.0795717582699371,0.3855107999835302,-0.40358792113665265
Quiet,0.0,0.0,0.0,0.30338532419872644,-0.37299564047271955,0.050337197243557286,0.7076686383283041,-0.5276988331808006,-0.07479550566281003,0.9950239079297105,-0.4786878475082595,-0.21392978655963396,1.1769609145130528,-0.4373703197920254,-0.3520501412637232,0.68569309327699,-0.844096695008488,-0.4245228478022137,0.8895554612015484,-1.2031032818933998,-0.6616417636098055,0.9560683601687522,-1.5325054157977969,-0.8214331909240902,0.9676336389582617,-1.8313167408196762,-0.920021106599816,0.5237742702522795,-0.6499290326793968,-0.5506839077929512,1.1458035217035862,-0.3701461897334729,-0.7710123873958078,1.4624554508635734,-0.05577673378805738,-0.8230887121604482,1.6320122345651884,0.200482937846905,-0.8526241871394361,0.41447159127377264,-0.29834392772194757,-0.6456447712214913,1.0745664660269676,0.09142212467118377,-0.7604013862936115,1.150889001125706,0.2682628278949341,-0.6304211983652745,1.0857076432664339,0.3375301237504932,-0.5369546287044737,0.3627227398173791,0.08722440492063947,-0.7402370795791064,0.8733099118491021,0.3332839914796191,-0.7512075338048081,0.89708380491169,0.34315620964962873,-0.5957948319954307,0.8189442259096805,0.3127480301120947,-0.4798530941695469
Quiet,0.0,0.0,0.0,0.30422601591278225,-0.2941073837976386,0.04236597864753958,0.5996017661242149,-0.503527756107091,-0.06967183149494259,0.8230015893236146,-0.5374693889881921,-0.203123997489819,1.0058022621406855,-0.5337472538470472,-0.33396697439080536,0.6006730927999457,-0.9135271993659851,-0.3311416249263758,0.7893250197119149,-1.3071563491683542,-0.5500115335499867,0.8281980949579555,-1.6377549299867946,-0.7056920417594218,0.8346000408453174,-1.9158229978718624,-0.8065075731450737,0.43574749238458993,-0.7789228683304951,-0.45100253665842704,0.9447577341918815,-0.4884448123754309,-0.6712225673677021,1.235749218402862,-0.19094468903801254,-0.7297220133474749,1.4022903337446562,0.05297257800137336,-0.7579547669667116,0.3241373999696806,-0.4789890142051899,-0.5496307248144705,0.8780110062943677,-0.10457378754925165,-0.6750350490078338,0.9928176773679878,0.12102739664881151,-0.566406566830894,0.9661419067993867,0.2288448695916543,-0.4831361409885459,0.28432816625359203,-0.14597146739636238,-0.6525580616710935,0.7156583476147541,0.12137155704767634,-0.6951599074285838,0.7782043148521706,0.1855695996624833,-0.5762639147617103,0.7496270492912714,0.16993543682416334,-0.47839839870509215
Quiet,0.0,0.0,0.0,0.35484051271403844,-0.21201934318516907,0.00754995853912522,0.6102173101549316,-0.3990876188260226,-0.097498618381488,0.7735578692717355,-0.4673921547306489,-0.2253310673621731,0.9198945985551812,-0.4790437242029586,-0.3574404419098158,0.5251775937678069,-0.9530668145432594,-0.26037266829911326,0.6511027120752949,-1.3361429320580316,-0.4303185536475383,0.6756822941670861,-1.6539555924327485,-0.5532823509576767,0.6900245024792248,-1.9197298372130944,-0.6423673127408579,0.3508482398680254,-0.8628019081408637,-0.3639757957474555,0.7652871362890308,-0.6209529208612531,-0.5562024577964523,1.0115344794393666,-0.330383536765162,-0.6202727371445209,1.16125650941528,-0.08082853816501036,-0.6536340041520544,0.22262852128897903,-0.6110556236782677,-0.45310910644200064,0.6710795415795641,-0.3084926802834014,-0.5714994474959052,0.8081799945753746,-0.09741145744271879,-0.5047633614364329,0.846512988508844,0.033630115653164046,-0.45315633930264887,0.16440287996237044,-0.3085877040300557,-0.5495387182675485,0.5201099263392716,-0.0817679339960291,-0.6015955486987292,0.6323238832964628,0.008402267531345388,-0.5204311589861899,0.6716739183036031,0.03868008570606412,-0.45243098605532717
Quiet,0.0,0.0,0.0,0.34749190358675097,-0.20876409721428826,-0.032657170366628976,0.5546439991942185,-0.37176774238058763,-0.1534520288617345,0.6813965806880191,-0.4089757809231902,-0.2980743433364261,0.7859317276937026,-0.39947371782992674,-0.4432833396646588,0.4078522291352498,-0.9920798201191705,-0.24728541467746692,0.47606848035501476,-1.4104561357239613,-0.418038695669922,0.506000023050488,-1.7223982981586035,-0.5335083647083118,0.5328360479825771,-1.973141463482605,-0.6208135322563783,0.22732284624142818,-0.9130331391271416,-0.33866622275085795,0.6020911707277411,-0.726767767238478,-0.5716932296358527,0.8123779011056836,-0.43324385491786654,-0.6306647915533914,0.9175487361030052,-0.2036498781748538,-0.6408013705931367,0.10016752073080028,-0.6824722251301966,-0.4232938897658105,0.5032441053711365,-0.4110394594321129,-0.5792965063231178,0.6108932298514154,-0.18184046190676706,-0.5034763923935096,0.6079348413713163,-0.04701395434263201,-0.42733850772090465,0.03331596958988068,-0.40555985531520766,-0.5207665124182081,0.36149740368738165,-0.19286296057901672,-0.5995226727171239,0.44668442925316953,-0.09569631496523077,-0.5250202671808764,0.4396317940308899,-0.058851317409786406,-0.4510319133248917
Quiet,0.0,0.0,0.0,0.3385911816146388,-0.19061581005917463,-0.05646418744842119,0.5485120019459736,-0.32432338038034925,-0.19238749033419267,0.6939469837041428,-0.32394086484343615,-0.350824393044822,0.8228650464316536,-0.29135206889718157,-0.5083114081069723,0.37276450290444507,-0.9846835477562397,-0.2539019371825152,0.4340838371217441,-1.3958953889315397,-0.43221076252261936,0.4582486620222743,-1.703545109447318,-0.5527093456497819,0.47673672435594583,-1.956992491552786,-0.6420987281078565,0.1815439391765191,-0.924494784608101,-0.33518829242784304,0.5416521855939062,-0.7507212581265154,-0.5667758806192257,0.7323025125876247,-0.452413743993038,-0.6233928837220113,0.8194030261894663,-0.22843986302838787,-0.6310893820796529,0.050476631422262476,-0.7110901587562193,-0.41368199425486996,0.44733621804391743,-0.4344454161573765,-0.5682879062539504,0.541387650070967,-0.19852414902943732,-0.49253483488342725,0.5286613694748956,-0.05987895951432225,-0.41542156287817633,-0.0171377994639098,-0.44848249148903835,-0.508008995906885,0.30834557625767,-0.21513867742417495,-0.5860906871935053,0.4039081144109421,-0.10677672238319541,-0.5164707728983342,0.40983427597616545,-0.06473198392606079,-0.4455192688291382
Quiet,0.0,0.0,0.0,0.3003026670804223,-0.1385989494848408,-0.08526852118216555,0.4778053754109624,-0.2698485680238516,-0.2074250544245345,0.5783491926664993,-0.3352069790765603,-0.34526136553384534,0.6448411989396292,-0.378438038946354,-0.4783691917949578,0.35356080085454944,-0.966573959282474,-0.22155351190832684,0.42363515506408156,-1.3665529794149924,-0.38030963143098556,0.45859130382457114,-1.6604099853281267,-0.4882539817971405,0.4852639910816368,-1.8992848842527184,-0.5651807754942173,0.16082516459976656,-0.9465187426745423,-0.2797097356140142,0.44346672542581594,-0.779137296183562,-0.49947490448045845,0.5988346009785862,-0.5164483472360062,-0.5648648785114612,0.6690481662923822,-0.3035734600310824,-0.5761157943741526,0.012058594107247267,-0.7844382733380547,-0.34025484257685507,0.31730806498572894,-0.5065830628204094,-0.4953147369414255,0.41855394975845067,-0.2790712368813782,-0.4525122655768894,0.44000354860745916,-0.12610789247500034,-0.3941892924858764,-0.0886527574330755,-0.5662335513984836,-0.4174240867071975,0.15863105330866736,-0.33875539263629934,-0.4906699691356545,0.25033269424501114,-0.21133073946684164,-0.440438274080231,0.27646109547638487,-0.13212042274015456,-0.3820048138652005
Quiet,0.0,0.0,0.0,0.2832556137529474,-0.10562043993937635,-0.10218971495983475,0.45591828959138025,-0.2329740022993327,-0.2245097688568244,0.5429561870648784,-0.3245923593295999,-0.35816285435924045,0.5556569747830218,-0.39566916027434323,-0.48698701908282493,0.3579570023593049,-0.9289912061669039,-0.23454678384467875,0.4421632930201008,-1.3297202023005041,-0.39504049028033417,0.4967490777703782,-1.6104111986646152,-0.4969693660547577,0.5368898050058876,-1.8417689918130031,-0.5658126675633872,0.15880161676919793,-0.9468580231836154,-0.27971759051640765,0.39600554861662446,-0.7929308293142857,-0.4981530104378061,0.5260224581474645,-0.5164033752310295,-0.5551336798448518,0.5748631909251498,-0.2956823412140279,-0.5574647633261527,-0.002047529975964053,-0.8184296941777096,-0.32931578630032543,0.2650226847062559,-0.5295933598533235,-0.4935195196320592,0.3627679187017552,-0.2749590385270691,-0.45247572260300056,0.3874118674551152,-0.1049327359402868,-0.39000442027710047,-0.12030420354522203,-0.6225750782770637,-0.3956193165423249,0.10592317635329392,-0.3759360361176805,-0.47885061787006283,0.20156968230282837,-0.21498842147318203,-0.4349596647423364,0.23550653905607127,-0.1108889963193015,-0.3774547061478659
Quiet,0.0,0.0,0.0,0.26161159183678195,-0.06679158259673822,-0.10644306553981292,0.4413893364392718,-0.18877250640161344,-0.2219788277334786,0.5300097034059268,-0.28058729170383,-0.34843915897708594,0.5413678943426141,-0.3810697542026847,-0.4713889332822146,0.38824229853520875,-0.9057721375102217,-0.21514233854154782,0.491384056006113,-1.3069119324598744,-0.37022354404106145,0.5640996912923039,-1.5836976590828558,-0.46937975943837257,0.6202866081534075,-1.813039019269188,-0.5349615500058977,0.18269339617981423,-0.9502820692933641,-0.2521648503891992,0.3951744194925989,-0.806174293130327,-0.4659119825751298,0.4942300158938781,-0.5204404385525366,-0.5243674416544623,0.5224352012431007,-0.29896931682505984,-0.5267898431743158,0.011731002614292555,-0.8513491458103241,-0.2953875909154118,0.24821550190353936,-0.5634352885492748,-0.460865293851077,0.3151998377234453,-0.28680643299702996,-0.42416167329854193,0.3178470856190469,-0.1083508874193202,-0.3633149343135133,-0.12157119366718741,-0.6769622736106213,-0.35482796326359495,0.08200017461234811,-0.4195224677631646,-0.4412381450866429,0.1538001025500359,-0.23639731990806948,-0.402165913858287,0.16758493739102467,-0.1298330268798306,-0.34707877849227314
Quiet,0.0,0.0,0.0,0.2511972616638224,-0.05604276432527819,-0.09914464775572736,0.4283539488747857,-0.16556881598500417,-0.20247009439861957,0.4978934688341137,-0.27570269765971994,-0.3149278012382166,0.4859394349485222,-0.39725719268836984,-0.4222324878915692,0.42070141083322565,-0.8774222424944893,-0.1958622151556813,0.5606816032117127,-1.2536329285967034,-0.34413130031576533,0.6550200123841579,-1.5140726588791609,-0.43720206743780105,0.7256159116165253,-1.730492052675856,-0.4973377129704041,0.21885555243465646,-0.9479844024532191,-0.23114458651228334,0.3875870983922354,-0.8313296868999643,-0.42994599855457694,0.4663357400136964,-0.5718534875018537,-0.4837626900678578,0.4864103462832851,-0.3623543064274538,-0.48462474158653523,0.03830296810035966,-0.8746501296163153,-0.27317456739818696,0.22596394660952707,-0.5643045211840182,-0.4257882215544512,0.27652381742394555,-0.30885166478099685,-0.3950660628460771,0.27450939970645366,-0.15065108768682384,-0.3403307280673488,-0.10949976641165952,-0.7203729854201033,-0.33070146744638224,0.048181905884863034,-0.4422481217669151,-0.4078156831890038,0.10911634179807304,-0.27016841060413327,-0.37365012429082783,0.12284561072098941,-0.18274969106446956,-0.32391490409485285
Quiet,0.0,0.0,0.0,0.23033557592876167,-0.009084586147653187,-0.12434848953176499,0.40693230087995513,-0.10289415645453262,-0.22992851519617208,0.4670992886294457,-0.24070571184002795,-0.3419137236959719,0.4091317406123293,-0.366146970546346,-0.45024072130270565,0.5129302175071543,-0.8111747883524912,-0.18224450855652666,0.6942217013979122,-1.15251805837977,-0.3299619322398599,0.8193666926755573,-1.3887447136246363,-0.42324243047447474,0.9164897768737009,-1.5863725464730394,-0.48030320101020546,0.3182713955251421,-0.9258741220347386,-0.20361834135676585,0.41480582440450836,-0.8461177922380053,-0.4130789446509515,0.42969833842495014,-0.5943980704023102,-0.47580099650158564,0.41849280854195664,-0.38947360141447374,-0.4740032506584805,0.12509662636349245,-0.912664293209361,-0.23541738335119847,0.2247970173505718,-0.6359259444179097,-0.4174167860422238,0.2421558833568932,-0.3360445962505678,-0.39929138787376417,0.2369517410032988,-0.130672945783748,-0.3360642201015253,-0.04398530306277184,-0.8206478456287928,-0.2824284678614121,0.044925573893797976,-0.5905402572499003,-0.38194409582417177,0.07272052796704834,-0.38178358006420554,-0.3524617041211109,0.07571643696751355,-0.2513534933948389,-0.29529754388253254
Quiet,0.0,0.0,0.0,0.23913231400477739,0.017881004735923387,-0.13235622066436442,0.4253311300317477,-0.04274045706649409,-0.24280074330465654,0.5070123176611689,-0.16262283553572657,-0.357508780683924,0.4776518108224736,-0.3206327108161223,-0.4686387260258536,0.6173929753925953,-0.7228573186131984,-0.18775650277792091,0.8372412387368382,-1.0219547366696486,-0.3421131298092228,0.9909381287497682,-1.2347073178269332,-0.442500383363028,1.113804400534167,-1.4171334414913574,-0.5022172737088626,0.43593696148095457,-0.8759649163406084,-0.20650528069554014,0.5144708812025984,-0.8237937031564877,-0.4250653769680312,0.4824971607131175,-0.5926190445273691,-0.4971518490139716,0.44195582704119674,-0.410097001651054,-0.4962191711487554,0.23766870120653324,-0.9101553064219599,-0.23535376350273898,0.28968472802344825,-0.6462017518051699,-0.4281787872136168,0.2603082346494377,-0.331569320577338,-0.41132891400552124,0.22659549105006363,-0.11801962217543666,-0.3416207965102486,0.050942199542330785,-0.8619219797986419,-0.27935925265491907,0.09808714204589945,-0.6658579118202353,-0.38525591468114845,0.10504934316156794,-0.44076957413207907,-0.34967316885835403,0.10251255294789875,-0.2954823815259148,-0.282717074930262
Quiet,0.0,0.0,0.0,0.2610537869342842,0.045550838176934894,-0.1509300042799766,0.4824016869980284,-0.06445032781249016,-0.252168094918887,0.5780803171650885,-0.2547513569242008,-0.35660922262944733,0.5925211589736615,-0.47566922411744256,-0.4559810868940391,0.7038202239692887,-0.7130768367924873,-0.15648504091687251,1.0058094711008567,-1.0538789700537672,-0.30673635187150855,1.1902850498929103,-1.271253146827404,-0.3981837734976482,1.3407067055779929,-1.4626936113716047,-0.45143435961029205,0.5180949930567395,-0.8370051741546418,-0.17606793179876526,0.7016073675557093,-1.070936988734279,-0.42110328321034346,0.6486057079274771,-0.8183830318860212,-0.5002051357140495,0.5788404222925938,-0.5628686807992428,-0.48892955684355693,0.31340368025022,-0.8868742530540482,-0.20997417104413704,0.41596153627953547,-0.90984381529937,-0.44960119463108134,0.35796646843245006,-0.5468322249202737,-0.4378530779615861,0.3043388993558178,-0.27647892299196813,-0.35335609691223246,0.10501209132318023,-0.8663704822428802,-0.25591028010442385,0.18645572343056416,-0.9071096325070056,-0.4060971294640106,0.18847588120482536,-0.6326871246794552,-0.3698637905244217,0.17989169129468974,-0.41377453672985265,-0.2925799897352048
Quiet,0.0,0.0,0.0,0.26619937287492645,0.046214916491077,-0.1497057818883528,0.49745031683271795,-0.09212236713914541,-0.2361588939754508,0.5854139750879317,-0.3199924596815182,-0.3239398794756158,0.621038715716781,-0.5515558194843906,-0.4051373798981271,0.71855573654301,-0.6874062220734617,-0.13816603652143794,1.0273051858032722,-1.020246341419463,-0.28162275372352086,1.2207589039369728,-1.2223909903345438,-0.36606432639704434,1.386420481863858,-1.3926661116214947,-0.4121499771197175,0.540781644973702,-0.8275535093185985,-0.1506997069473241,0.727947446189205,-1.1001020377087891,-0.3854651523764879,0.6921245640488308,-0.9087773861807239,-0.46684824251955476,0.637983845668129,-0.6755890114118125,-0.45498803755419137,0.3459779905605547,-0.900722459951326,-0.17796141907492913,0.4462879439846371,-0.9195282249673571,-0.41104170701287485,0.38484257826007595,-0.5727565369316578,-0.41157326652113047,0.32735226419132674,-0.3086320634968321,-0.33365213711315356,0.15033934151211642,-0.9047246073411406,-0.21708151527427808,0.23547499286907825,-0.9049016759867002,-0.3649366098534888,0.21823526708010973,-0.634276294115935,-0.33989522115543874,0.1964866551177481,-0.4283081221715362,-0.26934354876131145
Quiet,0.0,0.0,0.0,0.2197703870765385,-0.1063207658500566,-0.12201966002147123,0.3730470132479106,-0.3155310177970741,-0.20828994700233278,0.4287779215980061,-0.5150582726187293,-0.2978783945395766,0.43071168444631575,-0.7172973926386336,-0.37849821602391387,0.31712402463512585,-0.9378458820651115,-0.16125239754956638,0.40702382315196123,-1.3491337403292882,-0.29322891510646487,0.45725238391338197,-1.6168667279454643,-0.36888084530275167,0.5017662206276358,-1.8473969109210793,-0.4113964237272136,0.12452853201137579,-0.9761878412616729,-0.17762303704183952,0.2379116404034191,-1.1619650347580308,-0.37001180802068695,0.35351693770340553,-1.0294399238665337,-0.42920615214493946,0.42896144322391105,-0.8534154192522111,-0.42142705433882127,-0.046919424981862044,-0.922153010189761,-0.2049081697930667,0.13369030815656968,-0.8056687408920193,-0.37952534413771866,0.2032364457377635,-0.5319679381123383,-0.3690522625709188,0.21707038170354773,-0.3290993914900631,-0.3073962405415604,-0.18786122155335314,-0.7990822585552438,-0.24617470687852888,-0.023426822872431065,-0.663606374232974,-0.3457802287580451,0.043401702997244135,-0.47397901684604515,-0.3247203580214528,0.0582039875820605,-0.3434984420160957,-0.2731370567567453
Quiet,0.0,0.0,0.0,0.19828525652356496,-0.11666916689825349,-0.11312721186091328,0.34375548500691666,-0.3405505040794229,-0.19650207274960885,0.4081848613943028,-0.550176415973507,-0.28327781754801373,0.42098380599505436,-0.7566388228801716,-0.3613194105849505,0.2443324721560556,-0.9559345731646773,-0.1594989028756103,0.3088186368218576,-1.378151685528979,-0.2866102405355618,0.3443895604977635,-1.6462902621614046,-0.3588118041847543,0.3637189159771489,-1.87936913019326,-0.4017249639529743,0.06432930362499732,-0.9813303877279108,-0.18125234016947525,0.2023548420041796,-1.1655011648188875,-0.3644239570412758,0.33913742844665534,-0.9932940261866987,-0.4155491118050417,0.41086102408584796,-0.8062575510036043,-0.4058542313822425,-0.09027383040706406,-0.9067224057096483,-0.21211952751792393,0.1133307154310435,-0.8170082593544024,-0.37967471446295187,0.19738158742223452,-0.5451187626762942,-0.3594736106820462,0.2076427832244799,-0.3641462146155899,-0.2965447831673229,-0.21617368479414448,-0.7663198377997483,-0.2556893846469223,-0.031764782756519686,-0.6617922700799043,-0.35192495944610597,0.044935443413228734,-0.4738741900310423,-0.3217679722154357,0.05215732090909148,-0.3532515461704639,-0.26654743007810183
Quiet,0.0,0.0,0.0,0.20484405906789138,-0.13980785440256133,-0.11010807906960038,0.34541431485124957,-0.36018247172538415,-0.1992882222604402,0.40581871845144296,-0.562713326163751,-0.2925800070013476,0.4010696156494211,-0.7664725538468027,-0.3773123295325535,0.16458907445315568,-0.9785888413299204,-0.18102789742399417,0.1896504287844829,-1.4184650826610155,-0.3200392173177758,0.19785268384087623,-1.701752731229756,-0.3990499948645699,0.1946813433180204,-1.9439772233601753,-0.4462209293300498,-0.019346638967959823,-0.9778109834383389,-0.20859383554648,0.14015328944591152,-1.1447405810051967,-0.40467904042009983,0.28561067826713593,-0.9766048963254831,-0.45492291494733555,0.36391084572605303,-0.789153365881466,-0.44311021667120204,-0.16064083458202283,-0.8719451474472404,-0.24469068926088103,0.0873334795602903,-0.7559556563459282,-0.41751902752832626,0.19157913773099985,-0.5073366020134426,-0.3941849981861414,0.21835065313542368,-0.33946739237237306,-0.3290976911808915,-0.26055387701650495,-0.7019748108827615,-0.29379415186885666,-0.04092536583830294,-0.5845786574821322,-0.38836232688310746,0.05051738886827206,-0.415963461514355,-0.35476137016116827,0.07065518551616301,-0.3059845162037539,-0.2972507488882286
Quiet,0.0,0.0,0.0,0.18022789115829568,-0.23681509846040846,-0.1013370201827176,0.27528253787940854,-0.47189370709130224,-0.21487976876595605,0.30326897770580313,-0.6312049974913024,-0.33841608755494473,0.2491765105550902,-0.7440113950603201,-0.45445431582512785,-0.07294525059181367,-1.032901507705139,-0.21103385189646126,-0.13763861264876773,-1.4586069035488956,-0.3693084191105417,-0.19532105700021493,-1.7421951802248772,-0.4677911300257569,-0.24725383887902347,-1.9695925199102788,-0.5310691417903991,-0.25523128426393965,-0.9330914965051335,-0.25337176378355697,-0.053703199788012676,-1.0226004114532357,-0.4677501386269862,0.15055531028968352,-0.9158850097422022,-0.526936556795628,0.28180180028066115,-0.7886472249959552,-0.5281355703022331,-0.36117950085630146,-0.7429387364839463,-0.3025548015810578,-0.03987322102691548,-0.6654856394323265,-0.4704884727313165,0.1179976352424972,-0.47422472312861347,-0.4350209517036474,0.17450394641154263,-0.3301351871999605,-0.37251851652222634,-0.4044006143872347,-0.5132316310887255,-0.3676756151829249,-0.11681993243363292,-0.43942272372104485,-0.4530741312026009,0.007923353642208444,-0.32634562595749433,-0.4118864989389622,0.04265665170691839,-0.24572478122355315,-0.3546832132503177
Quiet,0.0,0.0,0.0,0.15492986544059664,-0.26295726022698274,-0.09893757084703883,0.23671277237988228,-0.4778427869131139,-0.2304765773947879,0.2888279554512546,-0.6015762264200567,-0.37297441561401534,0.28404946486119287,-0.6661978424321294,-0.509780495231621,-0.08798673067680321,-1.030881335648406,-0.24571788414317344,-0.18166297346035887,-1.448159223969129,-0.42452272812096725,-0.25959903686306074,-1.7434894100468583,-0.5283416690825347,-0.3229158162846979,-1.9807851252296222,-0.5982533734290149,-0.290929709711593,-0.9113095505026942,-0.29133281169429853,-0.027757509680195712,-0.9240706062981192,-0.5237082809530288,0.19246568881556264,-0.7353990513140173,-0.5694800862163406,0.32477042595511185,-0.5999700881284834,-0.5614590441324093,-0.39142275271192245,-0.695069251716011,-0.34295934443871556,-0.024757760557979618,-0.5615202278074718,-0.5066700195434943,0.1136066627959248,-0.3823972108012998,-0.45025974936193813,0.14390111350095247,-0.28536358897404146,-0.3837752614030191,-0.42937289608024637,-0.4462683467555346,-0.4128729485056894,-0.1202777574662717,-0.3411396238993897,-0.49942774224474956,0.005718580845733301,-0.23510554853374116,-0.4517684591310559,0.02430701417801494,-0.19419485662481434,-0.3944639935286091
Quiet,0.0,0.0,0.0,0.17442615286828259,-0.23661733670893922,-0.10438035498451269,0.274375269492379,-0.4278781017216039,-0.2364779726359981,0.3330529915527433,-0.5354582483732739,-0.37947812290367294,0.3345880381407018,-0.6076914084095979,-0.5194233252769934,-0.019642653895795843,-1.0181525885481701,-0.26389819286650573,-0.0775488342156156,-1.4510427890767206,-0.4463020885497302,-0.13301459975919583,-1.7651044803905767,-0.5592423558351266,-0.17781942656493896,-2.026342839205331,-0.6344534892041349,-0.22934504436565295,-0.924646259479388,-0.3040232646619217,0.048038823893082526,-0.8564220478619732,-0.5347243520867135,0.25457224304729387,-0.652580379050997,-0.5847026853031111,0.38450883450855017,-0.4969196410161865,-0.5825574436927616,-0.34466995525980637,-0.7198654918832035,-0.34904055160841846,0.014910872179558367,-0.5349548466126345,-0.509113178658644,0.1600111326406651,-0.35446741507052837,-0.4516864720767337,0.21671652806409755,-0.2373942363782376,-0.38395041038867617,-0.4008131334774159,-0.47804219676331716,-0.41328476588786084,-0.10747554526986323,-0.3445325974499367,-0.4973675942187132,0.019744089228793574,-0.2309793344066644,-0.44748558194877575,0.06315768112517406,-0.16748885284321569,-0.3861531279620206
Quiet,0.0,0.0,0.0,0.20181080861373207,-0.20281286458979017,-0.09843538391083256,0.33802584228299026,-0.3770378452109713,-0.22385835244090196,0.4188181057958584,-0.4768528474471004,-0.3622611072947126,0.4128577452914064,-0.5351895983024347,-0.5000903177414074,0.08652443661788468,-0.9974651000566209,-0.24532868910819863,0.08112800267973856,-1.423829714855689,-0.41658120175512,0.06850807514705193,-1.7331618018990016,-0.5249469296087022,0.05536743381176108,-1.9923381545038745,-0.5967436761266276,-0.12771544315551864,-0.9497805355246393,-0.28566711381977283,0.1514452522004306,-0.8440811552269002,-0.5020354022586618,0.3225277046168679,-0.6197632187101018,-0.5534427463835359,0.42179738578217385,-0.4525569511976975,-0.5543663591899302,-0.2611658202315125,-0.772324920674945,-0.33025911490504073,0.07865515227691479,-0.5257689757445775,-0.4854699393379738,0.1901188751815372,-0.30974356858211527,-0.4363567728415629,0.22839746148113838,-0.17208090732885364,-0.37332894638891995,-0.3379136091328208,-0.545632442792744,-0.39287678020888267,-0.06969234494338508,-0.369417274332195,-0.47710598888807537,0.05032006297596007,-0.2360295557635684,-0.43160651976507397,0.10122469861643893,-0.1583800605263535,-0.372633340928779
Quiet,0.0,0.0,0.0,0.206073231980677,-0.14967526839339318,-0.10126262791128662,0.34242539479361417,-0.2956369952622702,-0.21555945697656093,0.4239200173897586,-0.39147820029458746,-0.34101944729486094,0.4270964822658031,-0.49397803222560693,-0.4640569603538516,0.17586293383438548,-0.9799480163808233,-0.20663591207721232,0.22732772727354827,-1.3968657901710924,-0.35888590649545876,0.2611408512090206,-1.6886270324826573,-0.4543991483466516,0.27591496491493994,-1.9320496208968607,-0.5162432493843557,-0.0218375669561281,-0.9697258876750467,-0.24321764623949346,0.1763132870580331,-0.9208644354798593,-0.4409964585166945,0.3174612201530408,-0.6882888291656774,-0.4927889518067443,0.38679747606731046,-0.5046247663096042,-0.49211365604259494,-0.1675378361582617,-0.8316944971976357,-0.285529417106941,0.0751283507786978,-0.5996553823536201,-0.4403602234044143,0.1782831142688472,-0.3545321487489742,-0.40241451176010407,0.21124714448353898,-0.19888197578862235,-0.34221675136612417,-0.2659975970704883,-0.6318671073392043,-0.3438070611871297,-0.056919006350194194,-0.4285394149306553,-0.4268019931809468,0.04437758194976474,-0.2629082067262509,-0.38568985246852544,0.0801988037572083,-0.16904841543518986,-0.32849575379707774
Okay,0.0,0.0,0.0,0.26005445813773015,-0.09201792143037446,-0.21361971658017848,0.5069318159786591,-0.3225070716430147,-0.34917548011541644,0.6758777789944335,-0.5815270769884744,-0.4331396383890856,0.7578420632660403,-0.8529980552000239,-0.4951002349839864,0.09359928655527248,-0.8176498011914521,-0.4412436241817351,0.42884115374819604,-1.0211123407886693,-0.5759145818876293,0.6303260445286084,-0.9841514650342366,-0.5883449395200439,0.7428498799951307,-0.86255504192922,-0.5574835027698984,-0.10152307557204401,-0.9187626139798019,-0.3815341718370647,0.0326206033571039,-1.4427698120425927,-0.5344291139132546,0.2342173268718158,-1.600576794930485,-0.5235134065828538,0.3963817026177653,-1.5566494623440497,-0.4630903530161241,-0.22311070284402582,-0.9069183965246658,-0.31925345011352035,-0.22628537029579768,-1.3764314822257417,-0.44938247916962965,-0.06014339319675742,-1.516142138123678,-0.4293676396331831,0.0905917399311617,-1.5043338893429161,-0.36386251866081976,-0.29326626712952975,-0.8198775029759603,-0.26625510057306123,-0.4093458181003669,-1.1423778206757518,-0.34566983017859876,-0.31654129788716673,-1.2958979344383121,-0.3246578023389444,-0.17988892172173843,-1.3152707566974422,-0.2675078196060633
Okay,0.0,0.0,0.0,0.32479015241631376,-0.1670304407448737,-0.12209298239424583,0.5752588213202156,-0.44786837159319576,-0.21541190918756445,0.7220226450584668,-0.8073253513205612,-0.2699551221378724,0.7173121214562796,-1.1110691322572237,-0.3062127260660658,0.24679670693366929,-0.8625554323046152,-0.34734314968266594,0.5001920798459774,-1.1730963591466907,-0.4436586380026987,0.6294686721516979,-1.2230784708830098,-0.4346774213161575,0.6883033885817049,-1.167775730580674,-0.39975495319261894,0.005619098380334966,-0.9478144763158154,-0.31877287246497077,0.11136940334550603,-1.537226532918227,-0.43912684632449606,0.27204981963209973,-1.7423121249633857,-0.4184228152223227,0.40208900148015414,-1.7537071391976868,-0.36907622254625067,-0.18142231855867424,-0.9277810023969826,-0.28149757979384743,-0.17730140199337016,-1.4653113060495562,-0.37945671438406076,-0.025601077507082806,-1.661211327075506,-0.36822918321139547,0.12318654155505442,-1.7082862328314898,-0.33154912200832964,-0.3060117182359678,-0.8259191375085763,-0.24445626345957655,-0.4319856445561175,-1.1881543362613456,-0.3075063035737103,-0.36644393976929923,-1.3871752083273492,-0.3021830086106923,-0.24448160773740577,-1.478881266987747,-0.2736882029268661
Okay,0.0,0.0,0.0,0.28165121509466745,-0.3145213700378537,0.08786805290984631,0.4372524673274353,-0.6810858347920123,0.10380141072448967,0.45386159353572014,-1.0480930728057936,0.10909211395310124,0.335584125949081,-1.240964970167014,0.10721803156854508,0.32918518630792537,-0.928946034187818,-0.06744037493566485,0.33265674391204647,-1.347921198043217,-0.07633201620008084,0.2690248621035887,-1.3307144204241084,-0.04673198582580642,0.22436076117089326,-1.204827239375849,-0.014996683036080916,0.11951178423139062,-0.9845370325241456,-0.1280771838321688,0.18277034411187176,-1.543024282494705,-0.1313968481788823,0.18409042390223945,-1.8361918064153278,-0.11017164678007597,0.1831086881294794,-2.003282797715213,-0.09901871724291164,-0.09320032380844911,-0.9500025680669123,-0.17105745782907592,-0.045915233880508936,-1.4689420773113924,-0.17748314590228953,-0.018878318143472364,-1.7239377704224697,-0.17536183233215358,0.0154464470145776,-1.872158683567383,-0.1816062091277905,-0.30324637516083797,-0.8371263288607598,-0.19834847841556885,-0.31627901003389486,-1.2373602274426418,-0.19808755245318296,-0.29934936508924803,-1.4383485134767409,-0.17063142730118933,-0.26618963340733404,-1.5930991971006323,-0.15418444178499044
Okay,0.0,0.0,0.0,0.10092167123862797,-0.4478145274822394,0.16914008543253767,0.12409998662691228,-0.7995431634001683,0.19306919620524715,0.08965389073877308,-1.0423734792631625,0.17109021545911574,0.006732525908654891,-1.209904115693197,0.13451500560734972,0.27195705410938403,-0.953738158443282,0.08803115307618273,0.1781585277168953,-1.43943635580466,0.013377527211838859,0.045702415685671814,-1.688871060557289,-0.03945269793525118,-0.08284464179512738,-1.8385492654740552,-0.06732003979895415,0.21813727765111515,-0.974608415724996,-0.05054269578261065,0.2148553781999934,-1.6045731380371282,-0.12154821321124377,0.07287956112590496,-1.8602426240294987,-0.14584588703858306,-0.09217365348546323,-1.9796459511741722,-0.1507107263582855,0.09672164219035466,-0.9348711364216498,-0.1819267347203849,0.12034724332205017,-1.515352684693127,-0.21529850914812623,0.016615471544567623,-1.7489838768254375,-0.22282968285281235,-0.09898226572342438,-1.880079826337996,-0.2301608513843326,-0.08532333702516269,-0.86074426885967,-0.30114665083379666,-0.04396771104805783,-1.1969928386450428,-0.33001283717582847,-0.07098504336146363,-1.410965106060536,-0.33820457313120444,-0.13183818916434725,-1.5931886812205756,-0.3450968325784761
Okay,0.0,0.0,0.0,-0.10290795800802431,-0.341031534773222,0.16332032751756637,-0.13381112528577171,-0.6533892159289509,0.17676755498845906,-0.25166356058311207,-0.8891903634446301,0.1432674704447308,-0.3785683256046616,-1.069719792796465,0.10714924639954407,0.20794665360495226,-0.9655360937367623,0.09844056780454066,0.19208309096234327,-1.4329602577905807,0.04991308837139201,0.052679282444839055,-1.6251992598861826,0.020045726496800087,-0.08940131187021688,-1.7078689469189448,0.007913082583743467,0.2228968787701488,-0.9742635247768259,-0.03357924543465539,0.22257269857048825,-1.531734918252933,-0.07053101925518826,0.04745791199498725,-1.752851536165992,-0.07428115351550403,-0.1353690870431829,-1.8224437996923235,-0.0758715638284719,0.15478972267444313,-0.9361118549230691,-0.15901462436421793,0.12047030536711689,-1.4726138476119137,-0.18870233143858378,-0.04455810861327189,-1.5562020452103806,-0.18226862619286047,-0.20141706660469724,-1.5273899551779615,-0.182699231906871,0.010359396699436273,-0.896229212247898,-0.27199160356704016,-0.10227684123634473,-1.2100807663449704,-0.3017833292327311,-0.24369499285617233,-1.246617283076305,-0.2986750755397867,-0.3828108327920632,-1.2075531379265179,-0.2970718312977044
Okay,0.0,0.0,0.0,-0.174079947306091,-0.44172590317301413,0.18481368924051908,-0.22645517987334213,-0.7012534008717248,0.18094525382737547,-0.360400967526044,-0.9095487301987402,0.1234629302728977,-0.47851646917998997,-1.105155466863095,0.054069792732360844,0.1779011971877062,-1.0336987449118082,0.09238899398782839,-0.08783922722906906,-1.3083926769932894,-0.02884852783668307,-0.29583927558367135,-1.2845902291969367,-0.15321235198948915,-0.4435988928772803,-1.1832521198327544,-0.22396351937001377,0.2318378676138697,-0.9705005521218766,-0.06618067294449718,0.21673283809071953,-1.543011024563968,-0.18301367609607716,0.03414025303369323,-1.78561143794186,-0.26793482837759836,-0.16574048823758672,-1.8450304021481192,-0.3163909912825433,0.19917982036215962,-0.8811774212806045,-0.21498433202323183,0.27009366110062955,-1.4377176782166492,-0.27140620143379146,0.13691783945265776,-1.6930519597297322,-0.27308063343098526,0.013609807042814361,-1.8176974578953113,-0.2731537108733673,0.09679896027124785,-0.8247341875064443,-0.3495217073931843,0.18928741258584253,-1.150891475841232,-0.38176474127051463,0.19205459287259571,-1.355134367405021,-0.3678443020403822,0.17553923238010533,-1.5327783433144104,-0.35469488995886733
Okay,0.0,0.0,0.0,-0.18608466706800156,-0.3169935518890655,0.04904113469389527,-0.276251110154544,-0.5632109300408334,0.0276213501889179,-0.4096510069090636,-0.7421497212532808,-0.03960519758275799,-0.483201898498855,-0.9278138484487414,-0.10209923955554545,0.009350936525174729,-0.9696473956754302,0.12366142127285504,-0.1771011746148774,-1.147279924532529,-0.02546841800108931,-0.36372789433266167,-1.1310075145523801,-0.16751824349102992,-0.476329294312989,-1.0024715629442782,-0.23831800985858254,0.10257923743999765,-0.9943914915741253,0.02574998118863417,0.22109196987492424,-1.397206083972284,-0.12041840514219217,0.06444350893552295,-1.6020941929229164,-0.20864386322106815,-0.11798626511961617,-1.617512051089202,-0.23455188972883456,0.1623540141473238,-0.951206114700622,-0.09133759086724758,0.37887234875015346,-1.2958484461808828,-0.17806994418587746,0.24733767312629462,-1.505860828195263,-0.1795095238885396,0.08314881604262053,-1.5818693157047685,-0.14733923074233554,0.18070455677651778,-0.8605159779599888,-0.21522179892212293,0.4026693053818914,-1.0828077544310695,-0.2532428992727404,0.3697691926272673,-1.2958049921551085,-0.24036538458588838,0.2698489717431726,-1.4210266827639417,-0.20626804077766894
Okay,0.0,0.0,0.0,-0.19594252771166487,-0.23692570278649291,-0.01890093755225067,-0.34826525245077755,-0.46952410961066354,-0.06294368535706385,-0.5045135430024322,-0.6354770564617894,-0.1362663911473942,-0.5763987597847344,-0.8166117438545804,-0.20443423509527386,-0.06916793363321107,-0.9338771353337607,0.028813043467723922,-0.2833339098326645,-1.0494000641620018,-0.15023641860058023,-0.4386545361513435,-1.003458523761919,-0.31746061976708284,-0.5395957428174984,-0.884916949751124,-0.4026557890270762,0.03564987878874548,-0.9990063796549086,-0.026745832406948916,0.07439506390151976,-1.3526334025300308,-0.1658066346450856,-0.05223703064336862,-1.5573552414687737,-0.25621700015955723,-0.22190192284894295,-1.5683547624267735,-0.28777900410555357,0.14049345966161803,-0.97030187144155,-0.10481315422218604,0.27714793550577177,-1.3130284530524445,-0.20226527237111128,0.1747173123766726,-1.491604462111532,-0.21360496909176574,0.013340327039208321,-1.5224057491759249,-0.18547971954971684,0.2174926832127078,-0.8860953410115122,-0.19370628139936502,0.4218877781938359,-1.0930693425603126,-0.25700147233184906,0.40424978891085867,-1.2832157726074438,-0.2601073598260352,0.30819247674681144,-1.382950500401712,-0.2303003162296724
Okay,0.0,0.0,0.0,-0.2419952857167967,-0.1775768415412577,-0.05866166718253151,-0.4424590696910572,-0.39847093467671507,-0.12453747178663142,-0.5932054833296948,-0.5725147295887272,-0.20988429981497536,-0.6255158833641606,-0.7807146720911089,-0.29360170439632644,-0.20221571693807935,-0.9020648014619194,0.008836573564901584,-0.382924711357522,-1.0306406997995519,-0.16249076669611953,-0.5362365722861105,-0.9944863559411403,-0.31943831805365125,-0.6413937303577005,-0.906756894650354,-0.40381516899277387,-0.06822366220856597,-0.9970963924340153,-0.03382774172072072,-0.08593880253604856,-1.3678535693715896,-0.17043146285233293,-0.2137802744304113,-1.5358761174086146,-0.27102015368686766,-0.36454059662775923,-1.5747563342366107,-0.3176678403448853,0.07073783873307507,-0.9893596884722191,-0.1026512723110755,0.09575769955182312,-1.342364090158742,-0.2220003077974462,-0.02606491173988037,-1.4912983004124827,-0.2820142557344505,-0.1793293199387515,-1.5356198999398245,-0.2954528040201654,0.19479536450773247,-0.8758366686948215,-0.18016358477938937,0.327268659169452,-1.1308344114294382,-0.2623470082844561,0.3060174723275118,-1.3165882582665651,-0.29566511407812507,0.2232942740219098,-1.4397143196828908,-0.3001421018610161
Okay,0.0,0.0,0.0,-0.26562453880017983,-0.1514422461955564,-0.08164233153771437,-0.5007050256416845,-0.3352346811369517,-0.1551230700862786,-0.6552144488215125,-0.5232381889695714,-0.24052398796162688,-0.6404578855441039,-0.7506841236468784,-0.31685940556076264,-0.3309195418216942,-0.8657953621248566,0.01854900076717828,-0.48139486068164833,-0.9774104974350148,-0.1329681736014976,-0.5607001538542158,-0.9298628543719798,-0.27222659625430357,-0.6009763642272865,-0.8263483441144032,-0.3487374694269805,-0.1934572562578871,-0.9810799518920666,-0.007511191425489291,-0.2567196249811067,-1.3277306362697152,-0.12077148957736805,-0.351015491758922,-1.4930130907936234,-0.22072830722181833,-0.45732407420080085,-1.5529127784087127,-0.27924553221790804,-0.03473842970165883,-0.9956200347472886,-0.0620449622032962,-0.07564321240598866,-1.3150495581710857,-0.16318592236596574,-0.16880909590038506,-1.4489723331816473,-0.22672396972450845,-0.2866042185842775,-1.4917512158391038,-0.25393537445110675,0.12241133117242234,-0.9038950816722926,-0.12758458827578928,0.17216064690968844,-1.1728870318726043,-0.18921211069371577,0.14576673055115946,-1.3327756318155584,-0.21518892659870006,0.0727735946758977,-1.4388860984983152,-0.224323537832317
Okay,0.0,0.0,0.0,-0.2660008322975527,-0.06250636339038641,-0.08149224886309686,-0.5151817724457411,-0.24412471848309328,-0.13628673163319938,-0.653869733519305,-0.45167419881725357,-0.1994672779575461,-0.6243818652628726,-0.6911971164270093,-0.24666987688631345,-0.4786211043524422,-0.7989501003222943,0.05023932247906609,-0.611747702681144,-0.9239877061603291,-0.07306848013539866,-0.6415357690649808,-0.7937606863561667,-0.19254450845770418,-0.6309727536369738,-0.6424362259938386,-0.2527442155521796,-0.3533546386782681,-0.9347369708844133,0.03751392523293061,-0.4659300360817276,-1.247470569361542,-0.011701439684714508,-0.5527689421944685,-1.4127597407823724,-0.06118968817086736,-0.6246490745850677,-1.514346360990593,-0.09256311148379794,-0.19025523665655775,-0.9712891168696999,-0.008148239315190764,-0.27551370409306464,-1.2640877178122243,-0.06307639010379666,-0.35671564811567213,-1.394429511167844,-0.0855641240985871,-0.43926655936462855,-1.464554707847988,-0.09057707372934917,-0.008315103259705496,-0.922246309605345,-0.06720639951763355,-0.03200051558653811,-1.1897890936397209,-0.09211452386879475,-0.07058229781232474,-1.3375771540836157,-0.08168525055524044,-0.12941123414200825,-1.4489543705912036,-0.06694300452604082
Okay,0.0,0.0,0.0,-0.2233065517223543,0.011985665956634086,-0.06904760462784677,-0.45781508366933343,-0.07069767947806437,-0.12371676074353137,-0.5998762660740142,-0.2249040216692605,-0.1935318531954951,-0.5408348570062154,-0.41047860891403903,-0.2460198802029735,-0.5889569865531472,-0.701692963915582,0.08408831631343348,-0.7112640001796219,-0.8155926555182617,-0.036910613203139306,-0.6582985465358718,-0.6957530142529927,-0.15275582801811502,-0.5602489410572143,-0.5719703310823255,-0.2098167322986612,-0.4944182143915061,-0.8670988953304258,0.06074648133571113,-0.6552515674084044,-1.157456006158136,0.02966373674254533,-0.7345146562689819,-1.325932334445311,0.0021489575886623423,-0.7939667549163694,-1.469380227093126,-0.017235179339919828,-0.34361722018010327,-0.9450985511453037,5.845979087994872e-06,-0.4717214266461252,-1.2248175360376254,-0.03521323985143812,-0.5573417651633465,-1.370936036129696,-0.03911895752834904,-0.633662516350982,-1.4762529484309999,-0.037808798873481826,-0.15203475071556385,-0.951266489783411,-0.07755646507916371,-0.21983397442097086,-1.2147673150483602,-0.08857507662591577,-0.2722098353532021,-1.3620005841842044,-0.0696811583536533,-0.33014772714653134,-1.4949763144938621,-0.052793465710036395
Okay,0.0,0.0,0.0,-0.2055953612973599,0.05224819201373678,-0.07728014464212875,-0.42150225503171157,-0.041506680178207016,-0.13744278733748963,-0.4261255302069849,-0.19093890127587018,-0.20629872895241,-0.30475971602839386,-0.316285726700329,-0.26267999115163,-0.6219261886093043,-0.6508747651818007,0.002550993034329767,-0.6978346377253731,-0.7165945534572149,-0.1341692666143901,-0.5735577775923093,-0.5944614680936168,-0.25656262655223977,-0.41970744698602613,-0.45920304802372025,-0.32007298633297276,-0.5465863943666662,-0.836788175454295,-0.03207589302138761,-0.7650256104792948,-1.1150869308212041,-0.10713835188675573,-0.8156848720004211,-1.2776426357204702,-0.16518944157180046,-0.7926132025913196,-1.3783407497464546,-0.1988097015962268,-0.40569609843962773,-0.9350030160764382,-0.09572269250872102,-0.5859440318158889,-1.2335428380635969,-0.1554725478626212,-0.6562670200694924,-1.391184889316292,-0.180888708417708,-0.6965489708482876,-1.5010932474853307,-0.19247078014533,-0.21595985808410534,-0.9720925833870152,-0.17335938829007239,-0.32060118218698014,-1.2323601099630488,-0.2006508712451072,-0.38170125471922806,-1.3958912416369451,-0.1931690161446198,-0.4402923547478216,-1.5325621867442243,-0.1852670590696916
Okay,0.0,0.0,0.0,-0.10468092755136127,0.18512129061446708,-0.2746689219044969,-0.2591741714088757,0.2484914190679526,-0.47771543102824326,-0.19259298218365356,0.08804281789457176,-0.6503319001494754,-0.052638534735128244,-0.1615896188845028,-0.8082225207779279,-0.7223359144389752,-0.35198906899296517,-0.3155054443820488,-0.7216594094025995,-0.4194618731509219,-0.5630509298045087,-0.49102107255420524,-0.3815147208301712,-0.7525099236028022,-0.2566091331117118,-0.326875767976728,-0.8519658629469493,-0.6989630637838589,-0.651815027297103,-0.2942580596271888,-1.007989733057628,-0.9368581555014546,-0.4707635017770709,-1.0339941294174781,-1.1439996330910345,-0.5906568730336278,-0.9811976395893712,-1.329052511137819,-0.6593882952405711,-0.5855218636416434,-0.8552546055913701,-0.3053394667216904,-0.8530714652986118,-1.1395067459562114,-0.4552525541214929,-0.9208026784463976,-1.3356188186625473,-0.5454197987380777,-0.9566945093983136,-1.5042775341451524,-0.5915208198456351,-0.3981943976166919,-0.9917633111815514,-0.3395439753001731,-0.5803779313374051,-1.243232582103811,-0.41607947456732547,-0.6612724152928245,-1.4203005011274155,-0.4324573566723602,-0.7282942160931976,-1.5814694260197635,-0.4394270385518553
Okay,0.0,0.0,0.0,-0.12704729096738435,0.217570424800396,-0.24815230558255633,-0.2657106085217035,0.27802711650111944,-0.445351295050597,-0.20264606702911117,0.12101424715706727,-0.6229811073252755,-0.08790624108374231,-0.10504751464235339,-0.7837721938324473,-0.7991303191506104,-0.26292850789684896,-0.25679926405280656,-0.78269578749345,-0.27478869433359593,-0.5191994762917151,-0.523412287041091,-0.21444816985486292,-0.7199805203084966,-0.2568196423667896,-0.14109413406477145,-0.8188376523769163,-0.7851422552763262,-0.5641563750269901,-0.25549799117803285,-1.1135285581224026,-0.8167781722266737,-0.44830047300857623,-1.140094332322554,-1.0200704629038633,-0.571884702573398,-1.0636931676945642,-1.1792065143037256,-0.6312913677975074,-0.6734989466285045,-0.7798815148086131,-0.2894474053092888,-0.9445869845489923,-1.0464510303803327,-0.4488625710673765,-1.0037460118627508,-1.2274053033451091,-0.5201820283938797,-1.0244672531337793,-1.3574574647148474,-0.5406829345297857,-0.4857229796262754,-0.9373611398769501,-0.34655324653557734,-0.6919208420774412,-1.176898473330287,-0.4218854292570177,-0.8004641553671771,-1.34380625100373,-0.4215503181241202,-0.8905459233178359,-1.4837311480669257,-0.4075584718590003
Okay,0.0,0.0,0.0,-0.11163707809226507,0.20772356840744913,-0.21682641620251822,-0.27570773692011835,0.36234501526576546,-0.38459962444131135,-0.28895401437006374,0.29759372400344586,-0.5407909789367563,-0.21665307029726535,0.05184236347570841,-0.6739116023866929,-0.8844268068183557,-0.09342755227400598,-0.16791562258420742,-0.8575582404782983,-0.05485592923092897,-0.39503300102198496,-0.6234334684489606,-0.032039493456488585,-0.5707263992775357,-0.37776661640686576,-0.017184817662391067,-0.6561779927770524,-0.902751462618067,-0.39541007222716706,-0.1693832090918322,-1.2272886815379092,-0.5477138653132463,-0.33947279877115794,-1.304175665050192,-0.6814483727727542,-0.4329455348584642,-1.2579871587617018,-0.7888892795202301,-0.4680082167469292,-0.8120037189019363,-0.6257109208160844,-0.20918605362582093,-1.1141851930429563,-0.8143244519307353,-0.345245292870913,-1.2019429786375075,-0.9263623465854709,-0.37156761192712967,-1.2314025683045728,-0.9980797715397942,-0.35613166230580007,-0.6316790332424229,-0.8221142867530402,-0.273907963648446,-0.8595098048592904,-1.0438265755814644,-0.33582811372311,-0.9905797289739234,-1.1832681429387875,-0.3218878488255323,-1.098665397831494,-1.2840089295472439,-0.2919896575519351
Okay,0.0,0.0,0.0,-0.16484389617832476,0.18208570501661106,-0.1242636955448358,-0.38983969199412516,0.2951936195989212,-0.24247307561606385,-0.4228623524059753,0.2033697748555808,-0.36779303061190205,-0.33370810549016794,-0.04356852681413882,-0.4822138381260564,-0.8545403756095616,-0.2273386887504196,-0.06725362366784778,-0.8998079354078232,-0.2091775826057649,-0.2805400176892613,-0.694000942051105,-0.14623076449465386,-0.46811840683274397,-0.46563221141266775,-0.09952268743009819,-0.5631594151811896,-0.8570028927972785,-0.5048068087285712,-0.1035187306644166,-1.1817485615994803,-0.6961630582783118,-0.23252539330712763,-1.2758593405932177,-0.8426473122616728,-0.3203690090941955,-1.2696998643454818,-0.9572801847595224,-0.35929049388857615,-0.7525045736185876,-0.7297885311028307,-0.17413607703823292,-1.0483276446445229,-0.9398611175742089,-0.2702172111468717,-1.1628281597754997,-1.0610892403846504,-0.2992937790752346,-1.228489476694298,-1.1359034880751293,-0.2969004563084271,-0.560237906433927,-0.9132117156887399,-0.2636874693538333,-0.7721852763677185,-1.153670370315668,-0.29668085198104927,-0.895900209806632,-1.292780643554507,-0.2706405452946512,-0.9952469792174689,-1.3898566464186217,-0.2393039334416927
Okay,0.0,0.0,0.0,-0.23001472169368434,0.11696347728901675,-0.10841301629521836,-0.48510663936511117,0.180710710408258,-0.2020876490590049,-0.6293774540066772,0.19092732350094574,-0.305885508121817,-0.5703428474761109,-0.002852268309771811,-0.3974701549828648,-0.7719797278221827,-0.4560679763530356,-0.019758775313589005,-0.9128773256556761,-0.4467246295291758,-0.21861086316649064,-0.7888316589264648,-0.2762684741273546,-0.3921432307430144,-0.617834981816869,-0.13677728667612354,-0.47767875839581236,-0.708869075700287,-0.7041590086851587,-0.04080102943989702,-0.921235688353558,-0.9322635356973569,-0.13943264807938205,-1.0287769237282207,-1.0539869164040852,-0.2147957058729737,-1.0973539215666797,-1.1329746032353212,-0.2600462183987529,-0.5647503298400169,-0.8795619163735906,-0.09973434931653524,-0.7453592595590115,-1.144241845987299,-0.1867329743774945,-0.8655739975047646,-1.2491592173504333,-0.22239299066902068,-0.972078455029919,-1.2974393992172337,-0.23260986724722055,-0.3622151897422507,-0.9645691179337477,-0.174977267126785,-0.4760975427338028,-1.2642862970106306,-0.2196981361323626,-0.572043006563629,-1.4231584247932993,-0.21514813656586318,-0.678608893853901,-1.5383612166085792,-0.2012615090560637
Okay,0.0,0.0,0.0,-0.2730143267620757,0.08364615928861634,-0.09205973997209466,-0.5217722621243583,0.13318060686373293,-0.18910452074449866,-0.6844244960243637,0.18978152149288213,-0.3041993527592771,-0.750046018839478,0.13983343403802506,-0.4152429366187913,-0.6798884645027865,-0.5676881468676193,-0.04543335834227617,-0.8838349364593185,-0.4969615875685066,-0.26325974229315174,-0.8655061446077625,-0.2714586749130447,-0.45545898102195836,-0.7725400813805287,-0.06310795304140426,-0.5505186137510925,-0.5977853792092215,-0.796877800040713,-0.08739801030893506,-0.7768602883622274,-1.1468946064472798,-0.24861513608263797,-0.9217457317953139,-1.229446635369824,-0.3656007554364341,-1.0128013905192266,-1.157144271069281,-0.4136610570856096,-0.43679084929167294,-0.9236401281208428,-0.15918400367805685,-0.5703753767843439,-1.2828126117134973,-0.2842395669987011,-0.7096119344789701,-1.3784480385875983,-0.347973893595039,-0.8269075693473333,-1.33760660327434,-0.35804300169386033,-0.2384480971434015,-0.926943958742889,-0.2432012275253433,-0.23695190424045626,-1.2741153115468735,-0.31458969639013606,-0.3297578856897671,-1.4566772163205046,-0.3296993080062306,-0.4398992943865577,-1.5572586698768724,-0.3159410653096165
Okay,0.0,0.0,0.0,-0.3087961579121089,0.03639760592670071,-0.05691766387076176,-0.5691089296587505,0.05675660123443401,-0.13612934611716582,-0.7459706577298549,0.12290178270801722,-0.23849830532859662,-0.8592973804392304,0.09885210972545673,-0.34044499936724165,-0.6291667631572453,-0.6672056612280017,-0.04654621790467283,-0.8668871066505787,-0.5738453804196016,-0.2715100705568798,-0.8964233384700362,-0.32729089614595835,-0.47394883205371485,-0.8501312246088673,-0.06663651510076801,-0.5767337728808182,-0.5344720710263893,-0.8390686507026209,-0.1015056880221273,-0.685325548119219,-1.2007035106413027,-0.2784093655934763,-0.8462619047296567,-1.2790619001893058,-0.40194457139759604,-0.9600553673588056,-1.148328237843121,-0.45108945397078515,-0.37436109004709706,-0.9116563024758915,-0.1819291804393264,-0.4823290871460102,-1.3132314108157213,-0.3184759270056285,-0.6154280695720198,-1.4027695997709562,-0.37582122321993894,-0.7410343493137215,-1.3252982052528874,-0.37665906461761567,-0.19492999520280999,-0.8831598980109958,-0.2709605633525489,-0.1424586447894114,-1.2210480470111624,-0.3664855126952111,-0.22144579543952966,-1.4034116036386006,-0.3913979586085109,-0.33431388604476175,-1.4890112860212479,-0.3769922620574482
Okay,0.0,0.0,0.0,-0.31527798206863006,-0.040635890463584866,-0.010462504975624275,-0.5807593439597215,-0.09032618807420267,-0.12331790058155524,-0.7800324683595639,-0.030316230612728406,-0.2619773135494915,-0.9481979598176665,0.04237471039290796,-0.40835159850813213,-0.5616552598314966,-0.802556005162674,-0.17280426874811308,-0.8558244606379484,-0.705822148141951,-0.4378218497618253,-0.9330013362047744,-0.3393054664461743,-0.6596666817416018,-0.9411011054440215,0.024511103403644853,-0.7861796351288514,-0.4249071666632331,-0.8601945871302417,-0.28199143956875117,-0.6518983435824203,-1.2632931690049454,-0.5360214645934314,-0.8306810848190327,-1.1462297576306089,-0.6788924492869618,-0.945010831153856,-0.8877536513105024,-0.7428292629916892,-0.26700498834275854,-0.8145762597856384,-0.40062778076882943,-0.4180206922289281,-1.2843515496894622,-0.5756060570526056,-0.5725171506161837,-1.201575254889233,-0.6296542703414062,-0.7070006155814303,-1.0583055251760851,-0.6442512544973167,-0.09798325336303507,-0.6722618758535582,-0.5206134700186047,-0.025650779387283586,-1.0125903607665367,-0.6520153502263517,-0.08892728889478226,-1.147452679512183,-0.6907025363325707,-0.20904828812236656,-1.2370224341974936,-0.7012519010633593
Okay,0.0,0.0,0.0,-0.38170073294731177,-0.0984925195337156,-0.029886729650942856,-0.6616872786780134,-0.22909498056281705,-0.1816456186975734,-0.8781316712544449,-0.17476543076935608,-0.34527610321709773,-1.0272088325746522,-0.04290064652868365,-0.5295380928661377,-0.4705035817108097,-0.8198266651335249,-0.38707306686516474,-0.8815329705505607,-0.7602791016035448,-0.6502249204707142,-1.0120811942175716,-0.4241768100380563,-0.8169130560438959,-1.0965305063831774,-0.038147050087966206,-0.9181361025997093,-0.33347723486559,-0.7826837178131242,-0.5255465076438295,-0.7154980156871621,-1.1219202331511982,-0.8290728196223247,-0.9517442635985071,-0.9503374128389745,-0.9837558787875295,-1.1306997282473832,-0.6814426448454205,-1.0683174607113985,-0.17777647406069205,-0.6370127577080554,-0.6594734185288834,-0.44444498018581224,-0.9817315160306173,-0.9126913355767826,-0.6780600044668752,-0.9053300480154444,-1.046581482069166,-0.8714552575454445,-0.7882205144125428,-1.12644726275886,-0.03625237932245904,-0.40156267632185894,-0.7843891395807168,-0.08554576076250338,-0.5810162391940156,-1.0048994367968986,-0.20565542693375477,-0.6415203094391143,-1.1213049915775637,-0.3699421360966488,-0.6830950659353512,-1.2037523442016318
Okay,0.0,0.0,0.0,-0.39152741398661317,-0.16058112153347667,0.03002480329853825,-0.6709673160921399,-0.44447625194765517,-0.022385871068054227,-0.8932472325435772,-0.5983577239782458,-0.08849559364400765,-1.0986719591886487,-0.6726431748101985,-0.16727958687338476,-0.5335808181206922,-0.9085140813712262,-0.21644421002337313,-0.9092714580705152,-0.985295907581263,-0.40126059100653133,-1.133385310264013,-0.8665523536521875,-0.517184082624515,-1.295052984215342,-0.712167730327767,-0.5867207876085173,-0.4301060814113273,-0.8402513045878373,-0.3301310404542875,-0.8436086243705907,-0.9597482984320789,-0.5231101919009932,-1.1121466627518468,-0.7950056932514099,-0.6044962764109402,-1.3031830490877168,-0.5761774279868958,-0.6516813974405635,-0.31250495195169103,-0.6440163948180039,-0.4411620936038439,-0.6743626409831542,-0.7445715518560996,-0.6238782381112601,-0.9368934496227896,-0.6269165187369378,-0.707373643983386,-1.1465172107789927,-0.5017002860511246,-0.7584500111423976,-0.21725324878590493,-0.3468533934218403,-0.5415558803466043,-0.3506321005204916,-0.38921182784862335,-0.7240129920294887,-0.4973012326236076,-0.4087488761311596,-0.821678322399396,-0.642031347131543,-0.42698663423844646,-0.8849566762391843
Okay,0.0,0.0,0.0,-0.3352557108812597,-0.6305803264042849,-0.07418613637741013,-0.813140144822302,-1.0139503113756387,-0.1971196842804661,-1.3069886543735787,-1.0984099146747968,-0.3043990860777154,-1.6712473904378224,-1.1274631150561367,-0.4357855938058744,-0.6022295787999274,-1.069348131693738,-0.5348114918194016,-1.2881760359233498,-1.0763330474648616,-0.7997129369893103,-1.7046200592109586,-0.9816733544999325,-0.9470038272463265,-1.9938783171994283,-0.8872475923940049,-1.0402117404588265,-0.4809653671734219,-0.6103819481994635,-0.6293696790376567,-1.0961278234162413,-0.6674084818641942,-0.8719349084394618,-1.5811300933907184,-0.5685879885689364,-0.9873917809895911,-1.9426908122100353,-0.4633391280843186,-1.0850428400565013,-0.3778742602847671,-0.1031333596872703,-0.7102080854554713,-0.8420753894741737,-0.13983959821784123,-0.9254682139853226,-1.2842742540512004,-0.11976467740897447,-1.027735171234316,-1.6525351223843054,-0.12862896245184957,-1.114641145553313,-0.31156421459089817,0.4093983691184755,-0.7828090116932054,-0.5549491372825107,0.5624939026352895,-1.001742988052675,-0.8102335043842113,0.5924445348538897,-1.0996721013438073,-1.0554894338145162,0.5899379756026895,-1.1716228956528445
Okay,0.0,0.0,0.0,-0.19715324513386198,-0.8934876785211691,-0.18928168374246365,-0.6903772875984377,-1.571116074637429,-0.3354501799045269,-1.2702313405062502,-1.8276932500066694,-0.427830250057908,-1.6853892746076196,-1.8039856082489623,-0.5452374352251633,-0.47653986386271524,-1.1718184058656114,-0.7289893178553648,-1.1782621843907668,-1.56213930364777,-0.9632708553183422,-1.6919482602401335,-1.696550810244065,-1.0633178672390888,-2.074242454693995,-1.781235853639542,-1.1323503178452585,-0.48911255623952116,-0.4470598768571281,-0.7489368290005044,-1.1763651768628127,-0.5113960087786598,-0.9864912127158527,-1.7176441368732505,-0.6232605461264508,-1.0989505523690561,-2.091575650710613,-0.735988876129867,-1.2019363229633122,-0.49802468613726864,0.1668715000689197,-0.7425102533465836,-1.038806848078418,0.21103127052797951,-0.9330473654309895,-1.520743200517495,0.043492507574811046,-1.0285642879266412,-1.8885541412892601,-0.1745768224846079,-1.1220149110024171,-0.4930327256844826,0.6577001730388681,-0.7353597886906003,-0.8441448914787941,0.9430759974529823,-0.9203513858103362,-1.122969549747319,0.9944406431645437,-0.9953149824113501,-1.3665668981205363,0.9577834097602559,-1.0544667293393548
Okay,0.0,0.0,0.0,-0.08453836129193434,-0.738935446160805,-0.15742014361771184,-0.3744145795403184,-1.2077563178474506,-0.3584437586539229,-0.7198728057447629,-1.3787136874127033,-0.49978539855969867,-1.013221146309951,-1.3675661410864408,-0.6711921495255535,-0.20513325048512568,-0.9092926092426372,-0.8609169548575714,-0.7651601380992837,-1.2931279554943742,-1.1045010105330142,-1.1636386662377673,-1.534457575803698,-1.192104550020863,-1.4637864593570578,-1.728020660345885,-1.24908580223243,-0.2843081171396495,-0.3583999980287393,-0.8892234454519894,-0.8857991661885066,-0.5216536864408123,-1.1390464000147593,-1.2975923779457952,-0.7632374147871033,-1.1906645701019627,-1.5438606044540946,-0.9694592872033262,-1.2399852487737641,-0.38353070536650946,0.15638039602255335,-0.8827776197074487,-0.9502295790032392,0.182433895046517,-1.0639540718583738,-1.31270644347572,-0.07307544874122181,-1.1017424326593006,-1.5246902981327792,-0.36394211081551137,-1.1484359188628657,-0.4682975988864953,0.5608028246556108,-0.8698183160786553,-0.8643237369604192,0.8060777197466756,-1.0234839637387414,-1.1080871842471869,0.737156689902036,-1.0739878329576704,-1.2875509853551286,0.5675432878439887,-1.1185702836430884
Okay,0.0,0.0,0.0,-0.18986422048308202,-0.08077482349583881,-0.3579957745326917,-0.575978224636599,-0.19308038463170552,-0.6203740541307632,-0.9274107981553162,-0.2968241044206947,-0.7778028446660485,-1.1972981992770306,-0.4532453194064443,-0.9307728476837867,-0.046123577613788894,-0.16827999658015863,-1.070739546184629,-0.6013074835673115,-0.9020462528235019,-1.337019763068401,-0.9853629726107643,-1.3176790320481955,-1.4006410379707568,-1.2890084060155522,-1.6667595331079226,-1.423077130864137,0.0014871304946312003,-0.2825875295568539,-0.9592403643414127,-0.6235846813713923,-0.8146244066622661,-1.2321804642958027,-1.0896610715206796,-1.2360945344451453,-1.2685649952054718,-1.4416913881713154,-1.5920093311785273,-1.2876047719927954,-0.07644692514382463,-0.40906504467743504,-0.8206293757479652,-0.724364768605186,-0.6103748132384076,-1.0342016469713755,-1.1546794540811205,-0.7875537850940437,-1.0510975623230785,-1.4661703723766812,-0.9226360804351325,-1.0448719570684313,-0.21000255221555353,-0.5551435179040687,-0.6908833514409815,-0.697807712971073,-0.6945022699762881,-0.8464156042013813,-0.9855683139569356,-0.7504605502007984,-0.8605775143159025,-1.2078194987284696,-0.8044861559745959,-0.8558522188141294
Okay,0.0,0.0,0.0,-0.43413193114204673,-0.02786642804310164,-0.15530554454374892,-0.8131047213842015,-0.341825648406431,-0.2899819768575615,-1.0243643410081398,-0.7781603342614158,-0.36579472126498347,-1.0548033226103082,-1.182138308438583,-0.4225121324110821,-0.4494682728796401,-0.5959232795935692,-0.5478610246378627,-0.6771438452467223,-1.3771806219114426,-0.6742290689665246,-0.827217106841733,-1.7608838130068656,-0.6498478346645483,-0.8943756933236919,-1.9438368660601846,-0.5950521918249929,-0.1606773695234691,-0.8470955132172797,-0.5065688249489622,-0.46527889194777033,-1.7382186263553185,-0.6249068041848743,-0.6508519262932099,-2.1158535879341858,-0.5616606620006197,-0.7544373029552366,-2.258338641360089,-0.48705105264021015,0.06322093904108593,-1.069751077704138,-0.4500543277453064,-0.2148398406707835,-1.887080762361335,-0.5427987442129604,-0.40753070088601023,-2.2040446556293314,-0.4744762880354484,-0.5397583041617656,-2.338424378212204,-0.3987382652195343,0.21171510915684036,-1.2235532588906888,-0.3924129350027234,0.015303806770957466,-1.8827128285307284,-0.4566733032199673,-0.16027595218863783,-2.150967981713618,-0.4088790935526567,-0.3114164523370982,-2.2842538878829726,-0.3440704710516889
Okay,0.0,0.0,0.0,0.33090509923942435,-0.3254578412900462,-0.07023705910683672,0.5405270590684924,-0.7550085873910187,-0.1430467998169695,0.6172386598511971,-1.2100443213807919,-0.18800946557389325,0.5040737760851706,-1.4772177110648363,-0.22247931651934658,0.18837927569674492,-0.9522889096388828,-0.33572907021153575,0.34363550866038045,-1.5022258372982518,-0.4430486222855176,0.4238408087735696,-1.5948898040617892,-0.4350637734197367,0.48446504672801854,-1.5140710553769174,-0.39634778267664666,-0.07985262283688228,-0.9407834892786427,-0.32946924731569804,-0.08692683925838482,-1.615972368258476,-0.4375140298032217,-0.010042556995937464,-1.8747489222314233,-0.4094978907769589,0.09111126450784,-1.9376467996691509,-0.36366972071799386,-0.28953468726939663,-0.8604285636843874,-0.31162187700226573,-0.3481570285111749,-1.4295210510717493,-0.393905715147864,-0.27288634814230833,-1.6785035758138034,-0.3767344818714812,-0.16515345766446726,-1.7854549474399544,-0.3476133642327858,-0.4226030991618596,-0.7341064960115583,-0.2907306775945938,-0.617316573226035,-1.0593236008740443,-0.35481649548826755,-0.6038744489769681,-1.2727105257835425,-0.35432190456493456,-0.5031470839452623,-1.3996543103862003,-0.3333339097145432
Okay,0.0,0.0,0.0,0.22966265181308212,-0.3434785493597073,0.15231409498133555,0.2833887186707801,-0.7285590128760797,0.2147515426355249,0.24166823467818566,-1.0514774598111174,0.25534468444134073,0.1858825199916704,-1.2623376599658174,0.2837482356895454,0.2367022327509261,-0.9857648493700644,0.022419248276860867,0.17228971115056416,-1.4743936198888634,0.030509005714976407,0.09736131438873144,-1.6519545806382958,0.07111706791320915,0.04064190094200082,-1.6786674668858768,0.11169432913925363,0.04397888334795623,-0.997302654109609,-0.058764563517450304,0.024095681566261042,-1.5466117826333534,-0.05892435126998986,-0.037564657680548286,-1.8062950476182609,-0.03502821695228746,-0.08891685116512574,-1.9360048756521067,-0.009481776340098972,-0.15676046804382554,-0.9124660912931698,-0.12008299867062597,-0.16156455868076924,-1.401447475501586,-0.1171831941625006,-0.1971076470959971,-1.660792212769552,-0.12059453425113811,-0.2169140725870645,-1.8261435762364466,-0.12627960766951307,-0.35835488441429264,-0.7446698054261421,-0.1602512684558394,-0.41863448875706993,-1.0566245671013497,-0.1535270159475219,-0.4408965172209584,-1.2450948815017207,-0.1370227836057192,-0.4381047083948237,-1.391232978239011,-0.12393516391787562
Okay,0.0,0.0,0.0,0.1329976699971768,-0.4189760184084064,0.16023836997989743,0.1326981412933975,-0.7664195036402607,0.18893079587024858,0.05273234571997606,-0.9836355265399492,0.17331169414524786,-0.0799141427430009,-1.0979983558505553,0.14532749276529588,0.20430541236424518,-0.9733571904128632,0.08321807525768538,0.07333691948168893,-1.4141826446524468,0.03126679148255581,-0.07146212373173305,-1.5913398776179353,0.0019492752099653132,-0.19115587141769466,-1.6664775763635304,-0.00934146411468548,0.12877079480164755,-0.9910125029828839,-0.036225699962202214,0.037292477873718026,-1.510346075293826,-0.06358479658810992,-0.09302443908096378,-1.6660525226249303,-0.06323413356608697,-0.2054123411770558,-1.685165512697014,-0.060079090672195766,0.008447401998492834,-0.9303860753891712,-0.14720199999914932,-0.07828751142970228,-1.4079985888852575,-0.1616737019087334,-0.16488016315176715,-1.4770679457463374,-0.1528824045993263,-0.22093300674687666,-1.4524829298459618,-0.1506647685980161,-0.14331496216955203,-0.820086794447178,-0.2456314100119304,-0.20853546175605725,-1.0950310594527108,-0.2636050259353351,-0.2642922394069687,-1.1713286383763801,-0.25644191096695573,-0.3184547048340067,-1.1912882731660828,-0.2495617323126955
Okay,0.0,0.0,0.0,-0.1644206023776387,-0.44306828100485535,0.16179452385194526,-0.20681960797879045,-0.738571544586574,0.16136325037337135,-0.33007774101031806,-0.9366354193892956,0.11191949189139806,-0.45058595680098923,-1.1147677181329385,0.04697723817921957,0.17195597853617978,-1.0217153918333826,0.09284446471744053,-0.03287399808077612,-1.3232569681094208,0.0038356586751552998,-0.2608908963148416,-1.310335565268082,-0.08285548617806576,-0.4084068228891144,-1.2064370653353504,-0.133959051202448,0.23711571421585517,-0.9700568841479633,-0.052590679678529234,0.21749154366952028,-1.517599203431947,-0.1443027696261974,0.018532832576665836,-1.7035596257342562,-0.20645612295072371,-0.15278095468592764,-1.7281923765634635,-0.24523338203491354,0.21236231052570823,-0.8700738979774186,-0.1921321565292259,0.27457465929642183,-1.3962426148024618,-0.2636013281301318,0.12759721093475562,-1.6100280068088928,-0.3029268490256807,0.0037242668777403695,-1.6875550410161129,-0.33172423238954807,0.10483620428806936,-0.7691559731331623,-0.31525376860148385,0.17682883299325,-1.075756534239709,-0.3746888890252831,0.15530740485139313,-1.2652371161157505,-0.39631907759708734,0.11947578683963858,-1.404717631293479,-0.41440736142337387
Okay,0.0,0.0,0.0,-0.1524241222374897,-0.40046311974586596,0.09026103417015711,-0.23629547943663348,-0.6788742469918694,0.0634761141951696,-0.3688039186849622,-0.8689218565697657,-0.014203556255787083,-0.47146401177455916,-1.0455187832215704,-0.0998966375562882,0.07595816933896772,-1.0163218487029897,0.0905986082216335,-0.13477424043688196,-1.2322014274915267,-0.046067622874413496,-0.324766408087294,-1.2072533043105353,-0.1839048476340405,-0.4467942145114084,-1.0869226162169976,-0.2639451769463556,0.15712242249052213,-0.9869129449359288,-0.03626821567987834,0.24490696271456489,-1.4194113282127934,-0.17478699165097347,0.06781006646614005,-1.5864970495688342,-0.2742935925564799,-0.11713924237519618,-1.595795045304541,-0.3236406909678212,0.19493505734639538,-0.8920586287239545,-0.17062552925618255,0.36851765477302983,-1.2716692581466797,-0.2513152857101259,0.2261244283819959,-1.4701836066414915,-0.2836965806671654,0.0741770819146397,-1.5482747397991339,-0.297402240645664,0.17566384025255535,-0.7551246337383383,-0.3042286675022215,0.3769430913144367,-0.9351690064179422,-0.34471550714110877,0.34424996652308737,-1.1274169287331353,-0.35212497346214466,0.2631650933124501,-1.2634082869203604,-0.35351033947788507
Okay,0.0,0.0,0.0,-0.18483460050418593,-0.2724466239582231,-0.017622840200836716,-0.31410879126327435,-0.5399340087613345,-0.05553741699704078,-0.4368128361208031,-0.7166917486657923,-0.12087512686194392,-0.49920317417355026,-0.8968374744258599,-0.18342160036203975,-0.017648923606575526,-0.960025765419784,0.03897827084345612,-0.19635921784436247,-1.1150617889733085,-0.12284268932722726,-0.35458809973450856,-1.0664584078804695,-0.2721382077921951,-0.4516504349961201,-0.9480390284369031,-0.3461411042972968,0.09516734238352632,-0.995301518336983,-0.01783436401313649,0.18519694695780115,-1.337239354495437,-0.14862994509772923,0.05699025955050593,-1.4814117290150588,-0.22368047462398818,-0.11157410141451847,-1.4589424114605654,-0.24048590487542743,0.20014873845746028,-0.9348943177745933,-0.09724029885667229,0.3716716419362454,-1.2517382665909753,-0.19549449056341303,0.2746786129924627,-1.4057870239727432,-0.21245180456380225,0.11995388644032723,-1.4225300814452808,-0.18842387978709516,0.2688340902842788,-0.7999116586560789,-0.18673497436164777,0.4780347455075658,-0.98461508881377,-0.25228555259304514,0.4490195857770602,-1.1476220366322203,-0.2573315118597691,0.3443549521356191,-1.2246704283342311,-0.23099422440582684
Okay,0.0,0.0,0.0,-0.20477066180983666,-0.24338692811593726,-0.03708559360473596,-0.35936845146399743,-0.47832388998377334,-0.10563170076524686,-0.4959694627182837,-0.6082806181430528,-0.19583957984419714,-0.5952097153444476,-0.7156232532333997,-0.2895997067773489,-0.08030972982256693,-0.9717872444112854,-0.025397216259935934,-0.28224457529517233,-1.1104166261101445,-0.20851100956542779,-0.445903611317589,-0.9956004139085718,-0.3823871102681531,-0.5428765661586379,-0.8045979254931132,-0.47663503745200453,0.047086328154482146,-0.9952700048528001,-0.08497349669888767,0.12534583940891567,-1.377922831122987,-0.23152073476487908,-0.0009330433944103818,-1.4785760848525817,-0.3344498152262194,-0.16029933205927302,-1.4250572952502336,-0.3800627678502657,0.1651150323636566,-0.9115419199546435,-0.1640310778464302,0.3220742887205249,-1.2624772293940303,-0.2690425502824574,0.24940602773943266,-1.3903662137523738,-0.3207764241325821,0.12209338987052396,-1.4140057081925865,-0.3362804134186149,0.2497175095437775,-0.730262430698067,-0.2509858940038407,0.46726757111326955,-0.9294617041650719,-0.3172878804996181,0.46164243872317656,-1.0716886656536486,-0.33310647692317885,0.38022861923404594,-1.1641293616221746,-0.32951111699628294
Okay,0.0,0.0,0.0,-0.2090713914841969,-0.2566425497571859,-0.0512269909950356,-0.36897650671077237,-0.47650253841879275,-0.14280672404863035,-0.5115346238094237,-0.5936944856638274,-0.25437132111697874,-0.625746080013626,-0.6933053176599059,-0.36915816516864075,-0.07033526640141094,-0.9930896498202145,-0.09911965135485742,-0.2864748338596617,-1.1393919600145115,-0.3127908064482564,-0.46451814302318784,-0.9536924206929236,-0.4976353980678597,-0.5771726603424951,-0.6963769342878477,-0.5985092619168911,0.06624385960626542,-0.9842289771194889,-0.1640276551767719,0.14785828859869524,-1.41611617596337,-0.36549150085807547,0.02831496503806327,-1.4281777099488535,-0.48366881104751586,-0.12334826704768379,-1.264603679285549,-0.5247254503226766,0.19599132796216143,-0.8568094733670869,-0.2461504484870122,0.3651026487480936,-1.246921593524394,-0.39159153784108147,0.293421509050903,-1.3153022220853106,-0.45308549122677516,0.167940014820399,-1.2864260362871114,-0.46590862621598556,0.28536451840565896,-0.6303268516217597,-0.3349500519839809,0.5436778239865799,-0.7684980941125168,-0.4394383540165781,0.5678197413872916,-0.901221971467135,-0.4793106908244868,0.5128435186060866,-1.0098284236737032,-0.48693018260355586
Okay,0.0,0.0,0.0,-0.21610481050679323,-0.23129301647532777,-0.07689163493649559,-0.3770849601978033,-0.46899713373340884,-0.1761323299794157,-0.528450055043168,-0.576951426182258,-0.2917658066508936,-0.6563604182602596,-0.6178503443111619,-0.4091064184927341,-0.09519348813274653,-0.9767365458131607,-0.1315155935087339,-0.3035713320075625,-1.088364235693844,-0.36402392248807447,-0.49313902337701015,-0.8729485479143602,-0.5554349127777501,-0.6128145419150556,-0.599308866169185,-0.6573265952314625,0.07003854387398115,-0.9797550801828532,-0.18754888756775745,0.16370299490757342,-1.3976750439729309,-0.4091129879984203,0.049185090908451676,-1.409727938003407,-0.529520975721854,-0.10034152470076317,-1.235554931552239,-0.5666559968733023,0.21676225225341,-0.8546069792164422,-0.2635179759534077,0.3865681337517292,-1.2352537166466635,-0.43530453271749614,0.3083131643735231,-1.2782915307530505,-0.5053126849530223,0.18382213677023246,-1.2187959383549556,-0.5148524667708986,0.3138060078941919,-0.6255968352684496,-0.3472462645269722,0.5904502254361954,-0.7479005244644775,-0.47943607742476374,0.6512079610902858,-0.8674830875669254,-0.5351862227188489,0.6385380247033009,-0.9471289502331272,-0.5481775737064631
Okay,0.0,0.0,0.0,-0.1996835774778789,-0.25478679916665575,-0.06286051362041235,-0.3418985962461499,-0.5349917317095082,-0.12323474917913373,-0.43881806327240447,-0.7311821977368169,-0.2030623870933804,-0.4129367542966783,-0.8247586696004502,-0.27628946019852624,-0.005249830733366671,-0.9737565314184841,-0.0008662038734645098,-0.1617029609141625,-1.1552760380545477,-0.17434707608922603,-0.30611678654168767,-1.0485291174722593,-0.3267801116449577,-0.39386296353173195,-0.8366700329003423,-0.4019637782721947,0.15069740429600692,-0.9877282163127158,-0.04102758874399997,0.2646527329297381,-1.3356819014103536,-0.17708903541901505,0.21984068390227393,-1.5019550934689931,-0.26459601552880474,0.12432020067464512,-1.4722578306276293,-0.29225513181039914,0.27977610650667695,-0.8931143006748724,-0.10761809657797763,0.4212941335020817,-1.2198775662175996,-0.20112174546503034,0.41358678717280745,-1.387998243019164,-0.20995863261772882,0.34346911045924583,-1.44494965600834,-0.18452040311645282,0.37102289532663135,-0.7245568626531931,-0.18758066658830289,0.5521496647082713,-0.9104488730421488,-0.2536526359683659,0.5984476584542447,-1.088824851125574,-0.25446156275029463,0.5830707937958455,-1.2382517563820832,-0.22701616651695766
Okay,0.0,0.0,0.0,-0.2625508025067591,-0.20671625401429317,-0.060258093750901395,-0.4853508085749254,-0.4640520554234739,-0.09933406851192429,-0.6432339816690072,-0.7027852002727779,-0.15761104957159766,-0.6767333355423302,-0.9591875696431178,-0.20948781778930498,-0.22406256579431058,-0.8837075759438989,0.08282710628617976,-0.4080532736696055,-1.0453140307942694,-0.04576550431115534,-0.5431450486406484,-1.1041506628081696,-0.1742892546259821,-0.6402761961689659,-1.089288081582841,-0.24515065066340416,-0.08512625149797244,-0.9949486350325668,0.05320465160807064,-0.10665720562126195,-1.3542918043786634,-0.03722419701896189,-0.20120981160582016,-1.4951629504631188,-0.11361643656712603,-0.31265649285349034,-1.4899968755384219,-0.14886128124533687,0.0733027790059883,-1.0020496739782805,-0.007251828778096138,0.10872453477485848,-1.3348628244286864,-0.09907082586688641,0.020874021077679467,-1.4663562777336383,-0.14374370273659773,-0.10908764631737966,-1.4746784875078964,-0.149715059491233,0.21991600652614635,-0.9084408141987381,-0.07952201811613084,0.355243420524419,-1.1587961730667133,-0.14678294370284198,0.3193971971475761,-1.3064601232077284,-0.17212921368059744,0.21304703631937102,-1.3659298863452962,-0.17274574957535527
Okay,0.0,0.0,0.0,-0.19161354113765353,-0.2585138384346101,-0.024627146889268023,-0.32744962054478866,-0.5447230332707442,-0.05651002240616385,-0.45152607989187027,-0.7559941162682758,-0.1157088701339652,-0.5042343039507725,-0.9721295378752918,-0.17153028963857253,0.011131011116284936,-0.9211439702986717,0.06281468601419642,-0.17686212403092066,-1.0835001708168674,-0.08161535822910429,-0.3487358000637119,-1.1054937624961372,-0.22400054274481887,-0.47536439355460564,-1.0562814943911276,-0.29626865626265253,0.13536484979791552,-0.9906884902245193,0.014583304695796493,0.21444217439432123,-1.3056412150821066,-0.08358842640959906,0.10889582587339686,-1.4496502327019651,-0.14809450825648376,-0.042225125267968476,-1.424428093678372,-0.16607102364744838,0.2505553948560593,-0.9609309649234682,-0.05789391163850479,0.4141617732049799,-1.2598629050113188,-0.13845931050156088,0.32905134701892175,-1.404984705804756,-0.14538049538697428,0.19129174241174304,-1.4158245765070556,-0.11818953918493338,0.32665273153334207,-0.851755467115732,-0.14189419112387297,0.528643543511136,-1.0468773410813517,-0.19984352457469137,0.5004755949087513,-1.2008362299632533,-0.1966169217621892,0.40029331548169084,-1.264148823469149,-0.164701775178418
Okay,0.0,0.0,0.0,-0.09785463668320141,-0.4671713697486662,0.11076321570305553,-0.12142416010302051,-0.7734355400861,0.08673713644829532,-0.20052915676724747,-0.998355794019797,0.007734664477188954,-0.2725178258074075,-1.2082101231093443,-0.081684810293048,0.27384423060404467,-0.9807973404571151,0.10448139588354914,0.10420930195238814,-1.2886673031770173,-0.03662188860565019,-0.11326523104801767,-1.3505044523321714,-0.17497937105623784,-0.26300217822368677,-1.2709681413855036,-0.2527365851787136,0.33529565542028117,-0.9413431827361614,-0.03807670905472404,0.44881747908236846,-1.4160916727056028,-0.18033238528551312,0.23573533425322712,-1.6224583711156353,-0.2701440071353001,0.03492022590304437,-1.6220603542003225,-0.3081007082623538,0.35066065984157435,-0.8570798391113216,-0.1888191412413404,0.5611157736842503,-1.2564064508643513,-0.282393410331129,0.39302040071701144,-1.4960280294394153,-0.32371499539185067,0.23338232030950767,-1.5602878902529944,-0.33801696048213375,0.3077789021782579,-0.7517595508127128,-0.33613434643997503,0.5135819322551505,-0.9518994028789859,-0.3839001058213031,0.46816050443955415,-1.1736869593583974,-0.39442845881278565,0.381676620267096,-1.3142637889025846,-0.39688769016418973
Okay,0.0,0.0,0.0,-0.16767453003569757,-0.3212988421877786,0.017593215532316145,-0.2587121260108539,-0.6181448928934304,-0.01472555079592199,-0.3649431593524778,-0.8369034387982155,-0.08756274973967379,-0.4247574641152069,-1.0280593636731685,-0.15764495633047437,0.09258476909073536,-0.9538500988386315,0.09783892608772182,-0.07199431820557207,-1.1503233210838022,-0.05541141507860428,-0.25569124583125075,-1.1748864212940844,-0.1997783399766675,-0.3789631136088867,-1.0796318739596837,-0.2717619809333289,0.20812471872011212,-0.9780039821766712,0.01386767119049121,0.354825458592683,-1.323463615704352,-0.12356594649091317,0.2025230967652951,-1.4633163327146086,-0.19375287647106157,0.02270934339299095,-1.4176143082014363,-0.20218216014862217,0.29488702909807324,-0.9209079213214688,-0.0925620391630355,0.5092934241785886,-1.2191243880156755,-0.18017381446845165,0.3771133042212313,-1.3933507740401805,-0.1749099992872576,0.2218929146864169,-1.4218838919558243,-0.1361459113114368,0.33540739430934613,-0.7934535325430785,-0.209714938695568,0.5620446808146766,-0.9744295846414731,-0.24671759584724556,0.5116930227938494,-1.1513805743212517,-0.22696068310746517,0.4059240580212582,-1.2318308350607787,-0.18732289737225863
Okay,0.0,0.0,0.0,-0.3131959269569134,-0.059330739118063455,-0.06344843167161997,-0.6119183069899451,-0.22788285139962347,-0.09959116663373888,-0.8161700292227024,-0.4511168321575806,-0.14987670664945682,-0.8434906482741539,-0.736090397742779,-0.18734350162455185,-0.5526206391061211,-0.7347288077845185,0.10829847994902625,-0.7090526164851091,-0.8505099390004531,0.0032936565473561386,-0.7964230377762314,-0.8149205664967207,-0.10032365510162677,-0.8329702162163667,-0.7424844846598838,-0.1562763841799689,-0.436654623942581,-0.8953252409645981,0.08789455205669769,-0.5898087695622314,-1.205988698789105,0.049697020601719114,-0.7022783678563178,-1.3739699385748643,0.0061067464213082805,-0.8013550611758149,-1.4951860909149584,-0.02061457892725342,-0.26699635761674373,-0.9712338023965821,0.03313497848312432,-0.37359124485335304,-1.2453486644423435,-0.02096012657256728,-0.4776175995640281,-1.3972787019489292,-0.04528240270386458,-0.5892396293691765,-1.5002497693232288,-0.05324062120368835,-0.06477331938147772,-0.9650951513934604,-0.03405934963661199,-0.06687822469978777,-1.222143996715099,-0.06551528538529612,-0.11522206987521928,-1.3611480635781437,-0.0624322294159483,-0.19373632960113996,-1.4555979337454674,-0.05389231152816196
Okay,0.0,0.0,0.0,-0.29427080084821194,-0.10208867733330518,-0.04997962994685905,-0.5762294921634364,-0.2885097672871244,-0.08162969936404586,-0.7726264057983314,-0.47690842445928555,-0.12836326144958352,-0.8377058417400877,-0.7196037307910522,-0.1687841081732689,-0.44341222601519253,-0.7928586289699302,0.07603655703085317,-0.6140527725810794,-0.9185584374958436,-0.02981767570999337,-0.7330264529031022,-0.9321355993626552,-0.13311043801501984,-0.8187783576122021,-0.8988455256908536,-0.1941543950834301,-0.3241764288185544,-0.9451088464115444,0.040974521755458904,-0.4484505922776047,-1.271424665777135,-0.027822233609054323,-0.5707711851335948,-1.432050624898799,-0.09572562459783839,-0.6935037198852538,-1.5123460684715404,-0.13812516338120698,-0.16729148048952247,-0.9988618799403456,-0.021953220086213514,-0.23724561347151332,-1.3048724095172939,-0.10509666819842144,-0.3407070202584964,-1.4691229343176906,-0.15881579304849727,-0.4711163183578974,-1.5648180519229962,-0.18585154696791012,0.009658637650878045,-0.956287577345843,-0.09283039835360034,0.07467654380986082,-1.2304072205112604,-0.15802982698579365,0.03917078266038367,-1.4004673874011355,-0.1882269811441115,-0.05505592667903113,-1.5127161701149232,-0.20365951592628814
Okay,0.0,0.0,0.0,-0.26045264579217026,-0.14343909722834347,-0.059024461125482104,-0.49843741928256813,-0.3646725139034741,-0.10444420185368264,-0.6730829359149493,-0.5479732490304537,-0.1651362526528518,-0.7414778460837892,-0.7704707232004315,-0.22073582444704404,-0.28537539617586055,-0.8588327824381952,0.03327403234780114,-0.4860773935910512,-0.9836678309185296,-0.10584333494947387,-0.6293613669753646,-0.9488069186498844,-0.2347592866565719,-0.7261301005561396,-0.8526846305306621,-0.30307528333644723,-0.16887479430075023,-0.9856365774000113,0.0013568865357226,-0.223343735289361,-1.3482436086701968,-0.10105835544642615,-0.3473903336739702,-1.4898333298100483,-0.1816184674362198,-0.4845166401194254,-1.5083268023606864,-0.22012190669674528,-0.029026612227704585,-1.00266819513795,-0.05724047835123539,-0.02536765018171699,-1.3371793572446111,-0.15807105355956128,-0.1297636905396795,-1.4769632407726407,-0.21257745998401525,-0.267438408790609,-1.5235534474896508,-0.22719552154690875,0.1065787308771214,-0.9179237219766232,-0.1245482376232629,0.22888782687488105,-1.1958266468850436,-0.2019585228369875,0.2063170192342263,-1.3801196844455352,-0.23572327826771264,0.12067308727837953,-1.4986670272255662,-0.24335588318734264
Okay,0.0,0.0,0.0,-0.2349442510845168,-0.21027377532511898,-0.017523141938682346,-0.4397734655564144,-0.450512042576876,-0.04558794940868636,-0.5973640864354751,-0.6217021440024393,-0.10102669281296528,-0.677420035341224,-0.834008688457603,-0.15134133298215877,-0.16116931481395136,-0.9020695805696547,0.05364715076704043,-0.40484404870058355,-1.0282412759628556,-0.09679283145439257,-0.567747538488407,-0.9812879687086461,-0.24557433557818611,-0.6746911010058406,-0.8914748943264017,-0.3236669828545921,-0.06763199224241456,-0.9976987257115936,0.004813142298371709,-0.09597792086010529,-1.3848437929462245,-0.10875564104958475,-0.23711120737481003,-1.5494174138359833,-0.1986513347990896,-0.39012366177208824,-1.5566765510607463,-0.23558884587326664,0.04765169042913891,-1.0017479064459502,-0.06565849052771923,0.08020233489874713,-1.3815330574625326,-0.16106206989505395,-0.04592444661023834,-1.5242788078698097,-0.20147179503587176,-0.2075822692265818,-1.5316211189542308,-0.19770287555278804,0.1447111487109988,-0.9315730120675878,-0.1443219963915226,0.31505093604465706,-1.1907169748658373,-0.21589946196203272,0.2789182706857719,-1.3728455478212407,-0.2395396215349154,0.1711723576688362,-1.4610698628609153,-0.23042586319076286
Okay,0.0,0.0,0.0,-0.20672870121218562,-0.23077110127759293,-0.03081323621087695,-0.37042623616323106,-0.47512819434588077,-0.07247701196327229,-0.5149909237393442,-0.6558324349263682,-0.1373326741687894,-0.5915854499355767,-0.849840710682825,-0.1917869281892429,-0.0817291045486033,-0.9222579619420421,0.017693634591038874,-0.29190361238917184,-1.048631861014337,-0.1442623819227242,-0.4660918221126044,-1.02731890890545,-0.2839541273233485,-0.568316609309804,-0.9360237853917941,-0.35148863875198383,0.019712679685980422,-0.9993219661379134,-0.031096917111718282,0.054300257142123734,-1.3766395457429679,-0.18142207149714687,-0.11853402120074151,-1.5372169407010121,-0.25675065971087657,-0.2926164634667842,-1.5253353699009595,-0.27000948402057323,0.12009355156735754,-0.9882085584786491,-0.10127060864316288,0.24248079995938684,-1.3379569869072172,-0.21163690995399698,0.08639717286570085,-1.4948028412129601,-0.2195050003504568,-0.0872360275213772,-1.5041632611919642,-0.1829169643216431,0.19387336828529625,-0.8970197420522676,-0.18273610399311846,0.388258845331118,-1.143835119060043,-0.24525522782015338,0.3245353013284294,-1.3319629130560824,-0.2446185826003128,0.20520181845359045,-1.4050575347279968,-0.2115584949863849
Okay,0.0,0.0,0.0,-0.1956091040840829,-0.27503061140196644,0.0008285556134182333,-0.3260859677796197,-0.5105408097109339,-0.035634758128184,-0.4607858134997357,-0.6866081899374654,-0.10508825053010126,-0.5492100275563814,-0.8723753143139462,-0.16619390590828087,-0.026077350689892094,-0.9402703348471919,0.05203314287102742,-0.24537435900021906,-1.086154109785708,-0.11318625039825728,-0.43068178249056294,-1.059969458587411,-0.2578350037631703,-0.5368737962373871,-0.9490322392822086,-0.32457366723474834,0.05980575442740172,-0.99810600203307,-0.014411122195394924,0.11327800623596933,-1.392336387780845,-0.16335501726343377,-0.05139860709963006,-1.5866459634853598,-0.2336713694243238,-0.22900728842750984,-1.5924938411934166,-0.23969272668497088,0.14621510338178118,-0.9745579766349659,-0.10219079888975129,0.30139104689568597,-1.340672717926603,-0.20738536152808462,0.1713212042501185,-1.5400980602475913,-0.2065155550489396,0.00225386520109016,-1.5676864904486092,-0.1604037680732869,0.19760372903876894,-0.8932107440428578,-0.20000184926684633,0.4058640344096698,-1.1378922245663239,-0.25463160184405104,0.3498426330551774,-1.3457244369527885,-0.24332345911721354,0.2265224637341687,-1.425309944918531,-0.19943009975549217
Okay,0.0,0.0,0.0,-0.1919315744503526,-0.31311956420409975,0.031597679679615374,-0.29541757204413277,-0.566380022360108,-0.0028955597186537535,-0.4252283126541094,-0.7460805818721724,-0.07821539822261368,-0.5130563010420495,-0.9225843266219962,-0.1524316659533753,-0.02052355630010343,-0.9713588940433682,0.08655606536401049,-0.2224390631711074,-1.14953855559957,-0.06352819543164717,-0.3969231416492382,-1.1082090378920066,-0.20759108955073666,-0.4973444082785434,-0.9754577748261234,-0.2803910918686227,0.06336319525199624,-0.9979891153826397,-0.0016825769622061907,0.12599081086036862,-1.4097904744442145,-0.13062951500319558,-0.038570126903195466,-1.5927531998025604,-0.21285741287551127,-0.21927070998035186,-1.5993886145216965,-0.2405894320764534,0.13645858999626617,-0.9526682076817159,-0.10907581561089463,0.29101017335299806,-1.3380496294418844,-0.1913809983936446,0.15397931234172627,-1.55007396805695,-0.21101031215131752,-0.011168265385554378,-1.6072981681351786,-0.19824483104024507,0.1695831616639637,-0.8515613764033383,-0.22339176929179408,0.3692869557372346,-1.099749871990332,-0.2649590654679295,0.32114849062225714,-1.3116440610891893,-0.26548821236643144,0.21167395732726874,-1.4245046924130909,-0.24585335481965248
Okay,0.0,0.0,0.0,-0.19581382585974633,-0.3958266142256398,0.10834350616343127,-0.2858994536335847,-0.6620879337856098,0.09384334285602447,-0.42450318802682224,-0.8629402202985438,0.029542286572105936,-0.5267427002646505,-1.0446524200256584,-0.035973564850549374,0.059160776677040665,-1.008981549162449,0.11435050248126406,-0.17131266622959068,-1.245207703161887,-0.031679792699837596,-0.3679515668811162,-1.2145577788776192,-0.18256257187808653,-0.4939198533571527,-1.0805742278349941,-0.26362048545511896,0.13480244439643527,-0.9908388815460708,-0.008161605312530454,0.17086760269581608,-1.4790779934096285,-0.1361520688476638,-0.011353241069898044,-1.7013137871598785,-0.2367708577222657,-0.20614448047704323,-1.7319082256795186,-0.28706828022278574,0.17480282384861534,-0.9359967223530076,-0.13850532020593276,0.30302704082918125,-1.402195475606486,-0.2099733674751398,0.1464111849023891,-1.6318835815368538,-0.24005474664334556,-0.021252961154492576,-1.7148387734362505,-0.24751969765645374,0.15946020045514123,-0.8740556231837263,-0.26630838073201224,0.33873573620567776,-1.1331737024620332,-0.30139313721350364,0.3081867754082386,-1.3435381917697373,-0.3068700384312132,0.2239108162627792,-1.4918353039610772,-0.3014972098164535
Okay,0.0,0.0,0.0,-0.186208787314338,-0.42440270302594807,0.22083783090069203,-0.23668406669855768,-0.6712720441578471,0.2302242951983792,-0.35484978173072934,-0.8610774430318646,0.17065268330727223,-0.4893665522181543,-1.039850393222504,0.09675195507825463,0.15931361438676678,-1.0005007996477486,0.1894549160069498,-0.10627706460092105,-1.2580548897416903,0.11192513364790498,-0.32161786954097904,-1.2113361778944298,0.011732486879477257,-0.4676604978903748,-1.1081377721648542,-0.04523478775906078,0.22023850462533495,-0.975203352782476,0.021758258253216027,0.07220672354966261,-1.520193397135073,-0.022635123548455482,-0.13412604909671538,-1.660990343968549,-0.07780672285604712,-0.3091861586930383,-1.6318437977134994,-0.1183565152153512,0.18574246062925287,-0.9153111236635414,-0.1369242269214445,0.1234448265010149,-1.4793139247864417,-0.1327400433859211,-0.05210953860182291,-1.643415921501879,-0.1037552956345649,-0.1818036504797317,-1.6714307862704079,-0.0945683178808528,0.07054820293162545,-0.8842006734652249,-0.2822652406074914,0.022034429561559928,-1.2611040681904155,-0.24893737598957139,-0.042006640086234046,-1.4306101507978615,-0.19414647658034073,-0.10341365513110014,-1.5397974550136273,-0.16170256621340595
Okay,0.0,0.0,0.0,-0.15150359138981145,-0.4002456919646862,0.16835608348537331,-0.20872789964775984,-0.6922460419780055,0.16781775302968083,-0.32448871213510355,-0.909455948329881,0.11061191325151878,-0.4576886487263593,-1.0698102298840635,0.04143738360164675,0.17786034198524597,-0.9882018867497812,0.10950941743368339,0.051910265265051936,-1.4294025476108858,0.04496995684375673,-0.13007024399191586,-1.5859106586584744,-0.008853980753586526,-0.2893814471542011,-1.6638661690147003,-0.04106183020567431,0.20339860919993138,-0.9781815643175773,-0.04230641800898684,0.09694179371208679,-1.5599146628467306,-0.08373078457031628,-0.0990886353665107,-1.7381458229359226,-0.11003927697089107,-0.28155614833400616,-1.7807815187894942,-0.1319658032985618,0.1391668756043399,-0.9064704966541978,-0.18819631103302123,0.028546285123668014,-1.4755195423745289,-0.2235426561072573,-0.15628214376549648,-1.5799226781575841,-0.21828287499460003,-0.32332289173100376,-1.575999203054485,-0.22135207331649723,-0.01202536275576033,-0.819728335444315,-0.32198041574135877,-0.14946439676720735,-1.167033644088744,-0.36032890845442855,-0.2632158996436137,-1.2530578026458796,-0.351445360024679,-0.378406457316501,-1.2688476095497985,-0.34511267268641377
Okay,0.0,0.0,0.0,-0.19809551652668425,-0.4920365389816124,0.06315901816335433,-0.25085853693522153,-0.873077101032349,0.02036353134988037,-0.3621699325800659,-1.1031942643411021,-0.057706316644295395,-0.48044391510324014,-1.2975025648778802,-0.14656136354204452,0.16827844056156116,-1.0815167151152307,-0.03946946019432881,0.09034971103150026,-1.4901161655156148,-0.18487792561829502,-0.0618282039202323,-1.670681034250424,-0.29938697161144284,-0.22161386047048232,-1.7589389596651563,-0.36214746135652515,0.22178654454640212,-0.9640475689492836,-0.14636602563827164,0.09935908632238197,-1.4206841645569748,-0.29967817510918154,-0.1591787786726097,-1.5739941682602323,-0.3898388942306042,-0.38594920187038917,-1.5959380483409276,-0.43634675539754825,0.2137440247668886,-0.7909138131769621,-0.25395493442890144,0.1225624498366681,-1.206180738921532,-0.381530408833314,-0.10080191875367125,-1.3892880957893634,-0.4368430394972941,-0.2927743092313279,-1.4583342603313332,-0.45632923948732856,0.12022288740707447,-0.6057202222954803,-0.35348151846113285,0.06071466921070547,-0.9094351342285054,-0.4348373767762577,-0.05408780822616901,-1.117476347740293,-0.46139336071797743,-0.16400896557452205,-1.253523641549507,-0.4705379102400307
Okay,0.0,0.0,0.0,-0.18720324947200606,-0.4891288963211638,0.05646155485075567,-0.23792330551234375,-0.8815885505224901,0.008167387416685452,-0.3550750596051902,-1.1099959697098423,-0.07863766782389728,-0.4814486153607461,-1.2908855064597973,-0.17527347287018238,0.2085612582418188,-1.068173664001048,-0.02966747841374638,0.13898864198305858,-1.507913083138493,-0.18490805070722383,-0.038637318871831146,-1.6783661398678913,-0.3094696512633544,-0.21942711362094233,-1.7450281699635861,-0.3779520830460275,0.2508777201963257,-0.957774105505833,-0.1404604297715039,0.14807118677271935,-1.460908159562579,-0.3038470632043676,-0.1303118223868159,-1.6070102130196684,-0.40766047303008673,-0.3719213219627493,-1.6076715362712137,-0.461908222958888,0.23813777284847354,-0.8022171273295698,-0.2545542799412019,0.19031508238198785,-1.2674951993370014,-0.3812955333342577,-0.04062628307128137,-1.4398878633994527,-0.4399656438026859,-0.2432811696342601,-1.4824975286436277,-0.46297824603642457,0.14573936862633288,-0.6354026705425927,-0.36317972717361524,0.12451121542168368,-0.9523498446469778,-0.44446071758298694,0.026050142777112498,-1.1514811503936928,-0.47435757441105614,-0.07930590782859565,-1.269358274148052,-0.4868170983721468
Okay,0.0,0.0,0.0,-0.18901099377657066,-0.2967086389817084,0.02721224424416308,-0.2978372636180388,-0.5744696831531757,-0.00839112007993431,-0.42231819387812525,-0.7684589744754162,-0.08190881211163777,-0.5238263753133237,-0.935378219299612,-0.1579497766379931,-0.0022908820814322487,-0.9724767478085079,0.06507570453485309,-0.20005847287149722,-1.1303146207864163,-0.09028981601687193,-0.3795031148340763,-1.0919863124758775,-0.23950014344337786,-0.4974741710544008,-0.985534878368271,-0.31655388715619454,0.09912204918541342,-0.9948501394419689,-0.02116646918074994,0.17467109376801784,-1.3576234993022327,-0.14366343880295127,0.036184537675106994,-1.5174152844263633,-0.22136580150248525,-0.14050401114120117,-1.522471887366501,-0.24685313230722292,0.1855278157872407,-0.937328023621862,-0.12474597873263038,0.34430522512926454,-1.2763580325539743,-0.21132637599183346,0.2349485325174009,-1.4600374559232758,-0.2267845508458495,0.08198446431287235,-1.5198605950152462,-0.2108034949295117,0.2307357022950293,-0.8147841891036119,-0.23440130693802713,0.4358426908282192,-1.021869094879361,-0.28409273889566017,0.4097605759954609,-1.2063514694657058,-0.28101222393271885,0.3177083486050043,-1.3227922328869295,-0.2567879045837109
Okay,0.0,0.0,0.0,-0.23034655864572903,-0.2165458107556853,-0.01753800089399586,-0.40559939701555014,-0.47522727466334297,-0.051116797618409975,-0.5533850410113164,-0.6633719714479133,-0.11304806000982036,-0.6230761668162588,-0.8508633282261828,-0.16753748283319614,-0.10659978976541493,-0.90078630979929,0.0530754661842918,-0.31160483039950426,-1.0416820763527102,-0.0970504899912273,-0.48166755190773825,-1.0391226791169053,-0.23293343637889996,-0.5893509037186183,-0.9627061210782057,-0.2961493638824677,0.002790454865221706,-0.9999907751473506,0.0032654221543616034,0.012557046893497676,-1.3559391576655369,-0.10256565359874006,-0.13484291791420305,-1.5116678282054636,-0.1538773948075367,-0.2875118579241072,-1.503212222447297,-0.15840328826982425,0.1146950155983758,-1.006007828021032,-0.07119120338885798,0.20978633217350523,-1.360117842294919,-0.16114447349347916,0.0591900477304483,-1.5093626347331812,-0.1631509371724584,-0.10302478861044387,-1.50932522412108,-0.12631715331080282,0.19932374127548935,-0.9309442422631455,-0.15663958985786178,0.39437109970438267,-1.183586583727393,-0.20963897188751668,0.3329313015670682,-1.3455356432377097,-0.20353404444656142,0.217558857834456,-1.3919441804020527,-0.16846712981538498
Okay,0.0,0.0,0.0,-0.3080572626774078,-0.12994754681450216,-0.07877560505326743,-0.5857716992897087,-0.34437136817517694,-0.11334117562961164,-0.7822636077452242,-0.5697436450066994,-0.1652486629084092,-0.8552545792776944,-0.8393362410312046,-0.2082437635407529,-0.35691799943810243,-0.8140124479893138,0.07070808010083961,-0.5696044388216355,-0.9445356868971726,-0.0643557102063743,-0.7099033448735562,-0.9763671312670233,-0.1967306153263081,-0.8170648369128339,-0.9539926701779333,-0.2667603042611037,-0.23054098028605996,-0.9717785592830427,0.04997287390691559,-0.27935986006172403,-1.3418678737758154,-0.049162352975584564,-0.40522032596668417,-1.4889988227896833,-0.1295301573361289,-0.5434387496035608,-1.4717596112769433,-0.1617885350258326,-0.0715925677144021,-1.0279561824156223,-0.003989752071188165,-0.07839496197861921,-1.3821807482866793,-0.11141517957740532,-0.20370399381563825,-1.5133865414390713,-0.15911300760744956,-0.35419824670622707,-1.4885234923308885,-0.1566861546775474,0.07904691623030811,-0.9912254096577757,-0.07145386311256965,0.2040667543525702,-1.2707704551684231,-0.15723012702443553,0.17086179838680968,-1.418718091037945,-0.188689575367286,0.07823260761243987,-1.4437596665292507,-0.18458515314055568
Okay,0.0,0.0,0.0,-0.3845523044577871,-0.0624066082014471,-0.07646206022550396,-0.7460851802675401,-0.22056730332185512,-0.09136870099477414,-1.004452958890096,-0.4372458467540371,-0.12578944760420446,-1.0982560874883798,-0.7430771709261033,-0.15069664692354817,-0.5701234001229204,-0.6843612195247345,0.15560595914198644,-0.8041169805815038,-0.7972431416890376,0.07973956520187382,-0.9436262886119253,-0.8806742390765087,-0.015179128189238144,-1.0426706911726753,-0.939526456834572,-0.08044479103934768,-0.41484741678534,-0.8999486923353819,0.1341416115542319,-0.5670657710322872,-1.2249306083469256,0.08392760007743763,-0.7023792029980851,-1.403923328171626,0.008785919960046153,-0.8297831717605372,-1.487168163546015,-0.04264515565627667,-0.22267689447708425,-1.0252772774969752,0.07541304964131905,-0.32603107298129513,-1.3187138138640928,-0.0020109243709890024,-0.45941610105786895,-1.4726735581728003,-0.060413554375531205,-0.6190646368397875,-1.5308252728806555,-0.09007989731728573,-0.008560158550762295,-1.0544356464793012,0.002609282815671591,0.04579301399323129,-1.3234818206732386,-0.057487040538367576,-0.015162592451411732,-1.4808514191104358,-0.09036890533802547,-0.1370501231876722,-1.549859897351746,-0.10906799152640498
Okay,0.0,0.0,0.0,-0.4213921453779931,-0.01237314774240356,-0.06701135810437765,-0.8219171703247963,-0.17808527752094816,-0.06389293212989378,-1.0993484179469015,-0.44245832134679874,-0.0769498253601403,-1.2094534201205214,-0.7624075910106459,-0.0815461245755776,-0.6913030266303763,-0.6122197865578902,0.16507638749289533,-0.9008242301936265,-0.7446475027815153,0.1112954865904023,-1.0296476766928013,-0.8316753062061022,0.03840485275514578,-1.1443863386190658,-0.9129419367068115,-0.018259644521649264,-0.5419620108557844,-0.827694596775435,0.14559819112167727,-0.734908229017685,-1.1282953471257096,0.10649214302828539,-0.8854138802159885,-1.2957594465604267,0.036152673288123376,-1.0177284237347595,-1.4042150167590448,-0.014021973228954949,-0.3473310444138213,-0.9669865184736172,0.09289482630388748,-0.4845140208495621,-1.233052537673323,0.02344550992719628,-0.6276774924900416,-1.3644217680492432,-0.03470697201489711,-0.7736140967210957,-1.425392760146111,-0.06586106992959694,-0.11106897677312201,-1.0442128432788689,0.02937405279041697,-0.12485838861279591,-1.3103151820877565,-0.018811778456088477,-0.20791391036133242,-1.4351045433770244,-0.04362538310611636,-0.32321361995208664,-1.477805969412094,-0.05889082775074663
Okay,0.0,0.0,0.0,-0.2689866360191071,-0.10234713283950395,-0.060003830442235305,-0.5219328235268322,-0.28088977994497416,-0.11136391428377436,-0.7172351503597179,-0.44030034590600947,-0.1790081741245364,-0.7665722885878302,-0.6550415550957782,-0.24030208345843826,-0.4066318322285179,-0.8117620370694648,0.04147544360966086,-0.5897698625463936,-0.8994801131344377,-0.09824681057559605,-0.6904977962534179,-0.8702243881761299,-0.22819503018435394,-0.7397550493907457,-0.7877503304128561,-0.30014814187161376,-0.29705815076120046,-0.9548359692655782,0.006687814515942013,-0.4050495235532443,-1.28721421151142,-0.09241044664797063,-0.522391698350641,-1.4355756874407564,-0.17604726707297697,-0.6327257478747613,-1.4542266002476754,-0.22083173473585366,-0.13894697817053406,-0.9954985420707928,-0.05560194381522723,-0.20389302618040828,-1.3163069815004864,-0.15243697636258624,-0.3038290093528776,-1.4550145697976395,-0.20547128815485202,-0.43090601846913285,-1.4764922470628508,-0.22345563485438377,0.03652898380531758,-0.93595070916576,-0.12753319740896932,0.10059231483197144,-1.2189098049009233,-0.20155844475050333,0.05436697955883772,-1.372380741852797,-0.23212464348629053,-0.05268700406160832,-1.4338033531010252,-0.2401510548555327
Okay,0.0,0.0,0.0,-0.2716255659855538,-0.11864889308384155,-0.054928379223793164,-0.5169003877601297,-0.3075954124534258,-0.10203191728539329,-0.7140699224713052,-0.4729395025425733,-0.16963737331688206,-0.7816509390554689,-0.7026515484708056,-0.23343328095716012,-0.3895558072129185,-0.8187220138092951,0.078836093231479,-0.5679288969338461,-0.9155915282780271,-0.06484241029088117,-0.688412201723393,-0.898774810626228,-0.2056653955772717,-0.7653890629105086,-0.8315388526172697,-0.2841186470799209,-0.2861568650496601,-0.9572051697114144,0.043272527805675656,-0.3842961739383287,-1.2971618451563296,-0.05176341299921029,-0.5059914111049563,-1.4308203899462448,-0.136768983536828,-0.6237892830014037,-1.4501255717562156,-0.18127604911924886,-0.13306261859054627,-1.0021483886063167,-0.023139626799032847,-0.18920412435490222,-1.3243315090103773,-0.1218385371071696,-0.29895230282808516,-1.443703413419678,-0.17793884258701476,-0.4309530604586387,-1.4568960912959756,-0.1950286710626712,0.03589216865691456,-0.9537839112961503,-0.09908519697673702,0.09876945031429266,-1.2304857486487957,-0.1695333405343498,0.05040602984509161,-1.376233365136882,-0.1991143191560945,-0.0520940690770881,-1.4364865106771543,-0.20609554636333247
Okay,0.0,0.0,0.0,-0.25003128510169004,-0.15527993570000997,-0.04801857588086441,-0.4627371093923791,-0.34984511222193326,-0.09725990718918841,-0.6326077771967541,-0.4981047603156252,-0.16740564198500826,-0.7233642093658355,-0.687161965019998,-0.2366090653354423,-0.25806372348016815,-0.8735897941053069,0.03943480244250499,-0.46389431048200935,-0.9552188919511354,-0.11255098729286646,-0.6017871705209932,-0.9106707133793844,-0.26426613135947785,-0.6911438301866784,-0.8301889660073987,-0.3495867474716518,-0.15789182647605127,-0.9874434576420021,-0.005058566206354078,-0.2132872568875431,-1.3488631665468818,-0.12527041022936006,-0.3604973218690827,-1.468315796964464,-0.22844758389014863,-0.5091564124329555,-1.450170100755107,-0.28154361891986873,-0.0255803253422344,-1.001424682894519,-0.07409733853404678,-0.018653126055107702,-1.3677158907043827,-0.1801944501964547,-0.13469067111187977,-1.4833658140299186,-0.24138128850319351,-0.27657352307556854,-1.4714316698707306,-0.2604435999031594,0.0993057816110057,-0.9184091108766074,-0.1526000433237796,0.21850340421239042,-1.2065042835752646,-0.23011006000332615,0.16886097968616173,-1.3606898158612895,-0.2635019698397667,0.06171804815466403,-1.4185874258154898,-0.2706134372084673
Okay,0.0,0.0,0.0,-0.2153213719824252,-0.2613591407717232,0.011346744841054204,-0.35380826650802716,-0.4964857554022942,-0.033258337634563935,-0.4966088251593677,-0.6437103722124037,-0.11369773339233134,-0.6022455437224542,-0.809528432452134,-0.19722950166851178,-0.11819628688045843,-0.9550615315056127,0.051789738922872454,-0.34025330815170324,-1.0473534782637817,-0.1079208729892892,-0.51425596817224,-0.9838207903839842,-0.2601230449718972,-0.6150574741821397,-0.8624827676825038,-0.34092035708310114,-0.03612765726465408,-0.9988009610581778,-0.03303683655902584,-0.017299597706380083,-1.4080319872031957,-0.1784273553233669,-0.20013470224018315,-1.5123786627602545,-0.27410174702129086,-0.3758087140927366,-1.4538682119802075,-0.3090675877519991,0.05019056645354349,-0.9561200696970706,-0.1359509608420785,0.18422689903374084,-1.3256249157554392,-0.24313506841773244,0.020188279981958837,-1.4596599807632322,-0.2888910904317077,-0.15598054604369715,-1.4597931910995403,-0.29236472856341406,0.1086975602179422,-0.825699660250964,-0.24494349092019754,0.30660640531614836,-1.0632399632070604,-0.3052441860620931,0.23131306543526217,-1.2286120684281818,-0.32002491574185327,0.10332259228822722,-1.29299449075429,-0.31175066402190527
Okay,0.0,0.0,0.0,-0.21507392617711898,-0.33119367908889485,0.05766970788253945,-0.3327535683827612,-0.5818708185330059,0.02117597113350503,-0.47303062712380073,-0.7436143447721917,-0.06021246136588431,-0.595518150500861,-0.8946786649831512,-0.14747406457154683,-0.08297087485080555,-0.9946321752889751,0.08293081337984053,-0.3157736284539457,-1.149379287473673,-0.063416321326665,-0.48832363643684523,-1.0756960239497135,-0.20936318504165746,-0.5895802578665233,-0.9500804010127294,-0.2910273156680746,-0.014016267467260871,-0.999537095403693,-0.027002576881377725,0.00556122214669774,-1.4377196081876527,-0.17532569160890518,-0.18637032241489787,-1.564380157716982,-0.2785378587003004,-0.3773600735606024,-1.53063486518445,-0.3220036582080045,0.043772767203643946,-0.9331843739865741,-0.14997130845282902,0.15583633916420153,-1.3484048710170136,-0.2474920184630555,0.004495668919061901,-1.5260133269113976,-0.29449762985895944,-0.16534920272416645,-1.565944617685714,-0.3080020696388696,0.05813078051470003,-0.8092715032322033,-0.2745082814207356,0.22796135414937455,-1.040889397274037,-0.3268795721168447,0.18501927780335078,-1.236426266730239,-0.34424485509586555,0.0870790911774165,-1.356481370701274,-0.3461645971378023
Okay,0.0,0.0,0.0,-0.21487869422648612,-0.33979750247996326,0.1072846999857503,-0.3143282893484049,-0.5888856750463195,0.0964935849388425,-0.44955515961427295,-0.7501180599573571,0.037299030629381384,-0.55989117646685,-0.9199369718935845,-0.027460067713502706,-0.04353546939268867,-1.0018827501352847,0.11685023865195349,-0.29400728560714323,-1.16473271260676,-0.014542430175036989,-0.4747090550193971,-1.1075606426094495,-0.1499199486751548,-0.5806291980000424,-0.9870029375150607,-0.22352109397268252,0.029596382378307345,-0.9995435298203776,-0.006065158228514588,0.011006180686289734,-1.461919669771009,-0.12441931812412246,-0.18413177045300586,-1.592572769684753,-0.20946126783264604,-0.3711562899652507,-1.5495690870831416,-0.2464916012456179,0.07666973091860645,-0.9411067434711861,-0.1368826774868846,0.14257374953008775,-1.3888734789196662,-0.20805424861458696,-0.025688771216882556,-1.5589168200892145,-0.24134729768435528,-0.19241129634590248,-1.589559548818956,-0.25212558884011876,0.07157522296476349,-0.8436189140986575,-0.26483598817652304,0.1956490652535081,-1.0792153136069342,-0.3069400232069242,0.13476042814304184,-1.262024389166047,-0.31996184929178956,0.03397209898138654,-1.376108576189516,-0.3200972315635574
Okay,0.0,0.0,0.0,-0.1709094614248746,-0.375547791259279,0.30274376226431415,-0.23192986526752607,-0.6412004222348247,0.3672342829683347,-0.34516701746581674,-0.8496292925447906,0.34835567120105,-0.489106860962236,-1.0202514184402236,0.3131477876525852,0.12081391040251066,-0.992408987056186,0.2784379099752808,-0.019236477998034896,-1.3871552415686756,0.24568215228495638,-0.2345522469623316,-1.4488014265953586,0.20542970256283044,-0.392939219167378,-1.4147497507038589,0.18438571244612847,0.1501768044399071,-0.9860915467365315,0.0712066630518001,0.04367754326740498,-1.5298656449900065,0.05911796625143376,-0.17278477074313223,-1.6980901720295956,0.053793831984172605,-0.3513864331424626,-1.7074657015039651,0.04489312526682756,0.10026280878747347,-0.9159005624785633,-0.12743021608307628,0.026400541012623402,-1.4650452923402986,-0.13472799818752765,-0.1625195182444122,-1.6217715668968649,-0.11209279222183226,-0.32987313892264075,-1.6436812824356242,-0.10875328747598946,-0.03151969046281492,-0.8375764570620229,-0.3045549770395677,-0.10766589427788058,-1.1685112117682197,-0.3135867527804297,-0.1999865456082071,-1.2896898857255832,-0.29255569911953333,-0.29797991227155185,-1.3433391161211417,-0.28405276060642
Hello,0.0,0.0,0.0,-0.27458456650508634,-0.14731442588303195,-0.09050728872473414,-0.5120834821402639,-0.37443195314233674,-0.1368521627365969,-0.6799227491921342,-0.5477235202406557,-0.17990366308950725,-0.811863577634922,-0.7125712096475408,-0.2196091634871163,-0.30235892270877684,-0.934539342418533,-0.03015505910822171,-0.4177271063126916,-1.2591838296096602,-0.09171576724879946,-0.481321986468264,-1.459514618258367,-0.1543063558280733,-0.5260684234116663,-1.6377987642691136,-0.2027848678665806,-0.1335568178835884,-0.9899625530521319,-0.04622466821205988,-0.15994375074529152,-1.3827117243150604,-0.08565754821372898,-0.17289237776285118,-1.6265229600103444,-0.132338983956854,-0.18557742639893146,-1.8275194751604489,-0.17145944637068827,0.026880556734221097,-0.9599606020051529,-0.08278125528996949,0.01806559815960049,-1.3078419028795167,-0.134459769763541,-0.002892458365888348,-1.5223599396864393,-0.17478491975886318,-0.03777677360450819,-1.707919613378667,-0.20660652324299644,0.182099128711813,-0.8611347356994918,-0.1306855628106854,0.23789859810138714,-1.1260262010615396,-0.17801320015990113,0.25561111464987585,-1.296024887631648,-0.19661104049323494,0.2520667374433594,-1.4527433167603523,-0.21119929640652915
Hello,0.0,0.0,0.0,-0.27582875155214603,-0.14634430896661052,-0.09058996007443479,-0.514069425447457,-0.3698949597208895,-0.13799616347909688,-0.680482264169937,-0.541311592185932,-0.18195628085982388,-0.809148682000841,-0.7044688054872891,-0.22292292123183524,-0.30250688198550385,-0.9334359504802678,-0.04031758122904935,-0.4160291463111425,-1.2642297203291126,-0.10514254700429594,-0.4789678775001465,-1.4700197431487871,-0.1696614450188348,-0.5257583033660568,-1.6505681578161182,-0.21933511924218005,-0.1377898402971969,-0.9888286676229785,-0.05684915124993554,-0.16549425126131273,-1.373259487118157,-0.0998180482794524,-0.18116285526301001,-1.61534293495099,-0.1473794446506952,-0.19621972328949744,-1.811304244048387,-0.18666195166430688,0.020430703024150804,-0.9552720726500374,-0.09330462298381816,0.018084321829847108,-1.2995851337886435,-0.14769321135944305,-0.004327392750680605,-1.514496489140612,-0.18929070445588955,-0.03869426742872781,-1.7015702924390048,-0.22169702126985796,0.1732370879153856,-0.8506149395358854,-0.14093342741010662,0.23819985871368524,-1.110744598637409,-0.19244392311106587,0.2561762415993534,-1.281440080935534,-0.21398410447972532,0.2546606706382628,-1.441251678716521,-0.22990376180304148
Hello,0.0,0.0,0.0,-0.26851297814987113,-0.1541085694033195,-0.08078014316268384,-0.48776060629259055,-0.3856904228640265,-0.12709076701489194,-0.6434450013481029,-0.5694442578267237,-0.17372750243150284,-0.7795403579283641,-0.7156894645020004,-0.2198985937377704,-0.25664832316629105,-0.9429932799677285,-0.03501075839322048,-0.36149008728249676,-1.2679874925430312,-0.0972557238529688,-0.4212996682543679,-1.4669445159954821,-0.16186621278283486,-0.46777815713427684,-1.6495401906550824,-0.2136126028968802,-0.09416631540824544,-0.9937786698951961,-0.0594698268348704,-0.09847661210904889,-1.387282005781916,-0.1050232275930975,-0.10861918580425442,-1.6380382642020324,-0.15770571896312047,-0.12352537590842849,-1.8438954975943378,-0.20165558311321147,0.057914563914678086,-0.9521403208955913,-0.1025406488308274,0.08601868799429072,-1.3053957065130732,-0.1599731967355896,0.06857885547626302,-1.5232057605999905,-0.20844491891096076,0.034080958883574056,-1.7113906805003376,-0.24632828178859792,0.2034765166477927,-0.8372235323290831,-0.15582837749379932,0.30352240564920546,-1.0991769573235393,-0.2114970351296118,0.335967629855484,-1.2788595253191928,-0.2391491128710261,0.34105674388262136,-1.4465830876803958,-0.26037146055696947
Hello,0.0,0.0,0.0,-0.254065080827874,-0.17684049863938858,-0.08660020197202288,-0.4634563891990754,-0.4197279017746269,-0.13777595717698682,-0.612920560217834,-0.6063680871119473,-0.18752705378534842,-0.737308653161517,-0.7648389703763332,-0.23714517846025676,-0.22298053026936399,-0.9530872915925034,-0.051820208472619166,-0.3161456739071141,-1.2765279227002135,-0.1238181166912614,-0.3756672093845274,-1.4833869177682668,-0.1921688086555848,-0.4254116049270205,-1.6676190368581847,-0.24426490353795144,-0.06269415286417523,-0.9952499782835443,-0.07447767399192855,-0.04907326955412386,-1.3835276641782641,-0.13092330030610946,-0.058060073487730054,-1.636627551661893,-0.18634369352480734,-0.07709961555519723,-1.8369088884100573,-0.22972009765398155,0.0820529475015207,-0.9433793510312946,-0.1158093385680825,0.12455863282135649,-1.294642447836249,-0.18579996274393368,0.10079314531113054,-1.5108180532117497,-0.23916032538682416,0.059397528280849016,-1.6926374288002357,-0.27641316959929224,0.21422039326177958,-0.8200094603108523,-0.1665833446361114,0.3249444282428356,-1.0865029645305584,-0.23197537360310297,0.36126870260975374,-1.2762249805546415,-0.2652349822058969,0.37102137690821446,-1.4528660362850492,-0.288130500466725
Hello,0.0,0.0,0.0,-0.231361181458818,-0.18159144773026578,-0.07062390299722278,-0.4246518438157599,-0.4556905911961916,-0.11408482143501911,-0.5622169395747982,-0.6471815405736281,-0.158643201402889,-0.6880580947585292,-0.7943004548145062,-0.2045946215118831,-0.19388096437329555,-0.9707310209268054,-0.042036932971594755,-0.2731982067162815,-1.2888544758730522,-0.11728236070711304,-0.33566843596220164,-1.4896576256032272,-0.18886009605991166,-0.3948786809128461,-1.666204619726072,-0.24347113452181435,-0.05045149774906646,-0.9960901218835202,-0.0725197591070858,-0.0300845178094655,-1.374463992027203,-0.13456938466310533,-0.04612901783590488,-1.6230734431184,-0.19559731691756355,-0.0786081117385497,-1.8239393679511682,-0.2426469412353067,0.07704773633948547,-0.9346528611517806,-0.11957630008885752,0.13300135780340608,-1.285292618952496,-0.19154805273533426,0.10810208747390782,-1.5144763565563584,-0.24938681773185892,0.05437068063600837,-1.7108128716922735,-0.29168130304622114,0.1908149467430112,-0.8003996021628176,-0.17445056937949946,0.307704828406695,-1.0508537770623392,-0.24112087909141228,0.33279254407284947,-1.2383808928106452,-0.2779234731526719,0.32004883815981516,-1.4155782033882691,-0.3051795404863606
Hello,0.0,0.0,0.0,-0.21415891122616998,-0.23053605932120672,-0.03836643656430676,-0.3635346744256925,-0.5263468761259491,-0.07488875118015302,-0.47464203890419143,-0.7253123226272091,-0.12145545496387378,-0.5972868703807472,-0.868101172004348,-0.1727730182515429,-0.16064723393462946,-0.9864770052753434,-0.019485037558387538,-0.22731919724300523,-1.3082661052862967,-0.1020945089026213,-0.3015689104532528,-1.5005204660733324,-0.1804227685054995,-0.37703059936341354,-1.664451182059293,-0.23769307878648935,-0.04238650450105597,-0.9968206326823245,-0.06746858895065501,-0.01808411865882118,-1.3850030044625175,-0.13850704716301665,-0.05607249585939391,-1.637860865633513,-0.21052432628276158,-0.11388460727847972,-1.8405155593944948,-0.2649252472174522,0.057306476704696636,-0.929708566466159,-0.12866480759827204,0.1251205312402652,-1.2899636278770723,-0.2024948663634441,0.08670003101979123,-1.5233688196163697,-0.2683561758336322,0.01783214765337234,-1.7199777810426786,-0.31692875592491526,0.1401309421733088,-0.7923960965135881,-0.19509645235112705,0.26165181853150926,-1.0453468145618316,-0.2610973796325157,0.2738344473746116,-1.231158141323261,-0.30196988176781814,0.24663560404363766,-1.4020750073408146,-0.3331304069401012
Hello,0.0,0.0,0.0,-0.20120196967178586,-0.26944117624062774,0.0020668038933327904,-0.3079378156569817,-0.5856746621031611,-0.01960973330373525,-0.39710972881871104,-0.7836865780325692,-0.05909183223384678,-0.5072049682404168,-0.9365340423764495,-0.10581484618918942,-0.15296385452723799,-0.9961555617849358,0.0005142314537989464,-0.1862684796772892,-1.3272479886804092,-0.08537109716338342,-0.25264297480374764,-1.525250647702339,-0.16312622719562642,-0.34253421138924,-1.6848593572682053,-0.2206846596344741,-0.0713110187463663,-0.9948488567253307,-0.07204506143836494,-0.026898598324357256,-1.3969732374630646,-0.15326678760980353,-0.07630777397759814,-1.6470282277868087,-0.22831074686577835,-0.15705491393081494,-1.8502679513581013,-0.2826730160033128,-0.0038306317398604703,-0.9091564299464602,-0.1533466592931602,0.06787633579570136,-1.2974816004193441,-0.23156360872539475,0.026501415280831317,-1.5322114718495523,-0.2929378772803171,-0.04855828071785623,-1.7321888143747055,-0.33902764933735335,0.051204275151389186,-0.7516364489839468,-0.23659825556457018,0.16414373025209172,-1.0039961624188654,-0.30887469262000405,0.16916319576300312,-1.207719837113112,-0.3493643442163875,0.14322657526376742,-1.3971828138483682,-0.38050417983997437
Hello,0.0,0.0,0.0,-0.2069483107119379,-0.3050557217375583,0.02645542031197346,-0.27386231462810307,-0.6292536957967302,0.008109401414545664,-0.33824240387962656,-0.8377758854938684,-0.032442193540815,-0.4451294263438455,-1.003064188829462,-0.07870532473116121,-0.165904942615002,-1.0101285975238534,0.012469830049202829,-0.1899383695671403,-1.3707323090235544,-0.07075142309022761,-0.25008662561055667,-1.5932412298122,-0.1391710111579632,-0.32464914253441907,-1.7711974543047548,-0.18788295655077367,-0.10632376086357233,-0.9920404272680707,-0.06746145967594767,-0.057482930617252,-1.4046756833069245,-0.15435897831481635,-0.10501270340141745,-1.6750781076335828,-0.2199395252072035,-0.1742519406762086,-1.8899197061372535,-0.26435693450557585,-0.05527690740786035,-0.900608276240727,-0.15341268421041326,0.03276804863292347,-1.282894382122539,-0.22914709536251626,-0.0032781520142325217,-1.5266565153381095,-0.27391646373022316,-0.06907376647063009,-1.726663186016808,-0.30665366133571953,-0.015405560628876398,-0.7397660793665549,-0.23977570323893235,0.10539498925311985,-0.9866583050826504,-0.29657560608881633,0.11074165340907713,-1.192125893567798,-0.3206332754033922,0.08305236382061207,-1.3763401425363095,-0.34060939509351723
Hello,0.0,0.0,0.0,-0.18814477913934183,-0.3987311541366295,0.12244042777234375,-0.22494342251528648,-0.7288629085309639,0.1164635881980274,-0.2916853402776843,-0.9434400302339059,0.07545572582315534,-0.3941706965149933,-1.1507990129767858,0.021340326639939303,-0.08934031224832607,-1.0432681206768561,-0.00475014543894373,-0.10694552922408725,-1.4776191581857818,-0.10372856405431546,-0.19277920360492024,-1.735759426618156,-0.1734777136300754,-0.3056102219659083,-1.9263599326793173,-0.2219861117872702,-0.05316803229617679,-0.9885607746414847,-0.14114090541717728,-0.043214366742453755,-1.506413453226728,-0.23796262110640382,-0.12879649844800758,-1.8118364033330672,-0.29460079264951416,-0.24121806738822182,-2.0208766773713975,-0.3408322863484276,-0.04919958645545643,-0.8807143458799439,-0.2713828912168975,-0.0023306481576251567,-1.3843543092531578,-0.34625191595744703,-0.06064976470946368,-1.675732562465262,-0.3870931451614155,-0.1488772499461197,-1.884842924936242,-0.43089412161191293,-0.07234954643310366,-0.7278999544128246,-0.39148212159803214,0.0168863257396935,-1.0282499425481153,-0.4681338303864026,0.022345189634380737,-1.2616552274162676,-0.5112373507489598,-0.00024627911709601384,-1.4649467263157705,-0.5522246090638386
Hello,0.0,0.0,0.0,-0.16168721105618036,-0.44802603423380744,0.20602825892142526,-0.20481429145841334,-0.8132467052230876,0.2396085157414408,-0.26782219368653365,-1.074917602405144,0.23098785634578078,-0.33911996279988704,-1.3111535078973764,0.21060933758171324,0.0013989991289277456,-1.0671485212086116,-0.003597773047877965,-0.014035620363940373,-1.5611487731059905,-0.10846307263288624,-0.11179562033517004,-1.8675831087556753,-0.1711253656979297,-0.24884810347253764,-2.0771366816035965,-0.21329381507201817,0.010498782089427661,-0.9849641228711957,-0.1724397060749488,-0.016208266303659232,-1.5885069132952292,-0.2802168418094267,-0.13789398857201637,-1.9143303882419014,-0.3222941975621028,-0.2829432595381284,-2.1315733376527293,-0.3588868873538344,-0.04113782824337085,-0.8622131372059004,-0.3252211857041015,-0.05365715935697432,-1.4555706991817796,-0.41482674354374505,-0.15935281589666284,-1.7545739305309127,-0.4543920505521383,-0.2749713337051939,-1.9617483566268585,-0.4976390535223956,-0.14726403605167357,-0.7301336382186541,-0.45729344546315626,-0.11118079780349409,-1.0456841364966665,-0.5746587012861271,-0.14249258031464693,-1.2860521056925078,-0.6481730270112107,-0.19293054995533884,-1.4970463580740971,-0.7077722033667564
Hello,0.0,0.0,0.0,0.08437064628230483,-0.3688050485022473,0.13665537082738077,0.09576148030249342,-0.6968066472474465,0.16146645869092388,0.08809653291760051,-0.9464434571619249,0.16167251071519365,0.048975925921829706,-1.1085004333342996,0.14623110543815598,0.022898928836678437,-1.0441044120301446,-0.03425462633959114,-0.0654014574652612,-1.5833110457051442,-0.1089049633418349,-0.17361723700978318,-1.8791961150182597,-0.14288086565065325,-0.2852720652417254,-2.0759341743715685,-0.1568437043661239,-0.030266214200191197,-0.9892794273881951,-0.14286416914143632,-0.14411652534134334,-1.580685155539767,-0.21009495140438014,-0.29187775676669686,-1.8987980611322675,-0.2290775763543333,-0.42225312079378235,-2.1091416802123164,-0.2410979542746643,-0.13490854614460912,-0.8605374461198446,-0.23559098137760032,-0.2365592244398024,-1.4266361897486435,-0.2862058712210659,-0.3629558394477733,-1.723690710003333,-0.3129746882126003,-0.4694517939798767,-1.9284599312284445,-0.3376663354317058,-0.2773440327369258,-0.6803967504768551,-0.3115566218327147,-0.33451919433859034,-1.0222800731575192,-0.3867582443078258,-0.3990102269546202,-1.253349387649463,-0.42347406538970667,-0.474615478379051,-1.4531763669791848,-0.4447414530634895
Hello,0.0,0.0,0.0,0.10331390351376785,-0.3571296680661792,0.08290928157359383,0.1347923908934194,-0.7420790844490134,0.08978618345143674,0.14004645868955248,-1.0345817929706171,0.07890266604543748,0.06242193971899769,-1.231071930251901,0.05543437311680342,0.02967192941963917,-1.0478348716226562,-0.05887530499048484,-0.031068767855430963,-1.6052893910131498,-0.14350563806581243,-0.13995402738690835,-1.9129606095561695,-0.18895639813943066,-0.2449393969568241,-2.1072002519959914,-0.20935340551848766,-0.04591021326749067,-0.9880053040632335,-0.14743734757737287,-0.14324393000185381,-1.5824250862840852,-0.23119678132824292,-0.31513208368978124,-1.9004444631647948,-0.27007186521453624,-0.46503877009056555,-2.095110563489733,-0.29210219592469167,-0.168030628073411,-0.8582533817056702,-0.22459066502442224,-0.25872321496362893,-1.400348603385957,-0.2851868828414531,-0.39899512308046403,-1.69575134402802,-0.31625944645350307,-0.5141040903233124,-1.8944379097638024,-0.33900528654428286,-0.33002329980326467,-0.678633586554902,-0.29024383051580144,-0.3984541629566558,-1.020141179457524,-0.35691255531956545,-0.4651027609923961,-1.23813966610825,-0.38170514144285356,-0.5377232506906372,-1.4274049046932724,-0.3928009342232846
Hello,0.0,0.0,0.0,0.19922343507333942,-0.34012595455251543,-0.00535031870785902,0.3092665273357345,-0.7016255364221381,-0.03756623641687419,0.3467763822977959,-1.014684430361197,-0.0732984711848821,0.33429954275289964,-1.2803195838387398,-0.11949910523716964,0.033489246159345266,-1.0360198920965757,-0.13099436433585007,-0.028489554952918186,-1.5987796588833534,-0.2069085049526355,-0.09659588528914317,-1.8971398453364978,-0.24411066869428572,-0.16835559339759476,-2.107363157019301,-0.2618929936562985,-0.11397504872960025,-0.9774179936763012,-0.1779431198582269,-0.2355107893545241,-1.567269914195231,-0.24865797003776424,-0.3768298245524059,-1.8745213288673426,-0.28390401623991,-0.5019843835645267,-2.067514533239904,-0.30517738377588216,-0.2657472460915957,-0.8370319116160256,-0.21804778360323557,-0.36595263375979736,-1.3742004537883106,-0.27729013880075337,-0.47935008998481426,-1.6634952627735775,-0.3086805409168764,-0.576908829792524,-1.8666272140355802,-0.330366555023013,-0.42042393437804376,-0.6394559074012324,-0.25295465949295404,-0.5274798937083066,-0.9813036706192058,-0.31207538068098684,-0.6005282161037786,-1.189083859167703,-0.3248894559640398,-0.6674862733078429,-1.3589136357241083,-0.32512690147792317
Hello,0.0,0.0,0.0,0.23727252610124847,-0.36100083292203555,-0.05138703496654063,0.3777374134993203,-0.7389100986612472,-0.10347161591682255,0.43685428924969943,-1.0739435570228062,-0.14527545625929056,0.4228912210654485,-1.3601260264823216,-0.19299235486790367,0.007524652020084317,-1.0545190954001522,-0.17537738973942418,-0.03747557918758176,-1.6003878382863816,-0.24627710576657205,-0.09016435580363344,-1.914701458235916,-0.2858077451817666,-0.1510492756961549,-2.1444085800492156,-0.3090868518082551,-0.17938278735716107,-0.9650941758637018,-0.1908272708863638,-0.30107687066595684,-1.5185217643546252,-0.2523694224261717,-0.4298938313756739,-1.83330760949851,-0.2956226857097954,-0.5414403789070026,-2.0343594020128934,-0.3312762037347201,-0.3373167644510944,-0.8088294941977364,-0.20031875410566896,-0.45212673590667396,-1.3282450778042079,-0.2543166144221631,-0.5545851592388715,-1.6352088456963605,-0.2989846372690098,-0.6383744749187786,-1.8494797011574546,-0.33486866721776837,-0.46871828852164893,-0.6194648330850963,-0.20748267854673585,-0.6028738700146835,-0.9662001614624544,-0.2668357037408252,-0.6814846262599198,-1.185618625268702,-0.2916663442689753,-0.7439224065293678,-1.3682940190059445,-0.3039318557328062
Hello,0.0,0.0,0.0,0.2658917407156428,-0.32377431678422647,-0.10398585372378265,0.43738690079785836,-0.6712076562119356,-0.17261260161271721,0.5288590980178262,-0.9956468053482123,-0.22398077166695302,0.5593169618967142,-1.274018469701091,-0.2762740042329356,0.00772529425067731,-1.0372542414918284,-0.17160400588920952,-0.01870979143026513,-1.5208404674073066,-0.23562810986020957,-0.0577067889562878,-1.813141612405455,-0.27798562823865547,-0.10230535268256338,-2.034239500899756,-0.3084139310426048,-0.19825737459244608,-0.9668052215666757,-0.1611883276516064,-0.32337110509539785,-1.4421379678925001,-0.21386283285080102,-0.42872279350057596,-1.7267738334587783,-0.2577073831656146,-0.5142487169797731,-1.9176908601097387,-0.2949839673303026,-0.35147891501678064,-0.8228270619081111,-0.15307707425583653,-0.4824015855790218,-1.2501409491703719,-0.20363126757993358,-0.5553938879515239,-1.5187796381830005,-0.24870354667376818,-0.6058725305840962,-1.719584552566922,-0.2850712737011242,-0.4596160051497593,-0.6448942481727854,-0.15022990670478983,-0.6168323077010174,-0.9291729088335312,-0.21188788867755126,-0.6999785131475093,-1.1199015136734995,-0.2456670818095099,-0.7532439308446969,-1.2873830969144286,-0.2638839139900985
Hello,0.0,0.0,0.0,0.2704131793050263,-0.31476321048613826,-0.0849824719205149,0.4487399890063507,-0.6660171985803999,-0.14542924600349927,0.5574033735699216,-1.0039953886124682,-0.1902513057058336,0.6297173170286336,-1.267406117729323,-0.2360446769270654,0.04516815713692823,-1.034467433828332,-0.14983036048275958,0.029353677523057113,-1.5204928577213639,-0.1969163936584186,0.001521924053704327,-1.8024228642835785,-0.22938924194298954,-0.028905281566503977,-2.0176145082199404,-0.2545781470222196,-0.16105753431730313,-0.9769537035741649,-0.14007830564492635,-0.2723876948330059,-1.451645198560708,-0.17705827078620592,-0.3629883267233568,-1.7340402520404354,-0.21479293745523667,-0.4310084200133217,-1.928378992908429,-0.2493083800983253,-0.3157027442360388,-0.8510885652399133,-0.12959026522168055,-0.4366778755552137,-1.2832072241304548,-0.1635753845914467,-0.4952488762753586,-1.5537284380168261,-0.20440231170910167,-0.5312776224943319,-1.7598717924357605,-0.2407674040617131,-0.4225953581010113,-0.6939727198225556,-0.12261851933996383,-0.5733875094316816,-0.9829881691578827,-0.1663732213061719,-0.6454612595008014,-1.1721989384899971,-0.19296639566673437,-0.6838484111193296,-1.3403061225698458,-0.20900899016800545
Hello,0.0,0.0,0.0,0.2943850349628511,-0.28053629614074416,-0.12310413640670786,0.5325571706091061,-0.5860111611092947,-0.20685420103046837,0.6879913862321485,-0.9001717245411521,-0.2685753347636478,0.78759021516698,-1.1642657330917396,-0.327225774697155,0.11795181156816423,-1.0039887548054776,-0.1956186565696862,0.15322518514489927,-1.5029893354574109,-0.26725404056429897,0.1556663277292905,-1.8004112585985372,-0.3143372741414716,0.15679595760400394,-2.0365759417632483,-0.34687691962858747,-0.1039217186402643,-0.9799588070587361,-0.16994414630363952,-0.17515449189363638,-1.4828325932558193,-0.23210650453035903,-0.22281228885226362,-1.7888919683233615,-0.2766882047380937,-0.2522424119911819,-2.011590051674601,-0.3125557542439852,-0.2629251205348971,-0.8948246864307019,-0.1462778320445339,-0.3399411334651311,-1.3394573682096675,-0.19786022041465748,-0.354892272609624,-1.6170449417614687,-0.23654782957018716,-0.3528405390599748,-1.8398518111397253,-0.26717555732791803,-0.3686680468060766,-0.7768768403313232,-0.13031560575783596,-0.49125469829080437,-1.0852320896434122,-0.18433798837868162,-0.5369186575440517,-1.28106055305057,-0.21058757423256763,-0.550239989017679,-1.4534138377940864,-0.22314708958412896
Hello,0.0,0.0,0.0,0.2953469406250283,-0.24241027692015096,-0.1269090077822101,0.5325829533125572,-0.5294389629826821,-0.20675592187386913,0.7009379086018178,-0.8118171687111828,-0.26492598462743805,0.8061672520733533,-1.0577690999038742,-0.31994227631985594,0.1309845827976607,-1.0068987443748656,-0.16984868631225855,0.17046064377789813,-1.4802347892897594,-0.2242088164125496,0.18140348036198645,-1.7496512095886916,-0.26354564675266695,0.18843042100839819,-1.9578501615255295,-0.2922162196416347,-0.07729042719423057,-0.9873764047481473,-0.13825348173104457,-0.14647108383474,-1.4517850871909532,-0.18184554147188794,-0.18117646444131924,-1.7294633941537134,-0.22159806897796056,-0.2013021207551622,-1.9189537375672223,-0.25656429589644586,-0.22923460234083823,-0.899564484577688,-0.11124145865278748,-0.31675670400033235,-1.3063179439441526,-0.15194570118086637,-0.32656420359341953,-1.5552998427310551,-0.1911408717847737,-0.3200008181319529,-1.7512409645025249,-0.22378666846823636,-0.33350131594469196,-0.7848280129183018,-0.09262748031322576,-0.4610667609984263,-1.0718803786460274,-0.1415607041008155,-0.5061222143962406,-1.251988684276951,-0.16927488877298147,-0.5180052881211422,-1.4110264634752459,-0.18434993954058054
Hello,0.0,0.0,0.0,0.31942052649398495,-0.20129115853562266,-0.18985377101826859,0.546385514914907,-0.4809087354510424,-0.28279127877003934,0.7000066354836333,-0.776689693685203,-0.3353375171476391,0.8318398538426518,-1.026121677199189,-0.37664497818566944,0.1363881384443289,-0.993485210428502,-0.19977035372689406,0.1752083250555186,-1.4777773421979528,-0.2381454144325288,0.19074259115915893,-1.7608575451210888,-0.2640073328455705,0.21239590783702925,-1.976811049653018,-0.27862201313268453,-0.0676492995206815,-0.9915095840201141,-0.11105096609494765,-0.12847487646222894,-1.4677471783515301,-0.12847099554566543,-0.13769516596794465,-1.75099371115222,-0.13686747336880511,-0.12461964373249519,-1.932669618709934,-0.14247384292159676,-0.19831637228707205,-0.9228973289543841,-0.031195674601941743,-0.25835673578458457,-1.3331314762680098,-0.04875737303354122,-0.24520382030957938,-1.5797954053055465,-0.06711862397442804,-0.22308509479451627,-1.7632942515922538,-0.07812496334458388,-0.2607742907083339,-0.830928712415611,0.035041489341339646,-0.32207052348636606,-1.1285647472494276,0.017581592944048794,-0.3408915099464613,-1.3079541436907078,0.010527153042339268,-0.3478469322078223,-1.4479393624996084,0.012682002394314336
Quiet,0.0,0.0,0.0,-0.26561197610795095,0.1975172735067088,-0.1063131509144839,-0.5877474754090901,0.28920409233975636,-0.18725071876697275,-0.7590257582975358,0.15464895739994808,-0.2851327916408709,-0.7385367732525056,-0.08367762716593448,-0.37849624860008546,-1.0036505715293405,-0.2736588642058595,-0.0926934264059657,-1.4115071045209133,-0.44453678500171884,-0.2387838722749568,-1.6488880286245993,-0.5313269674621274,-0.3370024101663968,-1.8588512987092016,-0.6244982457423621,-0.4125603358161028,-0.8581248003203579,-0.49281096426608834,-0.1440804656234634,-1.1665823446888999,-0.6078825689615663,-0.3890216770227961,-0.9612186890998067,-0.356413903724998,-0.45620565335417357,-0.7780263842646069,-0.1846982122516325,-0.4431849486912646,-0.672888439022197,-0.6790700037341918,-0.2141438927578066,-0.8926076103905128,-0.7444911844720347,-0.4453907179677999,-0.6836488201989173,-0.4437025889857536,-0.416642030599713,-0.5175518467294626,-0.2481422801880992,-0.3312760664152957,-0.4569954553796212,-0.8325539464410213,-0.2959209983079952,-0.6375444604899042,-0.9176403152233209,-0.43306223838806507,-0.5428789736855526,-0.6577802945039889,-0.3925467807560189,-0.44725190292668554,-0.4610812935209266,-0.3265011919513953
Quiet,0.0,0.0,0.0,-0.2865304661216345,0.1456306626100609,-0.10884111838466362,-0.5959314223508866,0.15633532168846595,-0.19011931003255425,-0.7575600283758016,0.010058783287218358,-0.2892750015119508,-0.767988828266942,-0.22448954596119527,-0.38457199058273256,-0.9220794875275296,-0.4359967051025651,-0.08085706769691171,-1.280965047280465,-0.6523364385450323,-0.21927067453787644,-1.505766666819947,-0.778357480778211,-0.3143181976270245,-1.7017879225447414,-0.8982428604489902,-0.38601135517198976,-0.7720438953381809,-0.6217311843305756,-0.1319035939690343,-1.0686797510937405,-0.7987612984955968,-0.371252809926401,-0.9219847002953759,-0.5361049334745159,-0.4474739866166609,-0.7625469074734282,-0.32942562501802325,-0.43819054556853343,-0.5812834884517895,-0.7624776277688641,-0.2010258446591736,-0.8031013570787927,-0.8641881067627348,-0.4255623906017607,-0.6415140039688683,-0.5497785428012428,-0.4084739216555174,-0.4865390837518438,-0.33535218883573814,-0.3293742519675541,-0.35470452958248905,-0.8722752526396071,-0.28173325617291295,-0.5302655991030023,-0.9684568963015109,-0.4129625379688412,-0.4818400303359064,-0.7152128089609656,-0.3785889008242483,-0.40548308904278185,-0.508685600946766,-0.31688209778445703
Quiet,0.0,0.0,0.0,-0.278784695082545,0.03176637725402425,-0.10273258991824287,-0.5721961754414411,-0.045704051703204226,-0.17920956806325802,-0.7467702503043486,-0.22271563781768447,-0.27109848516505797,-0.7071187503241301,-0.43727274167529495,-0.35543058774218367,-0.7565978811162748,-0.6643432049155392,-0.05189104629539012,-1.0462531778222892,-0.9503064479334772,-0.1772928085878372,-1.226286029644762,-1.1110214361835398,-0.2593377939854293,-1.37145451158304,-1.2804111473514617,-0.32010174084169013,-0.6059245288062275,-0.7903225126527464,-0.09080634000553352,-0.8260145598952093,-0.9973658177321648,-0.3114420841711426,-0.7341458086612486,-0.6808183073918145,-0.3683820492616179,-0.6258506250135879,-0.46241540970728634,-0.3458021463187097,-0.42171578561478124,-0.8650886038976944,-0.14928900293240768,-0.600206082748098,-0.9892359132206646,-0.3492587943658881,-0.5194481342111407,-0.6561886790782655,-0.3209518565302782,-0.4190054357183002,-0.4515138882793572,-0.2363147250720041,-0.20878111260784762,-0.9001940337388802,-0.22007119904788008,-0.3542702443701523,-1.0160685776019671,-0.32711388010724796,-0.35716897603824893,-0.794807602066317,-0.29190359491066065,-0.3115757203010253,-0.638729582454509,-0.23071632587042556
Quiet,0.0,0.0,0.0,-0.2737342749833602,-0.02701291120710569,-0.09848855688187101,-0.5491748272249837,-0.17486816340424471,-0.1714657774583588,-0.6957117942925276,-0.39241879136652996,-0.2593382756953564,-0.6110906555232498,-0.6064547324064589,-0.3406992953391455,-0.6267507727279938,-0.8047686662239806,-0.0492659843936958,-0.8449719221372478,-1.1617749886050477,-0.16584528615418698,-0.9864139253291903,-1.3576291411376007,-0.24452862585777088,-1.1001461301644662,-1.5493266712731126,-0.3045550393399017,-0.45999214437359526,-0.8834464205616207,-0.08904857725669489,-0.6360786807712974,-1.1536370063497734,-0.30587429583748704,-0.6007292119383436,-0.8266047411105941,-0.36896017157169664,-0.533723970438706,-0.5855631047400583,-0.3523915477623779,-0.2710885461116907,-0.9057970429493436,-0.1463997999290954,-0.42889310433216765,-1.084910500771452,-0.3455264391831556,-0.3992608299559844,-0.7433493457355769,-0.3273428120149411,-0.3331151103608427,-0.5229909092141097,-0.25041544544983485,-0.05721274202329364,-0.892941126365532,-0.21423731299193183,-0.18725116254367102,-1.0545485902677516,-0.3255339513585669,-0.22533600363710676,-0.8401658708553112,-0.2970170155854489,-0.20712535162373555,-0.6772263839047776,-0.2410418137275627
Quiet,0.0,0.0,0.0,-0.25993278219335103,-0.16384795651282216,-0.09077411839358186,-0.4558619249020933,-0.40562533284666846,-0.1634077885254531,-0.5305433846711622,-0.6476075853747322,-0.2521009375434579,-0.4209828734592746,-0.8030622098227841,-0.3347465638488376,-0.32135767112526276,-1.003995130572276,-0.04007589983129027,-0.42408449337250315,-1.403544974578457,-0.15581573463919282,-0.4984213287067689,-1.6349701703960007,-0.23346582277649883,-0.5443876891465568,-1.844387655080532,-0.2911662068601085,-0.1601398819706362,-0.9838446208214644,-0.08003112071625415,-0.27412645727021023,-1.2783375384255802,-0.2831878347833042,-0.33190760858579055,-0.9703268789799671,-0.3387869359763034,-0.3268350111284505,-0.730529972523555,-0.3235730328241862,0.007505798899087375,-0.9078201277251805,-0.1389983357845707,-0.10061688749031998,-1.1500009282252464,-0.328023453975503,-0.18118253921582933,-0.8425221031216361,-0.30527392358521116,-0.18892010925354868,-0.6124991358766122,-0.2318485500068795,0.18592844220130933,-0.7765582968058669,-0.20853653294822969,0.09792132850256723,-0.9820296075873651,-0.3197293958967338,-0.014226107215712118,-0.7963073599599013,-0.29219678421544765,-0.06193589287578971,-0.6164909257147799,-0.23907191903012256
Quiet,0.0,0.0,0.0,-0.2491128076627785,-0.1659370067399513,-0.10167089370619542,-0.4477452964146089,-0.42356418861997924,-0.18107618174019718,-0.5261937630736172,-0.6738695839865594,-0.27378113843992047,-0.4014710989515895,-0.8153861208944063,-0.36036517635637644,-0.2793647912127194,-1.0284023679808572,-0.058778019027553904,-0.35752111478960585,-1.4466922787618617,-0.1836586757843983,-0.40486623964851526,-1.6967543535126186,-0.2696606377428553,-0.42506369809840383,-1.9145298673948998,-0.33211874055041435,-0.11842377425384086,-0.988477994094109,-0.09427123041077834,-0.21823827169122484,-1.2843537516933392,-0.3091320018198431,-0.2910510423080373,-0.975690466502229,-0.3720190660736951,-0.3000496826099241,-0.731214341659088,-0.3589699424292829,0.04828832212675333,-0.8960666979315411,-0.14875229477671018,-0.04094542319544658,-1.153377325496298,-0.3483797227142152,-0.1394546453987074,-0.8449588123997388,-0.32922693309050466,-0.16825541412607586,-0.6150617357564125,-0.2558615779243898,0.2254291612139479,-0.7505614974797116,-0.21379792232178826,0.15283991832121596,-0.9622437036627065,-0.33391788142167,0.03446998073291517,-0.778095257230326,-0.30792249119360154,-0.02615934134800355,-0.6061763107952939,-0.25373346269829455
Quiet,0.0,0.0,0.0,-0.22459181195668615,-0.2636377095987512,-0.07327050225664018,-0.36926540863839974,-0.5810499131846385,-0.13540275897469278,-0.43203779773244816,-0.8477748484661088,-0.22134441302471491,-0.32525521713327477,-1.0141298552629312,-0.3023469366205459,-0.12024265833010911,-1.0606256645146024,0.007367328162918776,-0.09628503630777561,-1.4734944080089847,-0.10682021970297291,-0.09541938933294923,-1.7190460862034853,-0.18704046819301687,-0.0768793239050742,-1.9274979655904763,-0.2440216096091764,0.01177660389928645,-0.9991037972160859,-0.04065604492566494,-0.04049721251372972,-1.3577622666157196,-0.25366154121976714,-0.18130817772832372,-1.1375439386770827,-0.3313100523656708,-0.24640832676002525,-0.9123906259799687,-0.32644409826140836,0.1456631646074952,-0.8977854363910357,-0.1085835704857631,0.07978735269398458,-1.1590257126543975,-0.3057771945207174,-0.07832626812079231,-0.9189437818283054,-0.3110905623903323,-0.1473564081406721,-0.7015905474113391,-0.2512987356916014,0.28931968394070473,-0.7495896052112165,-0.18508681712208314,0.23016157021704817,-0.9810027256134309,-0.297529638200865,0.08354663100283859,-0.8493593397954391,-0.2854408216359846,-0.0038937402535627053,-0.6825550552770517,-0.2418657996321265
Quiet,0.0,0.0,0.0,-0.16755383185471284,-0.2970725361402033,-0.06572563663191389,-0.2574869304058975,-0.6603861797959452,-0.12309500130330965,-0.28658221905095416,-0.9404479087814153,-0.2062266431034784,-0.16341334748801223,-1.0769311187940993,-0.28613403790418057,0.07796971224132744,-1.072850543329971,0.005815466751616136,0.17617560432385654,-1.495692814924965,-0.10435024496936507,0.21681121257233146,-1.7529232483663308,-0.17958680513712383,0.26040496659004353,-1.9622117421960286,-0.23371194386066718,0.192631519638985,-0.9801096460848749,-0.04773027648104045,0.15565559168624565,-1.3669301890921959,-0.2548515633651019,-0.019001724330626163,-1.1973939984762432,-0.3272957651131463,-0.1142356749904473,-0.99584818741952,-0.3206398413292136,0.30244492126683664,-0.83859664300675,-0.11977985308253584,0.24366445205331302,-1.133091308010889,-0.3216092733949871,0.050116543358774565,-0.9243366293279934,-0.32026001377740315,-0.04585368643628635,-0.7191485102799053,-0.25431666244927664,0.4129348208648878,-0.6449100113523104,-0.19913984465645487,0.37966481419451775,-0.9075733775105426,-0.3226858133814578,0.20536235304192355,-0.8044174005826262,-0.3075643081958024,0.08807937148480721,-0.6512304644424672,-0.25900330460182214
Quiet,0.0,0.0,0.0,-0.14891748560484483,-0.34186091641596905,-0.08688290973546313,-0.21023230166897489,-0.7139123884562334,-0.15966783844891744,-0.22603526844845603,-0.9855568629311886,-0.2534758503998032,-0.0902021712069663,-1.1017793482217813,-0.34196027241333454,0.16216260202757984,-1.084357602020723,-0.024108626915230667,0.3131314785079449,-1.4893902674221482,-0.1471872822792325,0.3869956041495134,-1.7353766408884708,-0.2304049856411261,0.46454497632904307,-1.9321148126309495,-0.28767884212411426,0.2693769056372164,-0.9606051732423587,-0.06836507770299244,0.26227829595585705,-1.3311060922391929,-0.2937299085949361,0.060197641063161646,-1.1635689381083723,-0.3674611908344852,-0.04700414160067263,-0.9640210916808184,-0.35649830425490536,0.3674930811797255,-0.7963985906949375,-0.13265545501348333,0.34243279145077404,-1.078740296886622,-0.3440411130644407,0.1323563627805619,-0.9120939186143046,-0.34161505205050097,0.02166583576900989,-0.7311757063634672,-0.27232800286460995,0.4610986498793493,-0.5867634614818782,-0.20594923081198677,0.4672916629908477,-0.8393508009162971,-0.32870854416462736,0.297797663901789,-0.7725165475189286,-0.3088275181138275,0.18036218004541482,-0.6470727689392355,-0.2551880577970731
Quiet,0.0,0.0,0.0,-0.12809313814093742,-0.36058476783899823,-0.08679666644201413,-0.17526964896975403,-0.7466372812841177,-0.1640702212563586,-0.17280801348500296,-1.0323106413067142,-0.26419104280378275,-0.02926541368751268,-1.1397695127552812,-0.35887152118874993,0.25043514085657925,-1.073545192254053,-0.027145915575417526,0.4272125644335378,-1.4745678842866703,-0.15815910697190746,0.5188937823012548,-1.7206408564959326,-0.24662926224618026,0.6119533801106828,-1.912710507605617,-0.3075291883148765,0.34672490004278006,-0.9348385547022774,-0.07654227807219598,0.35400236971416904,-1.3356670240349722,-0.31018413158777386,0.13431401541247892,-1.2089066509486173,-0.38480770162429384,0.016539513687073397,-1.0231032305942382,-0.3745318046588795,0.42933306852744246,-0.7593137760486413,-0.14719594788545176,0.41806658351175047,-1.070647666658776,-0.36509926029861306,0.18190929443143794,-0.937358221733977,-0.3577893112591684,0.05305573390278246,-0.7670079226832557,-0.2850431075120236,0.5029322314533854,-0.5387277625928008,-0.22798030509506817,0.5073300816599748,-0.8065812552483502,-0.3568155183750685,0.32305273414832447,-0.7667561912431139,-0.33712135620818073,0.19547717466936085,-0.6561606101206305,-0.2833975079808163
Quiet,0.0,0.0,0.0,-0.11391723481322552,-0.3798828321754623,-0.0868990294643004,-0.1496772343428998,-0.7646459851040148,-0.17062911870493494,-0.13416569229402198,-1.04584058665703,-0.27728994746161384,0.02055556384829599,-1.1100397040132204,-0.3800107350477815,0.31500701261471203,-1.0738713865392795,-0.038251795248848926,0.5387088987306804,-1.4475389199345818,-0.1824356560978194,0.6575598641000395,-1.6897101829919714,-0.28295684439846214,0.7716677719101299,-1.8767362249805788,-0.3519952237216532,0.4100583026989193,-0.907631772272623,-0.0897594248474163,0.4304942285883981,-1.2631693480248454,-0.33653802614737205,0.19189367791347484,-1.151982155294183,-0.41700526879367694,0.05984408201603214,-0.98400538718354,-0.40957059082890956,0.4833918316206064,-0.7143016377062961,-0.16220237033919993,0.4695421355934238,-0.9957977375974911,-0.38429450168200385,0.22427657559671532,-0.8807316579208022,-0.37371455379713786,0.08935086180538582,-0.7221496741654925,-0.29882559788631957,0.5395703988537703,-0.47899647187915023,-0.24493492301933661,0.511554553716373,-0.7303827953046317,-0.3694119935884696,0.32473827872921845,-0.688464645484054,-0.34180132856941026,0.2169912114125811,-0.5818520023840583,-0.28221271231756
Quiet,0.0,0.0,0.0,-0.09443229677657491,-0.4029712629480105,-0.0993844790780584,-0.09814821031572402,-0.790375589962819,-0.2045486756959644,-0.07369049984689144,-1.0593830986167652,-0.33433369908521327,0.09044721913433508,-1.1404768651686974,-0.4625454290349291,0.4537117613962805,-1.037807617425749,-0.08047661511617582,0.7486256183782402,-1.3933168341376692,-0.24768330293768256,0.9260468366210035,-1.6355901615958146,-0.3649511158117843,1.0854468772949302,-1.819988748684846,-0.4462690812937882,0.5291498774487466,-0.836658441080607,-0.1414321751389856,0.5475001262450679,-1.209679346166228,-0.4229565373034132,0.2701337625925515,-1.1300314310955981,-0.520347828068365,0.10347660073332661,-0.9745704928289113,-0.5210997669686789,0.574543874023202,-0.6220075920860195,-0.22244937725126715,0.5439798164330096,-0.9277225642773054,-0.4755399112509888,0.27077992362264197,-0.8458565530962678,-0.46594536732262387,0.1101828550119889,-0.7004825813885744,-0.38774901580794746,0.5934544634109472,-0.37751435737184524,-0.3139380747772455,0.545812974439463,-0.6461337235872765,-0.46196164803959994,0.34754602737213747,-0.6266134747196529,-0.4316225556333962,0.23007985922278967,-0.5260879267977486,-0.36523570948237877
Quiet,0.0,0.0,0.0,-0.06294691971776879,-0.4227897005834744,-0.10205310041334077,-0.05189118944298109,-0.8174539622891963,-0.1974907394348553,-0.026499858528756963,-1.0803904688007253,-0.3081765911088644,0.1077387381921425,-1.0967919111336768,-0.41894695163782225,0.5493792616498578,-0.9803397891109827,-0.102058405081725,0.8243459546947631,-1.2735120343669044,-0.24488417982000849,0.9973654576427643,-1.4676649180557317,-0.3429588400500258,1.1497814543772782,-1.6261344734355623,-0.41222550998260554,0.6257335956966797,-0.7673271630398267,-0.14023727064427377,0.5625606221958116,-1.1484081288663899,-0.37330938261922014,0.2706778033278278,-1.101277308763313,-0.4382279317263271,0.09942380551194908,-0.9641617525821669,-0.42892432732153024,0.63303142572024,-0.5379979693298667,-0.195434426981426,0.5222843046908702,-0.8643424226334508,-0.41341922586774227,0.25066800187143257,-0.819582101172012,-0.39048901719100104,0.0911417635178293,-0.6914837495656572,-0.3112035097988366,0.5903025222257902,-0.2908467622566641,-0.260778516760525,0.528734223976837,-0.5591943440965627,-0.39392557125826966,0.3384175649696329,-0.592621315593982,-0.3636640147189822,0.20761688114731225,-0.5282731969025505,-0.2991485158835912
Quiet,0.0,0.0,0.0,-0.02239678111360666,-0.4071395629677314,-0.1036261848001691,0.01896777314794022,-0.8033287609421017,-0.20586840449616023,0.05679683574150996,-1.07806209527664,-0.32610972477389544,0.19252980725468033,-1.11338093551082,-0.4461027103654187,0.6410697099904729,-0.9226021450931804,-0.11756157563531182,0.9732677307185819,-1.1820287381596328,-0.2767083967254332,1.186245027268613,-1.3548689524154636,-0.38049729401585647,1.3616615070543923,-1.487619216507625,-0.4472888326163967,0.7044158753022456,-0.6919258607115397,-0.15823045819552625,0.6807567095320102,-1.083522294410837,-0.4156977584129388,0.4005765592608331,-1.09205451926279,-0.49145618484699527,0.20268881795764493,-0.9956153431281161,-0.4792720926961246,0.706001493273812,-0.45767015286124174,-0.2148866794442137,0.5634099239511541,-0.7849486847304118,-0.4477640452318659,0.29423541709803486,-0.7564558571290563,-0.42820253816182036,0.12074699057786471,-0.6533717779372097,-0.34257611283692024,0.6573454238556784,-0.21581482537144156,-0.2820003057870745,0.581334971445866,-0.4865804780385969,-0.4117728447899265,0.3966436448131936,-0.5186189801756369,-0.3743201118929111,0.2691902175632962,-0.46406644847681755,-0.2999944876800421
Okay,0.0,0.0,0.0,-0.2668363374950654,0.009262256913680388,-0.07631018766991657,-0.5624151378946594,-0.13239612078805155,-0.11013812117310791,-0.729587881493271,-0.37282425732071023,-0.15408266882295893,-0.6856440367649878,-0.6439785014220348,-0.17314112187316832,-0.6710665681247512,-0.6353786777937843,0.1053841159447383,-0.848437297828007,-0.8242191193020236,0.007664292388177519,-0.7663090665288027,-0.7428756296410344,-0.08713018028332646,-0.6672103404041778,-0.6653023301007283,-0.12509485993173344,-0.5770066649662505,-0.8097709882302495,0.10646245913527513,-0.7681442541578354,-1.111425139739744,0.1204688391478085,-0.85054128266454,-1.28605335065434,0.12208936331657559,-0.9152674252957367,-1.4391715992591072,0.1265710945807141,-0.4261467627742902,-0.9025751923001551,0.07002800020048075,-0.5864573048600829,-1.1658080726704034,0.09070931902692973,-0.682996552972285,-1.3406974892395682,0.12464276984395713,-0.76195573267553,-1.4832287549441088,0.15035099272269756,-0.22999790514203614,-0.9430997453543668,0.012658787362936757,-0.32548333323989564,-1.1653565158552928,0.059828955320225204,-0.3895203315660886,-1.2886694841451218,0.11976923888448483,-0.4393287915182668,-1.3899930976159296,0.16677180288215243
Okay,0.0,0.0,0.0,-0.2818669792314851,-0.06317693686889805,-0.09322334093443312,-0.5475527625974288,-0.21422976458761844,-0.1571395603175704,-0.7403230066041988,-0.410403484498053,-0.23332280401571195,-0.6805882553386571,-0.6742295780955901,-0.2874847458487989,-0.531562137561139,-0.7518641817535457,0.08423247118396177,-0.6712659851429679,-0.8846684990854261,-0.051287560827984836,-0.6561267028026952,-0.7297612139267726,-0.17571468379555924,-0.6016591776672342,-0.5870006535553008,-0.23221578781368887,-0.4204138669777726,-0.9038652617661129,0.07924499369216892,-0.5630804954206219,-1.204795279261168,0.05727972191800335,-0.6535905407298859,-1.3784123428365544,0.03812525990456051,-0.7324002409358258,-1.5364783936294928,0.028964382340644395,-0.24954681626370234,-0.9719309900785951,0.032545520200804916,-0.36493637058671846,-1.2587755494354746,0.009193147329649485,-0.4592632464250264,-1.4427613985842298,0.021174712987289863,-0.55167223259679,-1.581249003643577,0.03727601934149198,-0.04356384189362473,-0.9550901051350905,-0.03389773579872957,-0.07205363947233144,-1.211126886784171,-0.028663308441185937,-0.11591957944187199,-1.3663018914742588,0.008327934045626702,-0.17190138471772115,-1.486437579816121,0.04233638205455754
Okay,0.0,0.0,0.0,-0.26993724168082767,-0.12689731502504126,-0.060272693391451325,-0.5118012434587147,-0.30277332178228866,-0.11595746856659915,-0.6955590551407042,-0.4668746996509906,-0.18705710466175307,-0.7286976717517684,-0.6871130950678771,-0.2525619651158365,-0.3534516395861962,-0.8389419247038261,0.033725766165398886,-0.5438964543561855,-0.9656572830707247,-0.110368502943557,-0.648658224051377,-0.8952653743023071,-0.24962591606036172,-0.6956355204123621,-0.7810837992016014,-0.32846568694327183,-0.23112868681582271,-0.9729214838782295,-0.0018210818151473752,-0.3225553223125797,-1.3304658056549874,-0.09405310920858473,-0.4282372326346116,-1.5052140135894538,-0.18463313636994413,-0.5411406357361653,-1.5962647161452836,-0.24057606575054039,-0.07394882258398464,-0.9928947754560127,-0.06397130131931925,-0.10724395005208781,-1.3289198773366855,-0.15122303927411612,-0.19221553564276392,-1.519437321327915,-0.21273696877496534,-0.31136863208470855,-1.6393558376965227,-0.24465271644706504,0.08855905994123682,-0.9004770323996892,-0.13509511651976175,0.18040305772343118,-1.16997594138613,-0.20093796498272454,0.16292473333726978,-1.357914920154981,-0.2281558775273392,0.08958609850638166,-1.5051293647435715,-0.23903534806738908
Okay,0.0,0.0,0.0,-0.24429776085444732,-0.16902514131404456,-0.04944673189282009,-0.4610718500441367,-0.3713938896263498,-0.10369182846865971,-0.6283402128793587,-0.5235216852318627,-0.1759228281153199,-0.6736549063766128,-0.7277406318730384,-0.24594968042657267,-0.23497445981966822,-0.8944310048827693,0.004313812242755166,-0.45138894324891354,-1.0199017495883191,-0.15263771817304309,-0.589768976661795,-0.9263310932110692,-0.3022089036614987,-0.6704880947844701,-0.7908194131680998,-0.38403541098068306,-0.12026580316411555,-0.9920849579784758,-0.03610502377974536,-0.16762044647786997,-1.3526291632798486,-0.14645955714506287,-0.2802078659149327,-1.516823163777131,-0.24287474179735036,-0.41720261640853257,-1.5736557968384062,-0.2946415924964184,0.024557773412458395,-0.9782077425650637,-0.09903070116309266,0.041772503962191725,-1.3225864314247733,-0.1941519374816365,-0.04244003125435208,-1.5023954991953197,-0.2551792279689823,-0.17840546485469705,-1.5917429717280023,-0.2794025401195972,0.1572032839261665,-0.8698234884332724,-0.1699290348011436,0.30246047419633937,-1.1176224311483456,-0.2439356030555565,0.2980709544888945,-1.312967705279778,-0.27613690973802063,0.2261701849128175,-1.4613752070127344,-0.2836540532303804
Okay,0.0,0.0,0.0,-0.188754595948727,-0.28201841461860067,0.0048773681762470395,-0.31436447720743194,-0.5384465401863736,-0.03783668313123718,-0.44844326853816757,-0.7105757464429076,-0.11019043548271544,-0.5461712285579873,-0.881373913377098,-0.1827565540524407,-0.029621688070179782,-0.970164079876573,0.017733833345012714,-0.23850474665430924,-1.1184679675877731,-0.15295096535241545,-0.4059898192838314,-1.0603367630140912,-0.306819797577667,-0.5062355312479695,-0.9363685682507633,-0.3853341170043701,0.06148127219285981,-0.99647909344589,-0.05700411822670952,0.13168848438048228,-1.3867569184567463,-0.20696899271150979,-0.00940739028019251,-1.580068505140088,-0.2948356882663498,-0.18802606710205674,-1.6235838374979585,-0.32367100981298186,0.15201215660567463,-0.9330914961785592,-0.14926660725498514,0.29776143794330245,-1.3081990870264724,-0.2638261040003083,0.18565216631708412,-1.5038917076101261,-0.2980643740395012,0.02275558901492592,-1.574508955044512,-0.28905590323466807,0.20896413832848798,-0.7993207365452326,-0.24655008502521464,0.41407354112753125,-1.0330749472687164,-0.3185333537684212,0.3902030461850476,-1.2321758892468204,-0.3305782431666933,0.30094042967958895,-1.3565954913258806,-0.3142915575678689
Okay,0.0,0.0,0.0,-0.17431823300946764,-0.38663348702179495,0.06146382066801564,-0.27209897071842126,-0.6779660792415217,0.02643730228601527,-0.41019777605523683,-0.8815927612868585,-0.04927421908454782,-0.5297464519778172,-1.054264446441459,-0.13181398258352742,0.032576363458184904,-0.9997765086505976,0.0626112755668454,-0.1840842043452874,-1.2384316462544622,-0.0964942399132685,-0.37573898288657187,-1.2296640615743986,-0.2523760447297523,-0.5102939074471192,-1.1267612444430166,-0.3361196600574669,0.10807937035924589,-0.9932193527972343,-0.04282717515540892,0.1854463064330918,-1.4552977755878804,-0.18675200376800324,0.03020855158511996,-1.6805544126698677,-0.2909889152287344,-0.16571728164461652,-1.7629146952580133,-0.3395608885447184,0.15814799220818165,-0.9251969869228189,-0.1578317287743469,0.2991524097707833,-1.343083149625903,-0.24883230848893476,0.1869109323339567,-1.5877981126566179,-0.28727287667113643,0.033845192001776304,-1.7242429185331059,-0.297051213817742,0.16414987497877864,-0.8108973246674085,-0.2729675607312961,0.33630739935660187,-1.0441297491112986,-0.31541848982729254,0.3217860189773949,-1.2548204246572718,-0.314525132265743,0.2513061650124757,-1.4227432530422524,-0.303390602925319
Okay,0.0,0.0,0.0,-0.14371832848381053,-0.48500607524489786,0.22116280139909236,-0.19643421743841585,-0.7503343359841317,0.21308485837144192,-0.33005604498311797,-0.9570596528750204,0.13682788340693172,-0.4619447375514613,-1.1420315808650734,0.0429996885372462,0.17566307545906723,-1.0258701499184493,0.11803721349228323,-0.07623763079260706,-1.35007384383782,0.023963804332190523,-0.2730227425120567,-1.3096726732223527,-0.08179536043154577,-0.4172534023527173,-1.2040335720621138,-0.15269420061123443,0.2298863959623774,-0.9708445282787975,-0.06792015063696684,0.1788571131454004,-1.5374853225436316,-0.16203944396394818,0.008616575388990069,-1.7785352979510303,-0.2464858158767833,-0.16816884763857057,-1.873709651976131,-0.314555611082107,0.19079728718602842,-0.8644173931123247,-0.23924497421499472,0.23388222065423758,-1.4478594682707897,-0.2708994140124126,0.1423366019193002,-1.689473445181916,-0.2621519441313171,0.0547269116363103,-1.8339792935411456,-0.27933328016312814,0.08992430721077614,-0.780488365331783,-0.3944496759625194,0.15038891873915536,-1.0907336646974148,-0.4151004149317001,0.16489563380677336,-1.2907516309797076,-0.3950889654974248,0.15439785376679044,-1.4860404934956721,-0.39389865626186304
Hello,0.0,0.0,0.0,-0.2954005944840582,-0.0720274914294001,-0.09465237058575868,-0.5718940328247831,-0.2565148267875785,-0.1369199873209562,-0.7706436999393194,-0.4010951559671884,-0.17636016317802847,-0.9280068929277128,-0.5398240059292131,-0.21163533678896376,-0.44589372547568606,-0.8647142497919229,-0.016043911546093387,-0.6038778700895953,-1.175646722736373,-0.06973762968824966,-0.6854221936053919,-1.372208694223144,-0.12861501584643908,-0.7432501244380897,-1.5535717158232347,-0.1756996928825275,-0.29239409736409333,-0.9558386594088458,-0.02963357903017223,-0.39064086075408966,-1.3404324846402693,-0.058411622629265726,-0.4369099653912877,-1.5803357690213802,-0.09827577541999241,-0.4681883513925861,-1.7823360164959265,-0.13345738831567663,-0.12919753222340002,-0.960182302943243,-0.06529592885072226,-0.20466705604975982,-1.3060725175549566,-0.10394919428432867,-0.25708821718827846,-1.5138768037360408,-0.13483824820355178,-0.3096414391896109,-1.6995071777687936,-0.16314814683276327,0.04277371675453112,-0.8980290770689704,-0.11452366005403729,0.0350864225445575,-1.1669457950117303,-0.15034000857868585,0.017957138784699837,-1.336567712625783,-0.16114535452000261,-0.0065113006765801455,-1.497689328798554,-0.1722751639820102
Hello,0.0,0.0,0.0,-0.2732584833361296,-0.1374636003172482,-0.08153474637024932,-0.5034951367531965,-0.37892027733616496,-0.12135456701707921,-0.6582283581477367,-0.574276269647825,-0.16055223850183,-0.7791386385586788,-0.7478787967994547,-0.197676562089625,-0.2835022219051951,-0.9341918670918415,-0.020740172633017123,-0.37776614555723564,-1.2649319398396761,-0.0799650367649769,-0.43013616207497407,-1.4723553018950153,-0.1433198687125668,-0.46717836317267014,-1.6549635436545538,-0.1938129731596217,-0.11856036327306532,-0.9920316070890394,-0.04262312514230666,-0.12956275861976432,-1.381361184274398,-0.08308863112524799,-0.1389191355291177,-1.630098228454742,-0.1308730828267419,-0.15027745837698286,-1.8275886157290164,-0.17199904595612414,0.03420320540792101,-0.9634143105677632,-0.08486719365280233,0.06466788500477659,-1.3199441505820477,-0.13728439952304372,0.052428050719111996,-1.5518288115119105,-0.18194443783319877,0.018932254144869674,-1.7479037960966362,-0.21878537667154457,0.1797962740949998,-0.8628794170431054,-0.1380367673121212,0.26380920490280324,-1.125525597829672,-0.19127523464723903,0.2801888902227417,-1.3044422325578846,-0.21738038737700044,0.263413027874878,-1.464303056454432,-0.23824843607610455
Hello,0.0,0.0,0.0,-0.22872059175332665,-0.19259514876284037,-0.06633209067137302,-0.408914469041821,-0.49425830918367536,-0.10840511529907232,-0.5214470508424739,-0.7097805723168568,-0.15279627443208138,-0.6380975244332183,-0.8694574503954212,-0.20021103675536348,-0.18037573702942533,-0.9810061425820529,-0.052789038091622054,-0.24133308573927487,-1.318771066339607,-0.13475741018800855,-0.28903906340454094,-1.5317622112816278,-0.20946409826137913,-0.33061556269220405,-1.725076274332836,-0.26669409187089044,-0.032783770250879044,-0.9955378725058212,-0.08848485076396409,-0.0030011593184369545,-1.3879870494955246,-0.15894015299913147,-0.0037146272864384175,-1.6532975606479785,-0.22626401342079228,-0.017517971060331976,-1.87609220064783,-0.27827859288767626,0.09281074536422086,-0.9218003778613526,-0.1390026837155831,0.15656181962550791,-1.2743982367385922,-0.2156179814821458,0.14104951523924578,-1.5135858274483027,-0.27702324564278286,0.0982116007954115,-1.7218013782168518,-0.32238375360242183,0.2047428111453412,-0.7750774543760575,-0.19691585013605767,0.3100618600189352,-1.0272285899388127,-0.26859394009218873,0.3229504587678073,-1.2107842676726164,-0.30676086523306756,0.2955862508745949,-1.3822762273965232,-0.33505367074875514
Pinky,0.0,0.0,0.0,-0.2482166279365561,-0.37091161788612603,0.054110148558338574,-0.2841703159995258,-0.8441425640207888,0.03601933149231793,-0.12503857710920085,-1.2210223743218735,0.000773743867400653,0.11016068676353116,-1.3213281245770025,-0.018182231105833623,-0.3372674444294053,-0.9959830512660431,-0.031361819765582416,-0.18772767887339817,-1.5097867146761736,-0.08692087264750575,-0.13848487065551807,-1.3633654120905794,-0.08460611148628788,-0.1406303424039526,-1.183028179957178,-0.05798117168514467,-0.07735458820854273,-0.9934265106477753,-0.08438030353863571,0.026256474503286848,-1.5456085089841167,-0.13931248111682148,0.061895541004786586,-1.4029483766460342,-0.12894312461648294,0.06428941265852145,-1.2093212000217537,-0.09566180496224688,0.16724622738968728,-0.9804393722361449,-0.1294063413231832,0.21863505691331453,-1.4960835030862107,-0.16096116657201978,0.23890575316763898,-1.3706822181506864,-0.12963004549674806,0.22450625246259745,-1.201749399368595,-0.08590542812312821,0.3775486215505328,-0.9627238427068067,-0.16728044024140712,0.4158156711209398,-1.4747288050327605,-0.15405651132270526,0.4003544256879332,-1.7690271875250563,-0.1311741899163567,0.36007077555889905,-2.0093200233497264,-0.10875836538691808
Pinky,0.0,0.0,0.0,-0.2021125219641548,-0.3510238892717414,0.04161444069428462,-0.27576291496036676,-0.8206266629889127,0.012269601315825615,-0.15105537948585482,-1.1996005355556962,-0.03186321424064927,0.026330432321449278,-1.321392140599988,-0.06088202755781244,-0.38861704681955067,-0.9983477817334112,-0.06783365711410974,-0.17666322667671758,-1.5134589089359558,-0.13009304145565193,-0.0820027278754998,-1.3523110808353809,-0.13585190842294897,-0.09825284700245793,-1.1821935943047432,-0.12104607743082932,-0.1639666751689637,-0.9787216414614673,-0.12336481657671405,0.007919153139812483,-1.509902703181919,-0.18617474255900107,0.0869004251917973,-1.3475661315258776,-0.17855651816184867,0.0772564594985804,-1.1525372654001234,-0.15138897268140253,0.07224743289235681,-0.9504635240180043,-0.1705502241308544,0.18506463086388755,-1.4470111516590842,-0.20225122294896108,0.24016260446493082,-1.3208354941503575,-0.16327373712455032,0.21651726577586916,-1.1603213460365183,-0.11884832149952286,0.2971175611744803,-0.915461278689067,-0.21272867436578033,0.3298705327453378,-1.42455218220414,-0.2043545254090973,0.341015597158174,-1.723380573817413,-0.17941313703026235,0.32723213409948315,-1.969727493956389,-0.15670098907312396
Pinky,0.0,0.0,0.0,-0.16728741085594104,-0.32409633256987364,0.07148972491296078,-0.26804728937659006,-0.7178291370013227,0.046615567078509876,-0.20940047063407471,-1.032891844123428,-0.00359919963549672,-0.09051996566904688,-1.1665064831525718,-0.04495238249522475,-0.4041904398706541,-0.9721787709948025,-0.03731439576242281,-0.15148502103988093,-1.3770911461958433,-0.10587840311693095,-0.047628864169650544,-1.228353600500319,-0.12458567183991456,-0.06503202393424343,-1.0793310541998142,-0.12777924419502354,-0.2649321433911389,-0.956630846004618,-0.12111310362906963,0.009250851518637743,-1.411897465725029,-0.19840923828209023,0.10147262829146751,-1.2364726421251353,-0.20277779421260597,0.07328140120158136,-1.0705819328402932,-0.1912871867418251,-0.0785112119546507,-0.9293398037524149,-0.19708256108655092,0.15177101467832846,-1.3705728745195598,-0.25358982716018563,0.2150456176346464,-1.2215865739405942,-0.22189969319836164,0.17604199389952963,-1.0750476043406354,-0.18595771577067044,0.13146596286528656,-0.8774284827570524,-0.26536549730053893,0.24358341340445686,-1.3517836882936365,-0.2854100329900167,0.2981024402837194,-1.6164643459593002,-0.26461913955332733,0.31651874244284733,-1.8589482230576078,-0.2440988787686455
Pinky,0.0,0.0,0.0,-0.11662337511981882,-0.3367215227702466,0.08466264165163528,-0.1786492197899347,-0.7365343796217066,0.07157820005522411,-0.07581350927785145,-1.041509413760168,0.02778251729003031,0.07599000991508109,-1.1613945762467424,-0.007713594700208951,-0.3868011464887629,-0.9770023685309916,0.013189664433458245,-0.09763867009538836,-1.3476736267326672,-0.05023805341327749,0.026373179205993656,-1.2051222616781871,-0.07368150589608952,0.02888703933178541,-1.044033233895672,-0.08013624364387034,-0.27794101986945424,-0.9573070283949857,-0.07944836599634707,0.025307689794896074,-1.3702272580280088,-0.15363279118560855,0.14032379730088748,-1.1950524602307837,-0.1642113783035695,0.13623046493720997,-1.0196687338577302,-0.15573213829091176,-0.11825635345639228,-0.9237783929090733,-0.16651575973671748,0.1385008838953792,-1.3307610669846885,-0.2154465079163112,0.2351745911893257,-1.171617715518091,-0.17532919571479896,0.22611306700420647,-1.0123261220464708,-0.1337922346870656,0.07265155363635295,-0.8640688295674304,-0.24768328092154276,0.17335026299478698,-1.3043475844835795,-0.2560460409368949,0.22960949366953648,-1.551996045511131,-0.22245275224840144,0.25456835149636453,-1.7784227370072125,-0.19466791538676992
Pinky,0.0,0.0,0.0,0.17109510251681997,-0.38436364955075475,0.04885771720917034,0.17211733620462208,-0.7179165683793597,0.0531767182458469,0.21006187729534836,-0.9399951557489573,0.029626000223101672,0.2568849719170959,-1.0473200254620838,0.019759049275605668,-0.3078894730874681,-0.9780338499425074,0.07776889660319368,-0.00376759525518671,-1.2705738453115722,0.016910960604578498,0.11012361272720139,-1.1273976597401432,-0.03958088795454931,0.1152494925885281,-0.9761495269069742,-0.0720150556535554,-0.2919853747477429,-0.9563803175984232,0.009012715670607813,0.057055939658565785,-1.2552071342127413,-0.06032933944622288,0.15202720772640135,-1.0769009128028568,-0.11016754007168192,0.13375415006741107,-0.9210640771860795,-0.13255701788473478,-0.19659293967531122,-0.9176047913100058,-0.06090194215428668,0.10955049774639623,-1.2338848190339482,-0.11442114423884335,0.19409809261365443,-1.0609079154397063,-0.10318098709971518,0.1776549257276273,-0.9033166376301306,-0.0780445189546641,-0.05207213010417868,-0.8681500333990606,-0.13068644740202753,0.040654385081376004,-1.2676794780524419,-0.14979125210022173,0.0868890228104743,-1.501617153114329,-0.12750573281567049,0.12008913020421615,-1.69119316467115,-0.10305963756840401
Pinky,0.0,0.0,0.0,0.19619461260793455,-0.3367758544602611,0.01047637951928775,0.21782796410453173,-0.7166428610153224,0.0015728959334713512,0.2511671813752727,-0.9746651813454947,-0.030408554012851034,0.2224631671682355,-1.0348968594210644,-0.04734234537306803,-0.29079820877907103,-0.9864987954259817,0.051762949154931535,-0.0003447143814712132,-1.2680074358316937,-0.02139619914231039,0.10244734218060819,-1.1434083312855214,-0.08122631516203242,0.08800931101596333,-1.0610757841212697,-0.11713412332859995,-0.3127231148780482,-0.9498074213876645,-0.008373511681871637,0.029539941430963508,-1.2564993738867265,-0.1164952530183494,0.11978567199055418,-1.0270374539417828,-0.16926013273313395,0.08069963534526832,-0.8780256480534275,-0.17935694935075938,-0.25778907664826844,-0.910095418041297,-0.07350778696069862,0.051977489120556594,-1.2283605429124302,-0.16275494944606447,0.135986629782735,-1.0199630824095458,-0.14358845380294394,0.09953674125253745,-0.8626299166825195,-0.10046160429834705,-0.14768322350238616,-0.8530314858717276,-0.14205298870110752,-0.05021373831039904,-1.2593209630916677,-0.1782216249116947,0.0042849254495369695,-1.4629958571729622,-0.14783596908817376,0.03752565289700045,-1.6367376747128046,-0.10990232003778974
Pinky,0.0,0.0,0.0,0.23303171003767972,-0.31532797872932206,0.0037183341199813354,0.313543490671963,-0.7335495719533516,0.00014834934040001177,0.3546719675078759,-1.0362690169063382,-0.03227178157348309,0.2556583316267514,-1.068976630339853,-0.0458538211965958,-0.11123977935945432,-1.0125123988792752,0.11097960280986605,0.10022081391065056,-1.2826148618654825,0.019860830283939257,0.17795695414588303,-1.0567993202545582,-0.05420662047093671,0.15172949058392618,-0.8706422875807206,-0.08589137412860309,-0.17331178109397521,-0.9830331693361731,0.060073409416421114,0.08934027871583256,-1.2759784865204433,-0.06781805259776262,0.16443548422517526,-0.9884031872008046,-0.13649071637889404,0.12518957607500594,-0.7974435144746357,-0.14412127028754523,-0.18134508116944484,-0.9674656630157475,-0.003758555772790939,0.08187932256042961,-1.2743756752388682,-0.1035702263389023,0.14328255511575472,-1.011904050677903,-0.09519418723212375,0.09838956167182547,-0.8060679882954526,-0.04589004856477383,-0.15546441746650164,-0.9488787631734082,-0.07299828496377293,-0.05688779906881199,-1.330812593106731,-0.09801453553364362,0.022586478884627344,-1.5287239890210995,-0.07150432714331506,0.08174171999107156,-1.6848625556168773,-0.03263474714788185
Pinky,0.0,0.0,0.0,0.255265656135367,-0.26254486085399104,-0.027683342710071113,0.37795772479795303,-0.6756674343258219,-0.018922824165206537,0.3846379335641606,-1.0164514618083411,-0.035255539420257345,0.218636926018119,-1.0844464362961097,-0.040023779721894207,0.1466878550248566,-0.9625733074122181,0.12659509196294233,0.2295515852192539,-1.2620955327463872,0.03346825823435699,0.2575206121337929,-1.0363314908256873,-0.03986461492050663,0.209849808548543,-0.8425784222285531,-0.06262760443734967,0.05696906710370974,-0.9934245769245,0.09930828442638195,0.14456520566080677,-1.2820857463885031,-0.022956360155767137,0.16825787794914498,-0.9835594369098789,-0.09847614152890656,0.1203369254860393,-0.7704776878425091,-0.10656372356430668,-0.03789202449274575,-1.0082586606353034,0.05202883368204717,0.06664446834363066,-1.3009847493644626,-0.0625838124303526,0.09600505474705776,-1.0163285144857215,-0.07482369168051056,0.05203692251966088,-0.7835820005714053,-0.032271620662977944,-0.14744468300734878,-0.9954168340588512,-0.0008627029429895133,-0.1268801479619925,-1.3559945296365998,-0.03803757822178317,-0.04594018175681927,-1.5467564472810065,-0.0262367806465174,0.0269369500817532,-1.7028957181985203,0.0020064411155664374
Pinky,0.0,0.0,0.0,0.2995028933479589,-0.2631169428998543,-0.01812658752853188,0.43763446553036855,-0.6952071802340271,0.011318859388184914,0.34990157149262374,-1.0618942727945504,0.015644346679011926,0.1646714569966182,-1.1445790345267253,0.0303569186287401,0.29095514530276606,-0.9290216340469543,0.15491746761556394,0.30915174331743905,-1.2405250213260732,0.09206964263956634,0.26434620104234996,-1.0689827154928313,0.04421596075443672,0.22264969239308643,-0.8803530648481006,0.03641695225320647,0.13835256241027405,-0.9812717846232247,0.13403079189821626,0.15095806237509551,-1.3040579004417718,0.028359197253111455,0.11666042429542658,-1.048176123260338,-0.04222088701450577,0.08884078869444607,-0.8010909345548581,-0.04331585779021334,-0.010017016066311625,-1.024808670907818,0.09519433492875849,-0.0005533812673161304,-1.363091273606527,-0.0028785065830636003,-0.00557253124792033,-1.0989241742754892,-0.02818469078124372,-0.0020908030369873767,-0.8198588013655371,0.005708283531924747,-0.17375786872223042,-1.041117568584678,0.05306725195361116,-0.14064239250698765,-1.3828381995824575,0.0356027159096721,-0.09041466479473839,-1.573449969545554,0.0385014437096593,-0.027398486191320934,-1.706096636728182,0.05663191164397816
Pinky,0.0,0.0,0.0,0.22230549102654268,-0.24937940683142337,0.06499752480413905,0.26388506763797853,-0.6953749540729942,0.08923213501133558,0.17448502378259514,-1.1033358550406949,0.09828925002247516,0.04720061563999207,-1.3201114616863219,0.10074005512782527,0.3738919745940174,-0.9230334401912476,0.001803658544558491,0.3153830090044391,-1.4818636593770134,-0.022938984605198755,0.24226712704025097,-1.7651841297115107,-0.020179048606432468,0.17979367337004826,-1.97518423603441,-0.022128880394500887,0.24100303380499843,-0.9692202683311296,-0.05029521998082602,0.0487362019068658,-1.5614584195132288,-0.09607892746993917,-0.037477617467613036,-1.434429244384019,-0.06557353190921845,-0.02414390979301976,-1.257497087858145,-0.033623346731704126,0.05564473874236605,-0.97609973422495,-0.0953648493683087,-0.12370498685728167,-1.5185881423639858,-0.14613202147806414,-0.17586712533195528,-1.3656321218066907,-0.08899047568843291,-0.13160242843772516,-1.1905521291753067,-0.04190422679596616,-0.16269059783356374,-0.9586867328864878,-0.13216492758207016,-0.2710606629546742,-1.3933529892459064,-0.18214699179466037,-0.30119885310375116,-1.275230855010737,-0.14966221617411077,-0.2655320103933212,-1.1035225988864017,-0.11511328051232876
Pinky,0.0,0.0,0.0,-0.12082536138062612,-0.21456727303130027,-0.0019141977075522352,-0.23929407280173273,-0.5761761776121697,-0.028235114807506907,-0.3404564857016714,-0.9612088750600174,-0.05213671261125498,-0.3866347917973723,-1.1583723913167336,-0.06608005265198941,0.030555648625895517,-0.8885318687548613,-0.1108088692302448,-0.12618432222854703,-1.3973907467637763,-0.14716847383501336,-0.2039796271640045,-1.3244397634298841,-0.13932665831866894,-0.19353742282285272,-1.2393621888494972,-0.12797992733231084,0.15100932610637588,-0.9803474881926062,-0.1269448140860667,-0.02155294246657913,-1.5473670651075397,-0.17959812720209944,-0.1018456151458253,-1.434273226085932,-0.15049285379525096,-0.08920239570902777,-1.2842899464383533,-0.11951735930229908,0.21572906491449836,-1.01251716483171,-0.13453832238149435,0.062429469852843075,-1.5726097472142948,-0.17718019290720477,-0.0037399604748445613,-1.4474902558515166,-0.12884092252073376,0.014337551061876687,-1.2999076315482905,-0.08940902106241927,0.23325514174183948,-1.0079828698679252,-0.13784907496796825,0.22220705535075108,-1.4911649787535934,-0.16829102747775312,0.19251261945402273,-1.6731976039314664,-0.14481803932532908,0.18864288038661892,-1.803277024262745,-0.12114116887968544
Pinky,0.0,0.0,0.0,-0.26084301772560553,-0.3376363738688165,0.04332254297466157,-0.29603214129536676,-0.800614027274946,0.022745739869914766,-0.1460262549333263,-1.2033196651734617,-0.010491927719758973,0.06653418325848569,-1.3932068916826432,-0.027718286441041295,-0.32006918883142804,-0.9430689328503304,-0.07769207935829728,-0.25191424947381597,-1.5188066708933916,-0.14464391431357496,-0.20143468595377761,-1.39182120707881,-0.14106155831857048,-0.1939145040080503,-1.220472250429118,-0.11120650772637618,-0.09876609162318173,-0.9875319296330562,-0.12258036996474425,-0.03855514732151193,-1.5859302439368286,-0.17832252913093144,0.007834751303930356,-1.4635861917739923,-0.15986824863198706,0.012392453285459442,-1.2809169500362978,-0.12671497451425304,0.12257701775447617,-1.0051125398062342,-0.1585873162825303,0.14715633548124732,-1.5601123916239945,-0.19223353637884588,0.17491293534484736,-1.454147005124248,-0.15384202435213976,0.1668075754214754,-1.2987944926245827,-0.11142284819581606,0.31628724910816197,-1.0105747274068306,-0.18751155745999162,0.35517512920688615,-1.5226009828006206,-0.17786090846919186,0.3377687825610141,-1.766868432871558,-0.14784941226888287,0.28873597485075303,-1.9482270128230659,-0.1227180516422611
Pinky,0.0,0.0,0.0,-0.1981943677738716,-0.38905264364960174,0.03821557267838652,-0.2384066628548492,-0.8674260997950689,-0.004091374016164534,-0.07887864273014804,-1.2601882679902328,-0.06611103780511768,0.11891646010201395,-1.4353307050611896,-0.10866157168660753,-0.37612095528286255,-1.0030338147290219,-0.06614912954040353,-0.14552270511845872,-1.5346823802078882,-0.15398535951193215,-0.04522959963333242,-1.352681256504212,-0.1752297098455746,-0.06346653429323036,-1.1699939965334154,-0.1718787744567759,-0.16699818155085638,-0.9764008093277441,-0.13694183766414658,0.031760295135296594,-1.5226723194948002,-0.22755634751428644,0.1130532597850854,-1.3474785024849638,-0.23342874671350136,0.08282874313535946,-1.1550435047348684,-0.21767445658077114,0.06745088799102814,-0.9427849491081215,-0.20425840524855315,0.20175216093743,-1.4724200632321465,-0.2598304754888593,0.2626531771367127,-1.3198435882755353,-0.2143882813232685,0.22059147185992067,-1.1479311296539314,-0.16721086017889805,0.30155795981474587,-0.9003510068783013,-0.269538022515187,0.3456333840502274,-1.4000021802122498,-0.28397434696964735,0.35786234471124984,-1.7041007709630485,-0.26679473183974506,0.33224141706435917,-1.9651402968943263,-0.2515483872616278
Pinky,0.0,0.0,0.0,-0.17758255620646005,-0.3434038468976014,0.08745198083646206,-0.2758528542547743,-0.728227047080431,0.06821299800124024,-0.19801220271775705,-1.043200593490777,0.01616078483080335,-0.054866834720590035,-1.1654549894758306,-0.02712213239035165,-0.4422173068385566,-0.9491365411390743,-0.0007412338241947605,-0.18515640563744543,-1.390692397495037,-0.06671725005544213,-0.06320762874398446,-1.240835238341827,-0.08147652781285325,-0.05874766609218821,-1.0791081812947705,-0.07988806594565513,-0.3124629314399167,-0.9448907049756213,-0.09771628383563936,-0.04812993741484294,-1.4248155174277408,-0.1721808447337102,0.0559128438231737,-1.2495712128177785,-0.17622970927192902,0.039610503480091055,-1.07371132472949,-0.16143447721479115,-0.13350026121557745,-0.9299477177958548,-0.1884082589112691,0.0796705036020032,-1.3935656032044648,-0.23794973829461272,0.1613333250262134,-1.2364566292712842,-0.19622380029664938,0.13581219963594296,-1.0830025313623632,-0.15147374811008615,0.07658461983594575,-0.8873633426022332,-0.2723632235224241,0.15491653112919604,-1.3712814812890488,-0.2779680809169254,0.20828786010538133,-1.612162917437457,-0.24067645625916131,0.22945548257481316,-1.8271488085976009,-0.20777907166418397
Pinky,0.0,0.0,0.0,0.015881430587830404,-0.343252629079005,0.06616642826032898,-0.005691910846213432,-0.7236415213099691,0.05037112649480904,0.07918836413598603,-1.0110300759805906,0.002733527779674524,0.1784700027878055,-1.1616817947320313,-0.033773433927764634,-0.3687767137119092,-0.9635152714679528,0.04765821975351099,-0.07072066337205439,-1.3232814585515156,-0.013428326044402167,0.06741416708630672,-1.227274635396647,-0.055501352096406796,0.10031179584456898,-1.1056429444284073,-0.07790138736872529,-0.3183579077671614,-0.9472338974994078,-0.037365572258389136,0.0064626682917690425,-1.3225058107828571,-0.11321296200186035,0.129656711179993,-1.1506466743391108,-0.14969421421431195,0.14362304871620424,-0.9806547908296736,-0.1600537125505169,-0.2015212849126237,-0.9224565439420322,-0.1190522469872326,0.08940339860683517,-1.2963783028036118,-0.16486929875897655,0.18914791697147523,-1.114036439854822,-0.12810568354302207,0.18720922279531632,-0.9393600520583553,-0.08856653089885745,-0.04139084425142609,-0.8779010227748407,-0.19936882726753286,0.0608594331465582,-1.2878500045577537,-0.2026368122588457,0.1207137985841119,-1.518158707972078,-0.16074863012121413,0.1555292844896601,-1.7166450158425333,-0.12548469627156728
Pinky,0.0,0.0,0.0,0.35088775447615045,-0.8990939254365516,-0.2764332866422434,0.1674317862666992,-1.886849117907704,-0.47636396482324267,-0.4754692851121524,-2.4447279535362516,-0.6195340023928354,-1.0222548354289802,-2.723647657620866,-0.7474620541486383,0.1694025431785774,-0.9177615953158056,-0.7728736677335287,-0.10074701542385567,-1.773778557230578,-1.2078000506594433,-0.5063693242450024,-2.3740727143292144,-1.4045127319972095,-0.8358750746894339,-2.8236024275340386,-1.5009874125714635,-0.3485245711332418,-0.5192584071178739,-0.7803212991798942,-0.9289349676542661,-2.3192562247953217,-1.3716185258985107,-1.0256954973085801,-2.3775287775601104,-1.4923424800753213,-0.9339120683391876,-1.9261632232807642,-1.4305661198906177,-0.8114836466144124,-0.3611838658447721,-0.768282832939119,-1.249448793157849,-2.1516821300426443,-1.3188647393437354,-1.059834132592022,-1.8575409624448427,-1.2158271579483333,-0.786126861840137,-1.2906923798213135,-0.9559261205390162,-1.187763300945794,-0.3279625350445394,-0.7533296609655136,-1.4743035936518316,-1.6054023601023881,-1.0770629849440811,-1.3357234667955709,-1.7517952844442506,-0.9994835292144844,-1.1173384659541499,-1.585438512498035,-0.8441983266746607
Pinky,0.0,0.0,0.0,0.3863007830072494,-0.5719443875482401,-0.23065981118851506,0.3412179888129839,-1.2031819995859825,-0.4087982967498797,0.028471724260553714,-1.6085315410115264,-0.49907350105703263,-0.27019754863728207,-1.8012998270430056,-0.5741118571957955,0.14795048527886595,-0.6973980599346115,-0.8847076403142962,-0.08984282386481247,-1.3680022687747704,-1.075618774441305,-0.22114299255095413,-1.7627966567388635,-1.0557791958439091,-0.32106844010270735,-1.9614915022544985,-1.012837306898774,-0.24511516584904566,-0.5355090452141471,-0.8081761057867446,-0.5232405396068476,-1.5975964798908346,-1.0123394237825418,-0.426922644951521,-1.9350009493408944,-0.9309009579719786,-0.32650206154966643,-1.911182936919404,-0.8494228530358129,-0.54619606744988,-0.49939583945722854,-0.6966447932184585,-0.6920790387319687,-1.6244757317152982,-0.8388039630001257,-0.511513009947376,-1.7432756825193307,-0.7291257206837726,-0.38355634263582505,-1.5581080614588434,-0.6375011769931117,-0.7443973469817741,-0.5477992149772215,-0.5892645212806038,-0.7699654464219489,-1.397398330348386,-0.682863093426274,-0.608074861835124,-1.5445042275253034,-0.6435949272446606,-0.499658321112704,-1.4460170915330393,-0.6081339617138704
Pinky,0.0,0.0,0.0,-0.3768864903490925,-0.28446383056483054,-0.09743010931490573,-0.650071584365663,-0.9283757778224866,-0.2957689897603943,-0.6262210054209544,-1.6203952979589045,-0.47240129471546133,-0.5003624259326588,-1.9683189555655864,-0.6388308450050729,-0.7609778393346389,-0.5910506160726797,-0.5791221148213228,-0.8358428671634557,-1.5380321297548694,-0.7988958843184896,-0.6913176616264508,-1.724497344529149,-0.8465136334578774,-0.6644229335283991,-1.6688156086131547,-0.8518924169438484,-0.48041134116319345,-0.5848909789646727,-0.65353460964782,-0.6088496470022922,-1.8052521470306722,-0.957205962097134,-0.44530076111299605,-1.71340308003279,-0.9498882404328325,-0.3550488906113582,-1.3529936910070115,-0.8799125326475892,-0.15980071644412783,-0.7074740986407962,-0.7108853762697221,-0.33723400661478553,-1.8704334730256154,-0.893892865998909,-0.2863618750363432,-1.8345486147732006,-0.8123548679450032,-0.2741705062469402,-1.5847482357108935,-0.715721372360793,0.16201618255182174,-0.8926040528206518,-0.7725098955510711,-0.01690405324031147,-1.7144753238344645,-0.8631312506019755,-0.19190029466280825,-2.1306572436142823,-0.8521752500702983,-0.35673976432145865,-2.4506773415890786,-0.8355948335890103
Pinky,0.0,0.0,0.0,-0.25574717040123474,-0.3161218501819567,-0.006786810435342408,-0.4590147081850088,-0.8513365732260367,-0.10964318464580812,-0.4009457804523925,-1.4380195752478457,-0.20464872050384783,-0.25893058498293514,-1.7405770922385084,-0.284464548375766,-0.6669986332549552,-0.8143349025617741,-0.415779980338148,-0.6043137264100226,-1.6378547756790782,-0.5350680373749267,-0.3862151461887308,-1.5666656601035902,-0.5098266740735631,-0.34125410000469747,-1.3854705798807574,-0.4786406014873288,-0.41894345616121687,-0.7668751192601067,-0.486198449194865,-0.3629240858046945,-1.71032038959852,-0.6304583546958705,-0.17388681954634083,-1.5687308800360515,-0.5721888203819219,-0.1354083935674254,-1.3058796215681159,-0.5173481273141827,-0.13211114576355384,-0.7716208738394682,-0.5357840749127913,-0.1348106992289002,-1.6216725580663545,-0.6206347154356039,-0.0063052976919569514,-1.5026684547858637,-0.5198829092881001,0.02103788977516456,-1.262842272932223,-0.443836233652752,0.151520968742015,-0.8213612372236506,-0.583048111220928,0.03509055909891745,-1.5109159094673945,-0.6416005854203285,-0.07642656254938736,-1.9096443194397552,-0.6366461132929444,-0.1959111706841532,-2.219976058158844,-0.6375100710897176
Pinky,0.0,0.0,0.0,-0.26298884238627446,-0.273900016369239,0.0013932382786751099,-0.4587308357087072,-0.7381344601283885,-0.0670501449690183,-0.424152515708482,-1.20651108202533,-0.14499081105315034,-0.2954371324014007,-1.4949195101695394,-0.2039240142845557,-0.5784550980039502,-0.8597290439967115,-0.20378741739561013,-0.5192799969108183,-1.5672647484849287,-0.3247271222951514,-0.3641632932102981,-1.4687371131791398,-0.3361061726916124,-0.3310490234678975,-1.299656674920345,-0.3167616784768789,-0.3742758704045319,-0.8902099178044771,-0.25969958620582423,-0.32054359454200804,-1.6565976008630712,-0.3990521438851402,-0.17362625642094032,-1.5057793739799168,-0.3885405314256312,-0.14324616105471805,-1.2645047335035027,-0.34910192110934535,-0.1260156788417181,-0.9400818267848038,-0.3086010257648208,-0.12778259068235298,-1.644072656169963,-0.4069678234142302,-0.017807787436879753,-1.5162608581585988,-0.35576135657958935,0.003965092260093399,-1.3065648660542288,-0.29121319235588644,0.1262922275155092,-1.001661401504104,-0.35419379791591066,0.07109826955697238,-1.6063415234110652,-0.40401475852614904,0.010171518110436687,-1.9588492504422472,-0.40339837863237576,-0.07726969923832022,-2.2392785520554943,-0.3932671850550109
Pinky,0.0,0.0,0.0,-0.050543375258409975,-0.2870542859647914,-0.015172680331773783,-0.1713384767936768,-0.7181808400439823,-0.04745345884524096,-0.17020792060936588,-1.1117099321434276,-0.08563307857628134,-0.1385219936074434,-1.317925967702306,-0.10762521404352074,-0.3563088139171064,-0.927915433164156,-0.08413064118670252,-0.21344995304541914,-1.4441292778155588,-0.15585999463097616,-0.09626223137730114,-1.402903287800604,-0.17441769870545473,-0.08309364032905961,-1.3603825322963987,-0.1750370445772764,-0.28646188845712317,-0.9519502017638051,-0.1083069703363059,-0.12832061493906374,-1.4866992961112457,-0.20380390238192153,-0.020386087604288217,-1.3473756625333249,-0.2126273846004251,-0.017163853197815722,-1.1761317304909769,-0.19358666258749657,-0.15984830388349902,-0.9803673683895222,-0.1302310351376009,-0.027349059737678625,-1.4605472226857854,-0.20720493210924582,0.05746678787742859,-1.3515465788787888,-0.18685496744201957,0.05534749263579994,-1.2055898845892197,-0.14698868023235953,0.0006996311598332679,-1.0151235117898596,-0.15126358025416173,0.09082217614623628,-1.5114710161673053,-0.17745029935494452,0.12164525789129468,-1.7584442988161295,-0.1662114475419668,0.1041738854496831,-1.947520863770956,-0.14812236199150883
Pinky,0.0,0.0,0.0,-0.2323575756911233,-0.3572470309167728,0.04847227282652087,-0.3043992698663999,-0.7477826797275415,0.03137762882375943,-0.209798286104605,-1.0757855239568281,-0.005935021004051542,-0.05961507396954636,-1.196799855870876,-0.029246471158076676,-0.4204976167136811,-0.9537695633767931,0.011091437198037197,-0.208028847451757,-1.31509999527993,-0.031406868614274865,-0.1379182638538594,-1.1682982014752097,-0.044356417021951124,-0.16707134551546984,-1.024430200151149,-0.042414124026746484,-0.20771998561547864,-0.9770318888566305,-0.047550980359505814,-0.04009700706761049,-1.3544447276107567,-0.09262645497346998,0.014531778245837337,-1.2169819888862763,-0.1016471197112931,-0.002917730611935776,-1.0624989355010679,-0.09352647915431314,0.022548493904261363,-0.9709747211825063,-0.10113040807790284,0.13623097770989367,-1.3348660995644526,-0.13685534485660458,0.1705915278592086,-1.2157360091682292,-0.11689760075518826,0.13743298477094293,-1.0816610081978473,-0.0879133332835045,0.2543091473593718,-0.9393186210932213,-0.14897832827044152,0.29186732593133347,-1.3774669149877077,-0.14664506207215805,0.28501838712192445,-1.620080125513619,-0.11943367273135838,0.24491611386784715,-1.816486236123804,-0.09401504960377138
Pinky,0.0,0.0,0.0,-0.1906378617039928,-0.3240124220276975,0.06413932247261865,-0.23412094226850683,-0.659335522747934,0.07880789704612912,-0.11547428588853181,-0.8975906777346087,0.07289862463863848,0.037875833329580694,-0.9576389273693319,0.07339939595404661,-0.31093991202798293,-0.9540083391470354,0.09766132447661605,-0.1083864363426633,-1.1144631523561037,0.1042785518225588,-0.05827250335117125,-0.9849147222911439,0.09387570327738826,-0.08564570310761854,-0.8581253635070066,0.08892444342658878,-0.10655112419532434,-0.9930972166452949,0.04903851775982638,0.05108529599152687,-1.1372861548374444,0.06897794272572151,0.0876396948101278,-1.004701818698488,0.05491563848533311,0.07614665669033915,-0.8759189564566265,0.04573586219899866,0.10409183521257724,-0.9682890108675773,0.006738529167548143,0.21220729569948818,-1.147572007725976,0.011508130966175147,0.2256389097386728,-1.0161174700198319,0.02106043039474618,0.19818075538961125,-0.883679119071632,0.03648205579711745,0.3099097155313388,-0.8964174255159187,-0.029113341191018327,0.360786042754826,-1.2297875470955977,-0.004805818520422562,0.37080409337870857,-1.4147610369247958,0.033958768603393245,0.3585469521701768,-1.5590378591782705,0.06855740376039637
Pinky,0.0,0.0,0.0,0.37618305299903426,0.10146929580835917,0.07674383360687735,0.6499295450013924,-0.013564822119456501,0.09592305879587684,0.839878829508473,-0.05099596282755672,0.0789486018893644,0.8366546122140833,-0.10325005924028469,0.0742155603379348,0.6215071029527786,-0.8174717414485858,0.13507741837887594,0.9345112736480671,-0.5660312335179034,0.07906328131005884,0.8441371961679964,-0.3323974710802061,0.02026320162542005,0.708014563951824,-0.234760794148045,-0.010185017843583926,0.5776759686876134,-0.8149065888333938,0.04709274547899473,0.9523897918623538,-0.5224800795277852,-0.03397097403830111,0.8204564200632132,-0.27427089950165245,-0.0860279280899497,0.6750166664718679,-0.1931228387040808,-0.0941489740078804,0.5624061555757481,-0.711852515785642,-0.042244721003811665,0.9257390027763981,-0.4585685821709999,-0.09911195769293857,0.8016915198511786,-0.2437917134642811,-0.0825364935102337,0.6598626229816688,-0.17752882621023652,-0.04370374321391116,0.5602849716824163,-0.5374448030224763,-0.13062866785768745,0.8656114610575288,-0.6057479909792837,-0.14385015305453927,1.045825431429406,-0.6340397755662089,-0.1171154393256218,1.2008665085957537,-0.6588344731938575,-0.08605010013901282
Pinky,0.0,0.0,0.0,0.36492031776025197,0.044626404651962326,0.07572751463421908,0.6228985388434648,-0.1187322456284648,0.10736871622125209,0.7923498997091639,-0.1832001178855586,0.1029790997853082,0.7811023944914519,-0.2308744820193579,0.11230098975915302,0.5246485809329444,-0.8677829398845996,0.16896032402986408,0.8375347760949562,-0.6654266640205626,0.11437642290614719,0.7822651108243126,-0.44028576809735354,0.05757600687933278,0.679459041691153,-0.3267322729933966,0.030087880688500268,0.48689580616928474,-0.8691501368676102,0.08666321894423654,0.852621426908422,-0.621838062835679,-0.00033829885927287226,0.7492902531768125,-0.37961276581406683,-0.05909544382859667,0.6339638081679471,-0.2840056561391659,-0.06792611101674044,0.4816255099143751,-0.7815999070356451,-0.00042927001630953514,0.8305824339898594,-0.5565073506803585,-0.07054938814410812,0.7270288126890493,-0.3515475826890991,-0.07078743645328826,0.6067293811571866,-0.2843093826278823,-0.03759218326194032,0.4945403024416253,-0.6309614076594176,-0.08591241402041386,0.7810807914102122,-0.7029681135934815,-0.11146982832460525,0.9496571205397573,-0.7335790380344369,-0.09776397668174994,1.0955076498808325,-0.7617481726196274,-0.07253743976850129
Pinky,0.0,0.0,0.0,0.31973230896830196,-0.0406458557393259,0.03901393991307518,0.5320230722356358,-0.27277344594601594,0.054806785532290486,0.6815563770051606,-0.4070945026656795,0.0405734907448527,0.6693088612613255,-0.4900183195592741,0.03732920902857781,0.3198340265862304,-0.9445044054441707,0.12550203066893753,0.6325009541554899,-0.9441614237242136,0.07619557126014384,0.68533611121682,-0.7861851363458924,0.02981785091066542,0.6741288892927076,-0.6992913901079415,0.005146900828865138,0.2786839961249823,-0.9584607351371303,0.06073096001383897,0.6320833655050274,-0.885323245922164,-0.03288208603777479,0.6024139756061664,-0.6190395521282772,-0.08860103739355106,0.5359614775248489,-0.4952122228846536,-0.09786250925658108,0.28278401473689574,-0.9005930779127534,-0.010239371088061744,0.6266753087650424,-0.84222692029638,-0.09953763843928279,0.5835804542618317,-0.6153638472985901,-0.10380671793192416,0.49822655303743824,-0.5056227268551157,-0.07205733146965143,0.31496440070808973,-0.7953897401269465,-0.08111959757422293,0.5646855660901519,-0.970814381866614,-0.1301099823576265,0.7265472983450458,-1.0616704916756867,-0.12665258160980544,0.8664577802019511,-1.1362912927653201,-0.10681674636468401
Pinky,0.0,0.0,0.0,0.2621058352463404,-0.20802837076681935,0.04478476501934947,0.38054069229002147,-0.533151493126232,0.057560876156980426,0.4628449957770217,-0.7462551661114679,0.04019350089935682,0.42557591675048073,-0.8468212271873591,0.027445284327380276,-0.006965250158664905,-1.0063015873622978,0.11678596699646043,0.24449785643402452,-1.217065066485814,0.08421533977671415,0.3675762135834822,-1.3229813510247022,0.05027170999612087,0.4202710433586103,-1.4163172220527156,0.025471525549942406,-0.05159883355857312,-0.9974325021602645,0.0496584736949145,0.27105151650152043,-1.1810618837030629,-0.036406569878483695,0.33447435042289625,-0.9513672452230706,-0.07471461510166205,0.279531328844219,-0.8221477506907302,-0.07589206921361821,-0.038596165318453626,-0.9545543353891288,-0.02130635744137905,0.2700805042130461,-1.1543997306424414,-0.10965652620647057,0.327662509356511,-0.9378889437010883,-0.10033931069633187,0.27486092247614724,-0.8013314170857034,-0.0627579006850184,0.015129781863340432,-0.8771983973185882,-0.09083887764405228,0.21401241029565612,-1.1451270515059806,-0.1335084123894074,0.30712022905211955,-1.1557515533367866,-0.11244768475574102,0.3361525200405634,-1.149241756763263,-0.08121299278765913
Pinky,0.0,0.0,0.0,0.24065411380289878,-0.2685640125633314,0.038834212136052586,0.32704747178382537,-0.6072771215846448,0.0413668890222313,0.4004429327464191,-0.8349708698343826,0.014843618726275789,0.3731084449634505,-0.9157282885395812,-0.000987082492857003,-0.11735531548913825,-1.020373305266361,0.0837558305637691,0.1519406678778029,-1.2460701651034385,0.006745788750746343,0.26699927216393604,-1.155871759950627,-0.052024358085038025,0.2832518978419762,-1.0928253324272907,-0.08100123618802371,-0.14808908168910476,-0.9888696078665824,0.014370891491805473,0.1951891402902034,-1.2131690104061734,-0.10211763145816403,0.266519083875251,-0.9699730513163183,-0.1562962182193462,0.2157173504806265,-0.8215307449235671,-0.16463735848419128,-0.11176784541986086,-0.9405633952076164,-0.06103967069712809,0.2130178730399481,-1.1766007098633409,-0.16371357508536374,0.2741497669084867,-0.9528402591636183,-0.15335192839298936,0.22502644063634963,-0.7968603477712577,-0.11282937970011873,-0.0362433852872016,-0.8610773280769266,-0.13661812252325606,0.11740314129904302,-1.2124303911715903,-0.1906512480487077,0.22763820168128343,-1.420978588407838,-0.18171538150592972,0.3130583151539238,-1.5964712157758276,-0.1589153113040832
Pinky,0.0,0.0,0.0,0.2225343867727691,-0.3031552582300361,0.053682419120026074,0.2819680054667411,-0.6638989643569225,0.06400297015266268,0.3317899260502156,-0.9045414707958002,0.03944172078609554,0.28199940869892837,-1.0219567705073205,0.01706134724253811,-0.18224496350096678,-1.0167992514327981,0.10576390039447588,-0.006760931165025856,-1.3372830902711172,0.05408116873222393,0.11589039570148521,-1.4627099086882982,0.017459393312654573,0.17912080371057063,-1.5475575166543014,-0.0014517701433844744,-0.22858574343403387,-0.973197248977476,0.025212546110667564,0.06630723204508163,-1.3142772209143885,-0.09674270704422912,0.17663048121689562,-1.0923254102799171,-0.1434929123895908,0.1463646925719298,-0.9264216728222865,-0.13866892277236625,-0.2083643709666167,-0.9193028371727733,-0.059473384277121524,0.0783441371236893,-1.2411633382927143,-0.17635594749297223,0.1784502523409246,-1.0261800434242716,-0.16290666184245628,0.15330827047710371,-0.8589647592105838,-0.11202163505536233,-0.14186987405900653,-0.8341257261749226,-0.14205008107323625,-0.016422966809470595,-1.2306788150523056,-0.20444271838760486,0.07992722947571858,-1.4413811104740415,-0.19336030704688065,0.14237671299026444,-1.599286721780915,-0.16678338796964934
Pinky,0.0,0.0,0.0,0.20617361483900382,-0.3191278849982685,0.05750227381729649,0.22989372754176296,-0.6916994573448062,0.08654126793875247,0.2563594702136086,-0.940258024754867,0.08023265792387153,0.2098037637041659,-1.0698569665250026,0.07744789237244008,-0.24970652476782548,-0.9800625585394601,0.14388252200213617,-0.12757025259211482,-1.3074244931381236,0.10940411093941803,-0.033151588338810045,-1.4801506543399245,0.08290436594815458,0.02354543383058793,-1.5944266139601702,0.07218160101053257,-0.2876475805570205,-0.9548993332572596,0.0736622884828699,-0.045007975960489534,-1.2946364848648644,-0.0368058181773664,0.08087797466093395,-1.0797078608080553,-0.07974628743268604,0.08148438017652013,-0.9055774045539622,-0.06918034589647722,-0.2633461517159789,-0.9351326910177463,-0.001429879853523549,-0.0283907606493095,-1.2761486907911248,-0.11651057598068543,0.08604591300102318,-1.0601805144218823,-0.10732705765458518,0.08570720640742294,-0.8768552747704527,-0.053154324926229735,-0.19541950297301708,-0.900528759102185,-0.07334787490311039,-0.12780102752486133,-1.3093719968782653,-0.13042317564976866,-0.05065213908487205,-1.5304143814610662,-0.11893016978757538,0.007404679995939894,-1.6980999447472063,-0.08833385168486585
Pinky,0.0,0.0,0.0,0.1287511852578854,-0.41441810714632044,0.03845449094110868,0.06131323698378011,-0.7929498397382674,0.05573177024999967,0.02500554309638445,-1.0626970725532727,0.04009042064461331,-0.04370852392722933,-1.1965570397416403,0.032062197617416674,-0.5046693699006702,-0.8662933524457741,0.12702181436260462,-0.4209160014658348,-1.2455471295952154,0.06985149012201897,-0.3519227438799899,-1.3749177530787406,0.026467464657145813,-0.35466701989640365,-1.443759254633028,0.007050225296158645,-0.5310341302079169,-0.8452547474831605,0.05955807595531911,-0.32160396623631693,-1.2688831029954988,-0.06677944181306185,-0.13716211763130856,-1.0965814835661303,-0.1196618031093801,-0.12211673584486595,-0.9135008789637244,-0.11491884125371793,-0.4937130404503537,-0.8463856972742675,-0.015492065662302488,-0.3096968181108157,-1.2754848703917054,-0.14639822635201075,-0.13080381859290977,-1.0989122940675156,-0.1364229749441897,-0.10376489668303412,-0.9057230656601885,-0.07877668716514519,-0.40919937176392507,-0.8479463269143256,-0.08891245889536972,-0.4511364797101015,-1.268288492968678,-0.16014870989672583,-0.4528987751283229,-1.5252790985700142,-0.1495803843901997,-0.4673460000023991,-1.7319464920505698,-0.11612705456276996
Pinky,0.0,0.0,0.0,0.0880286397024979,-0.47582811879507325,0.061784129153896,-0.009256090008790838,-0.824140646196647,0.0919986887831781,-0.06649744178814665,-1.0789462716550686,0.08060884028589246,-0.16278570247935023,-1.2082557647702563,0.08400196052561115,-0.5731473515680393,-0.8188694023260571,0.1850887779702785,-0.46441790480126116,-1.2284516427005865,0.10597488292151612,-0.3070486680341877,-1.158788158775239,0.045331857554828985,-0.25019045473077156,-1.0235503187043822,0.02873644009120032,-0.5922226524504598,-0.7982180324844786,0.11009224559954088,-0.41922121137372514,-1.2812953990292875,-0.008490140634333874,-0.23416223766842537,-1.1035727031845215,-0.07098298432750429,-0.19837638305615854,-0.8983320132533115,-0.07002339206387143,-0.5558571978991202,-0.8125970546957537,0.02285198838441521,-0.40165039847175876,-1.2790666042391436,-0.09213258063270229,-0.2243275776627014,-1.0992139880496377,-0.09333912566357863,-0.18683742629489358,-0.8910647415161324,-0.042480610971481106,-0.4757681246654402,-0.8319445177885696,-0.061739120858409983,-0.5629061219026993,-1.2357547049271176,-0.11600664747558365,-0.5993812652919087,-1.4897162928021184,-0.10704763140269029,-0.640040806108871,-1.7011075397056215,-0.07410374924267644
Pinky,0.0,0.0,0.0,-0.04281330793874441,-0.5629024292382817,0.05596201954327721,-0.2630895086385476,-0.8721329015608077,0.08532575282478232,-0.3934759680838528,-1.0968109625406375,0.07594263708684663,-0.5086618954101778,-1.2532223909972942,0.08300614594662019,-0.8181695544062836,-0.6030183342769287,0.13558387825725704,-0.8479335706201843,-1.135024783745669,0.04784498808976993,-0.6826790661922101,-1.1857553245274304,-0.008722573230588906,-0.6030203162041148,-1.157089862239464,-0.028467647244199864,-0.8198717467265717,-0.5698986322047355,0.05500788971313066,-0.7943380125248841,-1.2065400780590925,-0.08664153013416351,-0.5592449241828122,-1.1316583388540813,-0.1443588066409099,-0.45483926508585715,-0.9669964306547104,-0.13971195715618615,-0.755506679435197,-0.6102874769301353,-0.036375344274606584,-0.7536422522181149,-1.2113686189490116,-0.15773018807714045,-0.5404511580756788,-1.141957565042172,-0.14840826434107143,-0.4361944266501261,-0.9762661872359203,-0.09574554805444714,-0.6457115940546948,-0.6878176371205051,-0.12718284168665506,-0.8530964909396211,-1.0889149646317557,-0.1952419469681012,-0.9804384270948302,-1.3596714170229784,-0.19846390582867654,-1.0855932546680798,-1.5857116282444759,-0.179494969210705
Pinky,0.0,0.0,0.0,-0.1126676388606207,-0.5624637679673109,0.10644399133422046,-0.3510422225531108,-0.8318956793160002,0.16401304698578278,-0.48680113138922604,-1.050020034583457,0.17377923282060087,-0.5955512952499834,-1.2106275064752983,0.20069587183660223,-0.9037488781248988,-0.4110794119506146,0.21850536267542645,-0.9252536326217787,-0.985979278017894,0.13987420800003908,-0.7144020961381822,-1.0773590808838536,0.07838716740725764,-0.559853993613768,-1.0156248066544642,0.06143408790702079,-0.9008329982844374,-0.4163220311080014,0.12319040391190725,-0.9224559185023704,-1.0842177569501181,0.017890547224513755,-0.6856416850216903,-1.090879490147961,-0.038247155794054834,-0.5375583728266973,-0.944119915375717,-0.03863559482969353,-0.839028105969371,-0.500468966457695,0.017215483780559614,-0.8874349749457062,-1.1287786130531317,-0.07029179145960307,-0.6745664621425161,-1.1344151179473618,-0.0641406502323282,-0.54096126424607,-1.0055970384883386,-0.020173491154706027,-0.7349117264556225,-0.6268027523050553,-0.08481047247220803,-0.9707775393513745,-1.0377403653904063,-0.12919975089320135,-1.1040285214316163,-1.2766534471545525,-0.12584300916652252,-1.2056673596606193,-1.457413801425036,-0.10402565182648477
Pinky,0.0,0.0,0.0,-0.20558615634853405,-0.4028850707452492,0.05155670579628728,-0.24316337209148062,-0.8424224487553092,0.020560737865244462,-0.09563414191547688,-1.1633344385249185,-0.036500538762089425,0.09834868760249355,-1.2656415587819523,-0.0801951154189177,-0.3372669338222514,-1.0263141935928095,-0.012969377758709214,-0.11160476208778788,-1.4505979427556925,-0.08833173043326308,-0.042360343390697414,-1.2795392061965092,-0.11771818068905801,-0.06665462330187485,-1.1099428633271342,-0.11960233303231978,-0.1373784823124983,-0.9867494964929083,-0.08632834857974735,0.06989709775999163,-1.413673406075647,-0.16427656188196682,0.11939816851595544,-1.250014453905905,-0.18701804934116098,0.08907971509345766,-1.080721850877437,-0.18087855283752352,0.09105350749499727,-0.9357955884877086,-0.15605842655530322,0.24724268080515724,-1.3408021890401087,-0.21074339818553767,0.2834778623530763,-1.195087649444217,-0.1892616659051559,0.24197501579215008,-1.0516924838035502,-0.15321654775470908,0.32819012325338115,-0.8758296987402269,-0.22113710886502363,0.3780194706571278,-1.346728215323925,-0.22527874429669248,0.37901566501629275,-1.6178051754818794,-0.20040391062072038,0.3537874367507621,-1.8573957302100392,-0.1755943254798751
Pinky,0.0,0.0,0.0,-0.19581262267111246,-0.38920075525219205,0.05266257601025042,-0.24737993942236133,-0.8234122927243176,0.026138206582053094,-0.11473858118255711,-1.1333346960019157,-0.02452254571672661,0.07806636463473166,-1.2034341057967914,-0.06484290890595754,-0.3368458915499291,-1.019804236581909,-0.022859135453050326,-0.10059494920856989,-1.4253450448367182,-0.09731253019991494,-0.033008422371592815,-1.2537159892392518,-0.12479068855007536,-0.06427346937551215,-1.0962870030445264,-0.12769956769043533,-0.13912135434034373,-0.9857804559030533,-0.09424511407005005,0.08920206204974108,-1.3922742578178264,-0.1717963180483945,0.13289777486816123,-1.2162209201342966,-0.18908928417811494,0.09172576862411305,-1.056366413028922,-0.17982162699908824,0.08437318287169737,-0.9326725777404294,-0.16075394211232355,0.2536769648634702,-1.3106342958108068,-0.2150888833663262,0.28109138145441437,-1.160852452359665,-0.1901164969224677,0.23128573713678202,-1.0264726151501158,-0.15184232071029632,0.3120131651930357,-0.8589833351485557,-0.2221680600567846,0.38564803199738845,-1.3276057264410368,-0.23067191137212123,0.404476485968262,-1.5970460001721865,-0.20652635580870912,0.39418812310002427,-1.8384917630104505,-0.1807376238628628
Pinky,0.0,0.0,0.0,-0.07577194513209505,-0.3027272324515955,0.06284289498296233,-0.13761869350002756,-0.6616999648816022,0.04850487756085132,-0.08277561313922972,-0.9309515621080832,0.003543043020841315,0.008119248717138138,-1.1002081331900457,-0.029137633630358168,-0.2842199624670002,-0.9788832730401559,0.03586546065268867,0.049623779484273225,-1.2099020755248093,-0.06520411710601516,0.1803726054924717,-0.9753737655013812,-0.12885848963071875,0.1862604766336816,-0.7351990305008729,-0.14535749547943744,-0.2218838370931681,-0.9743487541224166,-0.03757749561781458,0.15299256724896884,-1.2037900506931765,-0.13114079894561126,0.26507719407368374,-0.9244266794667028,-0.1564569669424744,0.2687310937679094,-0.691867549886625,-0.14359621650317483,-0.1129045062343338,-0.9512058042488978,-0.11298631568925029,0.244209501428124,-1.1607477867016731,-0.17914866431071882,0.321539714597114,-0.8920568979351318,-0.14178881525719764,0.313303957838377,-0.668961506902888,-0.08265765399359859,0.02789081468561448,-0.9053007712352503,-0.18588100259759932,0.16739979171770564,-1.2865665284560914,-0.1935661967149542,0.22878029176332126,-1.4947981737137417,-0.1498797745681312,0.27199504818004894,-1.6719999879961687,-0.10028368330640634
Pinky,0.0,0.0,0.0,0.21121117328563865,-0.3198256446522933,0.019726001899687776,0.24999393352462082,-0.6507473997291406,-0.0021572351801416516,0.31348439479125206,-0.8868941317503818,-0.046026274879203175,0.3606220812328301,-1.0473003586218228,-0.06980100506457335,-0.23951140212649344,-0.9895722421888425,0.025311899353440307,0.15454524420202181,-1.2142769852609803,-0.06335055095113212,0.2621106655729853,-0.9740662882595106,-0.12385632256895437,0.23399759018034555,-0.7781125360157009,-0.1540163753410432,-0.2526606009536187,-0.9668872628938011,-0.03593941540272746,0.18727254586394593,-1.2022026804039834,-0.13897321699978166,0.27329443014417165,-0.9305687256173932,-0.167067192080064,0.2372590997543032,-0.742711890564716,-0.1642917107503634,-0.1968307244430409,-0.9365154241353619,-0.10345157598305993,0.22264476294305002,-1.191617849940376,-0.19247593783512518,0.29629082933117973,-0.9386466905606052,-0.16038472099403334,0.25564881049790433,-0.751118504716186,-0.11023914589846799,-0.09346688721618336,-0.8975203125730885,-0.1730049798110133,0.14336277182955728,-1.225405831386488,-0.21048790927944122,0.22292517006569218,-1.305813327586715,-0.1743278951733173,0.2443575780663505,-1.3779989940526969,-0.13143940232250334
Pinky,0.0,0.0,0.0,0.24410965697309778,-0.26797095213804745,0.0023686462665300397,0.3602828849301457,-0.5932794792906854,-0.010241247324359761,0.4379542297325292,-0.8551225730258845,-0.05185722568477695,0.4075604229313418,-1.0290099927002845,-0.07629498751699416,-0.07990035936732193,-1.0039647612065477,0.0603756348423709,0.23582011583083404,-1.1756225040357584,-0.0489461142019054,0.32682978488929143,-0.8960956445572865,-0.11403625560083704,0.29414448841948365,-0.6877043068437052,-0.132920142146532,-0.13290198557831184,-0.9911204980177544,0.004149775702472716,0.24121725835669458,-1.2033133243723417,-0.1376225388915397,0.3015037465691109,-0.8576017087656347,-0.17457265802548674,0.2466876932303376,-0.6240922887307014,-0.1573934256559642,-0.1393254417332106,-0.977131814555153,-0.0664056946308227,0.21649124594396205,-1.1922881242730892,-0.20549856561587418,0.2694136192849101,-0.8561318881284791,-0.184389872744336,0.21808027702630597,-0.6136287022843361,-0.11530627456475506,-0.11422413717821844,-0.9404882897849246,-0.13951997181078754,0.045609254048810347,-1.312440773498591,-0.20859627111010173,0.1411555428269354,-1.531005839668663,-0.18937119985507603,0.21050423247450287,-1.726751598268765,-0.14566020657582734
Pinky,0.0,0.0,0.0,0.2533028544062615,-0.2602102641802824,0.02566417279378248,0.4113920154154382,-0.5900707927042718,0.04159287306669955,0.4816130924199364,-0.8455671162529393,0.014770899072137874,0.4421001715673774,-1.0195690186673523,-0.001142676574058199,0.22547717863879474,-0.9589883332673307,0.17074411210392232,0.3681486320221517,-1.1745092376820045,0.06865869759417062,0.44218048070796495,-0.9637249251950087,-0.008411473358283695,0.444329470941738,-0.7646805735366703,-0.02485711546102833,0.14187000934446806,-0.9840130733161523,0.10766230534175511,0.32031733157171083,-1.1852978440760096,-0.02457645174574586,0.35596552947414983,-0.8840471380050187,-0.09838167646670684,0.32582406756553595,-0.6474407598477784,-0.10006819415915418,0.05328284965022119,-1.0073319648505454,0.024248416918374097,0.2548414951715693,-1.17108147882503,-0.10851807997474817,0.2563990806572208,-0.8498688032962048,-0.11997206819060828,0.20013696781207546,-0.5923894617376451,-0.06515593171778512,-0.045069283776849677,-1.0050923694325198,-0.06051430148783553,0.09145357825060187,-1.3526723891040915,-0.10251550582309528,0.19549592316960931,-1.549540568973381,-0.08371735609596931,0.27666375379880803,-1.694932854855669,-0.043906461304715975
Pinky,0.0,0.0,0.0,0.3311375554986598,-0.16860622852079454,-0.023497498264201378,0.5647982384248387,-0.5096789654789727,-0.014236522156127567,0.6485270259869823,-0.8514721807543377,-0.03322542558233579,0.5157350952543327,-0.9961265277502956,-0.038829332442949005,0.46143596977250995,-0.8530530317517878,0.1360909246591777,0.5926238082716713,-1.0937687706561259,0.03287643479164642,0.5525791585777122,-0.8632018538041197,-0.0403411615785047,0.4709242043851384,-0.6839721456795961,-0.054100612307487514,0.3603862041059902,-0.9263697455687813,0.10936580080128876,0.48330865456561417,-1.1581233062992804,-0.023151639969583925,0.428296201916155,-0.8558089060097117,-0.09820592425164884,0.3436265912413079,-0.6421307696611391,-0.09789016328786553,0.24882335470692316,-0.9978879452738892,0.06093030369116148,0.38826138505282753,-1.189468582565372,-0.07106121507415292,0.3291477481363054,-0.8825443724969795,-0.09345402029323646,0.23371543391492294,-0.647764087719341,-0.04600943576861456,0.11421145641373734,-1.0552334604641145,0.009795211835152964,0.2419973589877952,-1.3871690395578964,-0.027832063858444066,0.36303168249273227,-1.5500959144952593,-0.019665547095806094,0.4612178597112276,-1.6641587610824058,0.011348700432376888
Pinky,0.0,0.0,0.0,0.37576893943035816,-0.1501008738933891,-0.02458019149571439,0.6195514391667367,-0.5901775053146533,-0.0003446963643490268,0.5961665533923276,-1.006265213321579,0.0015999636559728679,0.3792230627161613,-1.1231787318257442,0.017516765575512856,0.5126546302284941,-0.8235110961392977,0.13736071939326838,0.6187559741630859,-1.1283968632274988,0.046429428368222475,0.5538387893483102,-0.9078834505882524,-0.01062237693076009,0.47699384484818014,-0.7056265548937681,-0.012339513277170923,0.3746355009853183,-0.920305400346012,0.11263308348547554,0.4948246094826967,-1.2240559932488286,-0.02918290608478917,0.4056864079732155,-0.9356612472120002,-0.10472558233321151,0.2831081768729144,-0.6817169796094696,-0.09371650196945383,0.2309295904473392,-1.0185334260773862,0.0659492775767611,0.3529320516790377,-1.3284491207214033,-0.06480502281218012,0.32569456622828086,-1.0611443637604838,-0.11460265003864094,0.25586102086880896,-0.7955101328998124,-0.08487638414312118,0.07921943729157666,-1.1183657718130064,0.019234176037167847,0.20967743363066105,-1.4906371944489458,-0.005179175604240652,0.35385125017296964,-1.6633507976262927,-0.01883139429058478,0.47380355409476,-1.783536682605888,-0.01344512757202128
Pinky,0.0,0.0,0.0,0.3292342358808332,-0.20228833858718653,-0.07104791320620647,0.5237795296713609,-0.6801950016721325,-0.06328180752114353,0.4484726985400256,-1.0863861666059158,-0.06723391144572857,0.21867238173014955,-1.1909178728838217,-0.04770161341239674,0.4870529407598286,-0.8450796770474917,0.09586588725853999,0.6009907826530287,-1.1684276493595898,0.002334550887609023,0.5134157694238083,-0.9892498248247662,-0.04358624862380239,0.43638401090838774,-0.8454954497521505,-0.03950158782536058,0.3406819405927887,-0.9354245834341385,0.09442808936434201,0.42741626526293625,-1.2224559649184652,-0.04649584925986941,0.3246436528760958,-0.9685040180301505,-0.11165394206269011,0.2292067339033984,-0.7750893468896183,-0.09559634545736938,0.1900721280773836,-1.0064466458591284,0.06716365289843015,0.2349149466611106,-1.2746845236307849,-0.07129866559205117,0.1697298229180185,-1.0091024902538184,-0.11034528363974712,0.10318116681537676,-0.7738198927288659,-0.07044560821608073,0.026660943467840946,-1.071678688397017,0.03643713570916521,0.12418707215960827,-1.4198536808234203,0.011224834467540717,0.2371475594658152,-1.6190540408853802,0.004926205728011651,0.3396701788896113,-1.7824531950347184,0.018338635442013425
Pinky,0.0,0.0,0.0,0.2703415844793354,-0.21498454806743575,-0.06757046591822263,0.42830202744361634,-0.6419018166292275,-0.07073366122164741,0.3553641138803068,-0.9894445529981789,-0.08049247844415013,0.18140926683244518,-1.1121651224380513,-0.05998109630398151,0.3864231457213529,-0.8822757870953636,0.03772374821668953,0.4627336934593678,-1.209436385580253,-0.06671704297034076,0.38405030250652106,-0.9619146189024558,-0.11980969131150206,0.3456392838659719,-0.7938957070581492,-0.12804333344687657,0.2583548990779592,-0.9654567740392834,0.03385208389564377,0.30745496855723836,-1.2602854701388517,-0.058230093771483006,0.24537360064782343,-0.9576209883717848,-0.07166887578247887,0.25721417834081,-0.8593942843753375,-0.05023196659661999,0.11024580774914557,-1.000817540998831,0.0038830342553140885,0.15218254722342153,-1.2751351011913679,-0.08180139751971312,0.11233093809599301,-0.9370916171421346,-0.03988615419831583,0.09226690528428003,-0.6850168731230889,0.025005641351687913,-0.05758579806529953,-1.0256680083068002,-0.03687738576570215,-0.00035772750174266967,-1.4030842554191405,-0.06357951219504604,0.06414285987508996,-1.6257112046833406,-0.04470904526934437,0.14491971089005445,-1.8035256365580594,-0.019496615249672576
Pinky,0.0,0.0,0.0,0.28585426264210656,-0.15118374823690622,-0.05732808842084479,0.47888840751750766,-0.50628246689134,-0.07367147200026093,0.3853211264679018,-0.7933102153954137,-0.10584675471241964,0.1592285917826368,-0.8417319478050027,-0.11734803806122089,0.3629258901725454,-0.9298777843154952,0.047797189111618024,0.48374149905783276,-1.1306431029497497,-0.07096960494569603,0.43763874866405683,-0.8659488283272447,-0.1323996337207529,0.4001757966035099,-0.7386798568207947,-0.14341442240102478,0.22873096948550084,-0.973352971944421,0.01631366314431201,0.3567681543859174,-1.1859429013202551,-0.13074748915193082,0.308014477917207,-0.8512849971106436,-0.18341373935512656,0.25925478713104905,-0.6833717309338235,-0.17136683018789145,0.08226244612743099,-0.9979709611764306,-0.03921472085449317,0.1951706154886729,-1.19388318827036,-0.18347843664016872,0.17747718751784694,-0.8468381033179263,-0.18701961181477733,0.13463165266169344,-0.6174103982881233,-0.13219352768822526,-0.0713520116378707,-1.0168276969335432,-0.1005473531077606,0.0031515023424875843,-1.3980068092393354,-0.14790431278049418,0.08776554659188926,-1.6184678609146281,-0.14249501253622665,0.1755299365842694,-1.8167272910523937,-0.12099275057813776
Pinky,0.0,0.0,0.0,0.2583121223957012,-0.12025095196305997,-0.08793241203350886,0.47962810386868565,-0.3761513967852176,-0.13716194421613953,0.40880610985478927,-0.6298560674615177,-0.1959706247386336,0.18981993501270697,-0.7345701370465142,-0.23694333202998488,0.3972686570431582,-0.9204325985160261,0.0005324635443196308,0.5169589858200417,-1.0549377124926618,-0.1351579346102744,0.49007968944107216,-0.82785221085126,-0.216102372029127,0.4455911099254307,-0.6865062239831095,-0.23684324707049884,0.23781853275345038,-0.9710791882963309,-0.021155508425354286,0.3435542882016042,-1.1374794979272855,-0.17174521692141,0.33331044164157114,-0.8483988691931732,-0.2390636845543405,0.3009925107044719,-0.6648859450249507,-0.24051482433372884,0.07762839492956232,-0.9750266831096749,-0.06659192021814785,0.16154475040116623,-1.1154451016803086,-0.21693249179294224,0.1638804535542531,-0.7858540048013966,-0.2275011573490923,0.14270422807446545,-0.5494451944287198,-0.17849063986006006,-0.08692902472935768,-0.9488379601942599,-0.11950353284415,0.006275260340413007,-1.2820386358074696,-0.17394707185577055,0.09679118487258861,-1.4761666606440467,-0.1637859041753129,0.18823014191598506,-1.651662355744906,-0.1355367152889807
Pinky,0.0,0.0,0.0,0.34488072427908256,-0.08629774379940011,-0.07719068845075314,0.6290702866388493,-0.37372680563300803,-0.12434269000773265,0.7055052876598255,-0.6426970538252995,-0.18728195044982063,0.6827623887182911,-0.8049499141314214,-0.23857400220208558,0.519045601641069,-0.8670932847116054,-0.03587963953469237,0.6686057955477893,-0.9646058180080787,-0.22486189508784624,0.5970776136850635,-0.800531628568787,-0.34342365933108715,0.5000837462676593,-0.6536607409602627,-0.3825126942900646,0.34966534028777263,-0.9348340059458417,-0.0618023553651986,0.5087969982328696,-0.9911696578930506,-0.2594647770957636,0.43303969458696545,-0.7593781834399862,-0.34157474381341335,0.33172407651502694,-0.5811345667094627,-0.35225084899310477,0.170934026969507,-0.937938189146768,-0.11165205509619118,0.30635687888682056,-1.0079605938447087,-0.29541641010382724,0.2735179909727246,-0.7372225850231643,-0.3057004119700186,0.21333014978812678,-0.5141119982308605,-0.256239297503807,-0.01764021994083849,-0.8928552710535733,-0.1678471856277707,0.07486449524729148,-1.2393034320774703,-0.2559948563293587,0.1591721133256591,-1.4650578477401657,-0.25504166130019146,0.24141650699535777,-1.616035653982308,-0.22829864941725578
Pinky,0.0,0.0,0.0,0.17795208269640536,-0.07045245902585842,-0.09424337524062702,0.46007575520726307,-0.2853759436801643,-0.1482847780590137,0.674261079795155,-0.4844318806203039,-0.2057881805260186,0.6852093141657936,-0.5593296100674956,-0.2429507484473055,0.4613973931878985,-0.871351395916961,-0.046606126734626205,0.7413899770679584,-0.7624493733461816,-0.1923420299844505,0.6347026977613053,-0.4975693409612546,-0.2814780476656496,0.4948976539924381,-0.38773659482847517,-0.3130791773014585,0.4184652040080196,-0.9066931109142651,-0.05286280029603797,0.6852030006085612,-0.80480545042861,-0.2128864109846902,0.5546307450973302,-0.495956227088393,-0.25716190811508016,0.426743066734265,-0.34670531250529846,-0.2453001644908329,0.3690069011689836,-0.8775523613786529,-0.08069269751128658,0.6090073090203553,-0.8147287840085327,-0.22986205375935245,0.5101669921588406,-0.5342258542521924,-0.21962220379849304,0.3921321459866038,-0.3720752899838985,-0.16290896603729224,0.3166490971709977,-0.8031265703345781,-0.11718899606667622,0.5183012214580505,-1.040690471224038,-0.18857522034226384,0.6382367114221048,-1.204047451053477,-0.18555133881752586,0.7366808525672904,-1.3435491810103075,-0.16125113113403491
Pinky,0.0,0.0,0.0,0.3166328178689132,-0.08797783958649662,0.018249454046357614,0.49723107696465235,-0.2977245516565603,-0.014319488084028184,0.6745179577964527,-0.4158696602362885,-0.07082484909845324,0.7920692848376306,-0.5253086873471683,-0.11582331060848262,0.26283417465383085,-1.017715769991392,0.019304328156075887,0.6546779635241803,-0.9271714369434124,-0.07191312341971497,0.693268108467683,-0.7066697012421425,-0.14247127883569316,0.6346472805520991,-0.6170324401825771,-0.179155484004039,0.22981200402324903,-0.9720445822734963,-0.04812247790338983,0.6779189122467785,-0.8283458307044502,-0.1746059157180103,0.6336160233961938,-0.5127897366921085,-0.22653045715852652,0.5223010990284765,-0.3681979376890826,-0.2302462713384964,0.24081110014211085,-0.8614220637303516,-0.11844952152755688,0.664470043151726,-0.741104506428247,-0.23315686120156925,0.5993617277978086,-0.44524114886661714,-0.2091783509821574,0.47855625172288385,-0.29907362331214676,-0.15235197328903963,0.28197927487413127,-0.7005672104432807,-0.18879689863500537,0.5441699034414189,-0.8613189153945119,-0.24193025204910903,0.6878238669172715,-0.9949453224498165,-0.2125558934746774,0.8139254219110839,-1.1308798997220233,-0.16991550810609973
Pinky,0.0,0.0,0.0,0.029730121925317304,-0.3319273374051641,0.057017344330573004,0.13783495078189756,-0.6671190914007719,0.04540442146242801,0.3256690371436673,-0.8515831464615071,0.006256197107626008,0.46922478474923346,-0.9402571736523485,-0.020304373523935073,0.09056524299060723,-1.0443890872349384,0.03178613534782141,0.4429826724623764,-1.007939019795284,-0.04890353628620971,0.47155585229013053,-0.7492743439545918,-0.09751964827866026,0.39112480179730497,-0.567640092568099,-0.10731248549252777,0.16810571944000113,-0.9850155983251463,-0.038532300057403414,0.5284086281965561,-0.8906157450387036,-0.13270949673578586,0.5168498944237818,-0.6104115357214087,-0.16958868942252714,0.438317184532627,-0.42815365461523686,-0.16324104100184744,0.2735722760617833,-0.8679727054788248,-0.10694711674484031,0.6033116706231407,-0.7955419693132527,-0.1851790918908827,0.5674265580639481,-0.5260677116647904,-0.16071343894369772,0.4812128926132787,-0.35506073097850016,-0.10511691360991657,0.3901531045492701,-0.71750149941253,-0.1710584679507912,0.6072921298050302,-0.967008290169414,-0.19230741690558348,0.72012615070251,-1.1292679000934185,-0.15398483627116352,0.813233900208193,-1.2758296854438758,-0.10401005467868515
Pinky,0.0,0.0,0.0,-0.08639168841047166,-0.3768989056632519,0.04124211977837875,-0.047164428855857934,-0.7637362113407113,0.015116443739303223,0.12308705689265184,-0.989375087907786,-0.03389152327719026,0.276060477792157,-1.0155052223521686,-0.07360677394335217,-0.11520309004389952,-1.0551592383312576,0.0038247374243328856,0.21179396143015214,-1.1570714917712375,-0.06371575736339517,0.2348288044718667,-0.9507955795803062,-0.1106034453639435,0.14876428840812922,-0.8253341927245237,-0.13476741241040635,0.02001526282143886,-0.9975041498154539,-0.06771159690287394,0.3379999552599128,-1.1067960836100539,-0.1470381232499192,0.35013216067623165,-0.8951571823192156,-0.18902150857256522,0.2756564574584901,-0.7647247765690646,-0.2001338582155557,0.1853102807736976,-0.8942991222521032,-0.13574982468418448,0.4622028994894454,-1.043223245378616,-0.1950418406879158,0.46508970093939944,-0.8440323538054266,-0.17904727079522076,0.38907067187757755,-0.718581425551416,-0.14694263166852353,0.36562566975767785,-0.7570067831832142,-0.2008308046591765,0.5292934656907728,-1.1040879878338545,-0.2195226991050504,0.6053916163486083,-1.308340160581922,-0.1937427146691754,0.6544144932671523,-1.5076661045345139,-0.16406161493215252
Pinky,0.0,0.0,0.0,-0.15727504726626743,-0.3917568383160318,0.040581704561189265,-0.1768302193808256,-0.8038681436429067,0.009654633027843551,-0.036558688427581705,-1.0766562606807444,-0.04095397649284175,0.12079901737195221,-1.1065957062459537,-0.08085587458100058,-0.24881976647097503,-1.045182252885242,-0.023930496667989118,0.030825597523434382,-1.3235772425589691,-0.09162405099726703,0.0739195582399116,-1.1472993921067975,-0.13147817442125814,0.009844237699976511,-1.0026377746089552,-0.15096560425969385,-0.08073009656498664,-0.9924676261206709,-0.09214479155659465,0.1866912511954975,-1.2772260108157079,-0.16116876695977694,0.21627906998427138,-1.105441110860644,-0.18990684290616913,0.1604362769496372,-0.9696076871237055,-0.19873052652884918,0.12164843220428126,-0.9008357874459807,-0.1559485689744477,0.3393067188579136,-1.1887569762726402,-0.20517753131257796,0.3482587692146962,-1.035873852407266,-0.1855742565237994,0.27947060023836023,-0.9113541514061528,-0.1586446640026645,0.34043586066313813,-0.7839114872239114,-0.21685877291188918,0.47166113677247984,-1.2283931862181567,-0.2345229506724473,0.5171726627809705,-1.5013565918281278,-0.2181754052632055,0.5270633467044015,-1.745576607728854,-0.2005951160736113
Pinky,0.0,0.0,0.0,-0.2870800642542982,-0.2163485320185891,0.03664257932395802,-0.38810682486019954,-0.5372812660804641,0.04594305480409848,-0.31720719598394154,-0.8047329891886199,0.03994884923751704,-0.1804333934568921,-0.9371102263475662,0.039723939274006345,-0.31518505229992605,-0.9161484393439159,0.04277910845915783,-0.37733255514609565,-1.1505911474819668,0.009611509097857802,-0.3568698475213257,-1.047672053670533,-0.014701045394405865,-0.3136454501851413,-0.9046535289106933,-0.016579362877055453,-0.12545740981990844,-0.9920887019832643,0.004521694200339723,-0.2080064530496779,-1.2308867442379627,-0.008406459293875247,-0.2102198009986843,-1.135659544276336,-0.01973361378949813,-0.18215173984309616,-1.0071924796455218,-0.02127637691969756,0.046456519668679225,-0.9980078785658271,-0.032674881692430116,-0.05443476682529726,-1.2337724787491646,-0.05285339173086775,-0.07326249674812461,-1.1408956866658329,-0.04753996906305919,-0.05426417818603402,-1.0180974660194595,-0.03260258895131804,0.19303112659387753,-0.9682733499063606,-0.0660373852642554,0.15468674237637753,-1.3600123761653748,-0.07346308834230367,0.0975959580122726,-1.581302541634494,-0.058040402100258126,0.048362672139809194,-1.735461659919445,-0.037913586876059384
Pinky,0.0,0.0,0.0,-0.31670063089473216,-0.24267575282104928,0.05723372124479463,-0.4295476679335019,-0.5788916941287163,0.06029330611100569,-0.3679389874630109,-0.874389353023787,0.04380261655420822,-0.22955454053247276,-1.0498486349301124,0.035581279356127704,-0.36945003883016875,-0.8871014856516936,0.012612046385398746,-0.48259229779720814,-1.2183483332311187,-0.029467666203913924,-0.46197739266593557,-1.09794889174234,-0.0428134314488379,-0.40946045417160015,-0.9645632508919229,-0.034431966958393546,-0.1821381432110921,-0.9825774932879313,-0.036975214287695526,-0.30388367308939646,-1.306791783725822,-0.05501550698821384,-0.30054376703938307,-1.2014182351304707,-0.04911182608779409,-0.26313044895099036,-1.0772652916535232,-0.038080981747136006,-0.013943174790956876,-1.0176480518553694,-0.08116964502580247,-0.15316479694803742,-1.3147252193763272,-0.09288151875579088,-0.1622187448126029,-1.2171857483267976,-0.06784714640942173,-0.13474765506054992,-1.10018516219416,-0.04365761507637975,0.13014295361575173,-1.019343319804177,-0.11976849338225484,0.0425965784489786,-1.4469437590449377,-0.11716165047779988,-0.039936966407586545,-1.6697588250748105,-0.09149161950341961,-0.11168278824274344,-1.8216010658160104,-0.06692892331504142
Pinky,0.0,0.0,0.0,-0.37590536048660306,-0.16786705124084353,0.03629581200167565,-0.5526122989792356,-0.5355069407228829,0.02622991277455583,-0.5180713060967389,-0.8999115227962051,0.0057818222595162625,-0.3730898387544942,-1.1035195105254247,-0.0030458223244019486,-0.46293123807210096,-0.8096228363917798,-0.07606978144211994,-0.6653756048127002,-1.2788845877576014,-0.13888536171130936,-0.6291484641475851,-1.1422586196212696,-0.14188779898321519,-0.5518316221554321,-0.9918440670788689,-0.12047556746264092,-0.25624672466103954,-0.960238720012702,-0.11081162704724128,-0.4817349381325805,-1.3890887057578996,-0.14818635161683874,-0.4686455641087484,-1.2606122356981686,-0.12540362234380883,-0.4144766072012578,-1.1297319867176867,-0.09932670734810305,-0.07898353122981121,-1.0502757425689755,-0.13823281940606882,-0.32441441826016926,-1.4307587906192838,-0.16559814952540644,-0.32490633027676324,-1.3138393990295851,-0.12959065529425673,-0.28026842813804825,-1.185990013012105,-0.09425145668203824,0.0623187144313576,-1.1080292229054023,-0.1595671356695316,-0.10824684782456744,-1.5923085603769795,-0.1739923388048819,-0.23581369576922528,-1.8423397068831966,-0.16039060507679342,-0.3422239163968153,-2.0186849758868353,-0.1441094134922303
Pinky,0.0,0.0,0.0,-0.41688814301267013,-0.05644857727890462,-0.0068941015847950515,-0.682574363238518,-0.4138744857641728,-0.0398519816421319,-0.6985509357584214,-0.8227692101723182,-0.07315123576249195,-0.5771293730007985,-1.0893759233329459,-0.09093402945307348,-0.5822550593971195,-0.7161312966013998,-0.17832372624578482,-0.8553465592818221,-1.2877773836299484,-0.2855085812937732,-0.7815550961304549,-1.126949124392274,-0.30067141711381695,-0.6767714847825833,-0.9674036738738346,-0.2812000473806933,-0.3552514589304747,-0.913430273799302,-0.19859893210866278,-0.6630548084190141,-1.4473156211235825,-0.28860395725839505,-0.6107279199683268,-1.2810742641934953,-0.2669643106551671,-0.5295317320061669,-1.1338375630814195,-0.22961856262323585,-0.16139614622908335,-1.043184267327303,-0.21357185384050115,-0.4879566893000033,-1.520077563695996,-0.27779119960007004,-0.4633253192857272,-1.3841028911214097,-0.23571925577642375,-0.3954074777181937,-1.2400349272911473,-0.1857541994744526,-0.0156650253331169,-1.1396523707706863,-0.22454326336654085,-0.25810810539569484,-1.6651855902183894,-0.2744696536941946,-0.43382793176812384,-1.9324542371169269,-0.2800588636292716,-0.5745937173576736,-2.124854460775847,-0.27180073048218945
Pinky,0.0,0.0,0.0,-0.43328890715745544,-0.055789306216981555,-0.028088543555147737,-0.721105872657499,-0.45650141014546264,-0.07365863619514906,-0.7924062340607615,-0.9495839556063504,-0.11105597514551664,-0.7007826600716245,-1.2872085438610814,-0.12635381299956394,-0.5870689073442258,-0.6916203835901045,-0.22050251540388627,-0.8985310141635893,-1.2923716130244145,-0.32121063460328075,-0.8267947777332688,-1.13498997964686,-0.32378771872829715,-0.7239792493055498,-0.9777599315200526,-0.298002110053794,-0.3664274042444747,-0.9024290747397301,-0.2266113908943036,-0.6967340931433188,-1.4808508796752582,-0.3183804813296645,-0.6376924471514198,-1.3249500346012615,-0.2926881973824894,-0.5543798986627415,-1.147529478414144,-0.25285590233747074,-0.17780868995192967,-1.0532817533493584,-0.22450106526825006,-0.5141901173157506,-1.553916588883035,-0.2887549714556971,-0.486780429119791,-1.4280549775735556,-0.24455217626022982,-0.42810614809500414,-1.2670013128727533,-0.19601628835108062,-0.049196966157373324,-1.1685000301491149,-0.21907073269685018,-0.31463272002670745,-1.6637980938477843,-0.26791538789388597,-0.503241724232016,-1.9378574840816614,-0.2785343291809855,-0.6664143457475264,-2.140363780919483,-0.27872168666283587
Pinky,0.0,0.0,0.0,-0.13127949173212974,-0.25934944667665977,0.07007877019035347,-0.2801188970533952,-0.4978900452940643,0.07544026222541257,-0.41953034532515987,-0.6068525823290887,0.04420488262518122,-0.541003479010564,-0.6283302747660052,0.005177998402127522,-0.16708557156638523,-0.9757756882324168,0.13409531578898323,-0.46775723174265704,-0.9232888128643216,0.05804073456894027,-0.5372620735089473,-0.691054134013019,-0.024622643259584593,-0.49589908798905313,-0.47232644668977664,-0.06683862725928155,-0.22948875200219146,-0.9711524159999794,0.06479118460006485,-0.5635279587097795,-0.8953870076137437,-0.006774695854852156,-0.5924078343345401,-0.6012553627357553,-0.06429638871936061,-0.5155603640167729,-0.3564235039550469,-0.08182150006786928,-0.29944666711745915,-0.9114360658895047,-0.008924284485526821,-0.6002919519643705,-0.7922562438168216,-0.07361581603369331,-0.5922639869820843,-0.4960351474275226,-0.08706739025469176,-0.49621885057508575,-0.27269609879911627,-0.07445886488073765,-0.35565341669556144,-0.8131044895585966,-0.07978194703854365,-0.5697807374157384,-0.7101872062274213,-0.13679982790076228,-0.5683289786261433,-0.4712562956855184,-0.12564606052224922,-0.49585648351842126,-0.2757613301216726,-0.09318612808076966
Pinky,0.0,0.0,0.0,0.2501020848880125,-0.353478789721714,0.11415859607399154,0.2751804760756902,-0.7728060833508473,0.1449391754290925,0.18401845229679856,-1.0953379655805078,0.15955070239147415,0.023620500959669947,-1.192975728954243,0.17994013276848578,0.12134118299497902,-0.9942806735588554,-0.03639095973871373,0.12350261150475345,-1.5123652479785732,-0.04875242299249363,0.13866032761743313,-1.3680040891495295,-0.024124809999535965,0.14100376143450635,-1.1748410250169765,0.004744165974553648,-0.10069466723426777,-0.9906133128110248,-0.09244375842720151,-0.08370073006444911,-1.453881029880691,-0.054508366098293674,-0.05428885718192344,-1.271056467727836,0.015232839836059487,-0.0438484969020748,-1.1218446826823172,0.051247915936693395,-0.3107366448779657,-0.9322783021097353,-0.13456972984639853,-0.27848244038171016,-1.3511073908558184,-0.09494014570505238,-0.22282253814378963,-1.2195332597205266,-0.026692325580875743,-0.2101985761187596,-1.0621991413799954,0.0005531809365876226,-0.48253441086869836,-0.871169327270554,-0.16342413929682092,-0.6421262727103031,-1.3690286774022928,-0.1579404643223372,-0.7270359060468359,-1.6321374435973075,-0.1452636965062143,-0.790495243839155,-1.8263784503303218,-0.14380094144726116
Pinky,0.0,0.0,0.0,0.2508343313273628,-0.38703655383398644,0.12784013694847363,0.25590027254421643,-0.8010452357107323,0.16002886601249883,0.1507428063470621,-1.1117362711474565,0.17873280149292167,-0.025665779224289354,-1.1963957602149637,0.19775866590611194,0.1691676548797631,-1.0128743040799757,-0.08645914946098573,0.1436902392299212,-1.5413310224595056,-0.10198064536726391,0.12277917219899796,-1.3820813647556538,-0.07442964940926626,0.11250771100149157,-1.1933862342802972,-0.04962174388107909,-0.06122087196267376,-0.9872405963515755,-0.14699663176928776,-0.07003962990976542,-1.4574593177417257,-0.11570644099721976,-0.07336151414594388,-1.2466644421871043,-0.039314166960759164,-0.0684907121716833,-1.0949791404009903,-0.004042958396078578,-0.27865432131074047,-0.9117831421925954,-0.18722995634684494,-0.27738862650114404,-1.331773383908269,-0.15813729826207107,-0.25571597437065635,-1.1808284367948634,-0.09799774529756948,-0.24944577106872637,-1.0257882758542627,-0.08060749188478668,-0.45997391115401637,-0.8429026032469358,-0.20961494293906377,-0.6180881927322719,-1.3386375874509624,-0.2228874887180055,-0.7142132415801435,-1.591252112655777,-0.22501815403028783,-0.790676656603139,-1.7965568901676308,-0.23682702844600415
Pinky,0.0,0.0,0.0,-0.09961489365333333,-0.3268179454020757,0.11334732084241483,-0.16782918380215966,-0.6813026712721643,0.1411124532580443,-0.22022634018773207,-0.9402704262857232,0.1351993956293754,-0.25867327432829756,-1.081971851299025,0.12328380585676371,-0.13208979150556713,-0.9744201830353815,0.07284893712170631,-0.3661715279567749,-1.3514538871381854,0.0506438124770176,-0.4695390497990579,-1.579729832850961,0.04036983499253555,-0.5232225586345155,-1.7664511929524844,0.034251786823161406,-0.09830213396808501,-0.9949862179581027,-0.018415116908442934,-0.30722777785890965,-1.2218435749893644,-0.08101535791694224,-0.30510639661807254,-1.1217117396983165,-0.09405214863930005,-0.26499820730739093,-0.9909671167577616,-0.0873946432881395,-0.11738576272383126,-0.964078949623334,-0.10148424122092702,-0.3026133135340182,-1.2097534623989503,-0.16114545039661946,-0.2981252838511684,-1.1316462616748093,-0.14085982980509548,-0.24291255602241027,-1.026919367375766,-0.11150444917466579,-0.17615306447631568,-0.9372063867643482,-0.17495404633719547,-0.31688722446703665,-1.2889701671179687,-0.21834751078597328,-0.3769840905090914,-1.4639703157049084,-0.20841774011129768,-0.4094193775082805,-1.5733912961445593,-0.19024919958212363
Pinky,0.0,0.0,0.0,-0.29868828932814256,-0.18521874930011603,0.09494387614101618,-0.48641279542240223,-0.375339840212011,0.08740109439046366,-0.6061096436215454,-0.5250804697685443,0.020544040594844975,-0.6178702381131185,-0.7097717278043884,-0.03336878274653471,-0.26159442433223645,-0.9122237068184738,0.23651573421641986,-0.4975843811073851,-0.9391025405902319,0.16200125726436168,-0.5140894510669292,-0.6829556245969096,0.08846914398147368,-0.4544316447041182,-0.5185634226375516,0.05821658204956457,-0.19744601066904938,-0.9731950426764168,0.11792574689576867,-0.4343464270705072,-1.0501501956282893,0.07648394006184323,-0.47617246402592056,-1.024570681665832,0.0316849974753075,-0.47106668130236257,-1.0639614903897032,0.003309984035827775,-0.15126487829521154,-0.9711609781363297,-0.02109780384950852,-0.46017027831372126,-0.9289848977006834,-0.07515530713614481,-0.4643569369683901,-0.6918713360117569,-0.07404446061406607,-0.3862802585689588,-0.5408806006797774,-0.059881985164330596,-0.1378984160158563,-0.9483700283738281,-0.16137803993131614,-0.35442041004679514,-1.0165756539195385,-0.1650975118420699,-0.42802623607493273,-0.9644345980726036,-0.12973009118300022,-0.44848090554015596,-0.9212981508213871,-0.10087480058375907
Pinky,0.0,0.0,0.0,-0.33012372872724455,-0.07488488266418306,-0.034587509345679064,-0.6212983327648678,-0.2922043889974341,-0.08153448241245051,-0.7680808912380406,-0.5356891532631703,-0.1539744173404616,-0.676259575489871,-0.7452121908845629,-0.2080868660408788,-0.5454185449540288,-0.8110632019416308,0.06912126001512789,-0.6892867704673497,-0.9410424104274379,-0.05704014011249319,-0.6653664852708393,-0.6462282639814507,-0.13939730257039673,-0.612048538504889,-0.436977621091363,-0.16590561021284306,-0.4157478567202941,-0.9091211528526549,0.025543082592778096,-0.5758140183212208,-0.9380751348940473,-0.15905739749277006,-0.5420495287155507,-0.5993776159046355,-0.25858172792960554,-0.48142446871158756,-0.36213052489143105,-0.2697688051452285,-0.27022969147398584,-0.9919744118792456,-0.03589344237978399,-0.42519322707546264,-1.0382632458227448,-0.20441637558401257,-0.4634671782390144,-0.7242635411980874,-0.2452745601661784,-0.44920091942279566,-0.4810079871330834,-0.20888457307722424,-0.12796489927611246,-1.0539529332043795,-0.0981179585181187,-0.1445676903378376,-1.456730897497378,-0.1715773688778337,-0.1767571902852164,-1.7265569797048574,-0.1853318105548158,-0.21865781154513433,-1.9539015256690415,-0.1668959607410402
Pinky,0.0,0.0,0.0,-0.3217718207073494,-0.1392590579752688,-0.03151453821732242,-0.5185884006741519,-0.44630050961381035,-0.07005613537399177,-0.4944610356912851,-0.7424159961899267,-0.13017672230015184,-0.33931692608843544,-0.9215597581217618,-0.1737097062855371,-0.4743572515465445,-0.8548844799296886,0.02282860208656387,-0.567614885983968,-1.1509700404383938,-0.10036675670289451,-0.5480364939945517,-0.9346665326600372,-0.17657042494875386,-0.4996519439054004,-0.7163423830905662,-0.20237964282313894,-0.3046212336234021,-0.9524042607567134,-0.011490348916159,-0.38383890601201054,-1.1804758784240799,-0.15987013824622623,-0.38978323458524494,-0.9087088303851565,-0.23578435213715862,-0.3727757446827919,-0.6794747325217338,-0.25085036207294326,-0.11862440225441048,-1.0135925312648635,-0.06269191895840595,-0.19021050595926492,-1.181640466089672,-0.19950382940937061,-0.2507741224969455,-0.8783743353779163,-0.22293042125646453,-0.2714559855354101,-0.6077183452783709,-0.19385067409590342,0.07276502216329142,-1.047478955428074,-0.11742499052026903,0.1204342970919251,-1.4564393198030814,-0.19318664996016444,0.13040178500937868,-1.724203018711424,-0.22100516880522325,0.12398243280273043,-1.9540621920392234,-0.22194409917024852
Pinky,0.0,0.0,0.0,-0.28481532834730733,-0.11910803591605922,-0.0457079189275162,-0.47676528655403067,-0.4058869800402337,-0.10033053878317781,-0.4736855044340031,-0.6354780466980214,-0.16730354794452426,-0.2962354298994781,-0.7415008172623455,-0.21477613441543705,-0.2974843027491514,-0.9317432116653489,-0.060587228719152744,-0.5017196162725017,-0.967525144176622,-0.17591485571491508,-0.4562657105189179,-0.6439066535847051,-0.23089832300854032,-0.37274706337231706,-0.4900511718388482,-0.2525611000234579,-0.14919294968715616,-0.9845317674884423,-0.0918621933644609,-0.3858978560032017,-0.93821113957199,-0.24522968501920042,-0.34714351800580157,-0.5746819472329756,-0.2884429065704935,-0.28218873068728023,-0.39075660279974794,-0.28664379730325584,0.0013289005631443745,-0.9775645841216144,-0.1338374632792723,-0.20839877367166576,-0.9693922127578796,-0.2753013602608613,-0.23897449961207873,-0.6194974667768057,-0.2708207948866616,-0.22309891017734346,-0.3911457283790112,-0.22731866594774575,0.14830640414572144,-0.9394958046329634,-0.17889134518412642,0.17881605215758029,-1.2763948575654533,-0.2724036136565104,0.215904859255813,-1.528530428597303,-0.29837836555291386,0.24185623149624538,-1.7651151097933402,-0.29608897182203964
Pinky,0.0,0.0,0.0,-0.36347821961490845,-0.15661116232028194,0.04577295096519993,-0.5856539103130767,-0.3984228636093823,0.026795555298392053,-0.7433927245159667,-0.5912167835278374,-0.03143264077718031,-0.8177426243274599,-0.7738225728578811,-0.08365232535791307,-0.4793792643180778,-0.8471665380860727,0.04326368912653448,-0.7109656654348926,-0.8711869890283714,-0.04742455362680418,-0.7638742122612222,-0.5803753058876642,-0.09423247890124833,-0.752012403367937,-0.3584875485857052,-0.11584709907955114,-0.3814243229277259,-0.9234709821425601,-0.04143465964360583,-0.6560842513292645,-0.7141643437091433,-0.22635093042989238,-0.6665804706516196,-0.3558511257069611,-0.3357975227008802,-0.6406659414775305,-0.10315763610221831,-0.37861452750534497,-0.22554555846434685,-0.9815780355586293,-0.12867037647824608,-0.49521717165537843,-0.8670250426649846,-0.3252337044698242,-0.598973185706446,-0.5242450461153871,-0.4044961406570947,-0.6455663061233773,-0.27338857157845875,-0.4125079201263184,-0.050508229332476964,-1.024905729504916,-0.20459142740176978,-0.014149047089717502,-1.3960207280601897,-0.3531064097760643,-0.01927792614910117,-1.6977746655297434,-0.4314136596411151,-0.05762594288676709,-1.970764318475636,-0.46529020161446943
Pinky,0.0,0.0,0.0,-0.26804180307446546,0.019303403374059534,-0.0886875124736275,-0.4987415622377871,-0.10678020457981766,-0.16802439882092784,-0.5260082798770103,-0.3408393914656662,-0.25285624453840777,-0.40203293852872074,-0.5526788873511752,-0.31544155310703503,-0.6678002974615059,-0.708432380610355,-0.07599392285695954,-0.7640770172778334,-0.7186608740774643,-0.21452194036615588,-0.604329349361111,-0.4850113158037158,-0.3031110271560214,-0.479273755465031,-0.3395237700233387,-0.3425527380345416,-0.5037073728092092,-0.8585192790266901,-0.09603921135211578,-0.5814218844302531,-0.8888842319384725,-0.23705484053928197,-0.44837459007067326,-0.5786096795312056,-0.28712190956407924,-0.3673954685146001,-0.37646525313573975,-0.29558782216905316,-0.3137195329775569,-0.9463410513927829,-0.1348418816367141,-0.37195086196841265,-0.9857505567494061,-0.27758670956605386,-0.27660457865310195,-0.6512176323474109,-0.2741295071603693,-0.1872318159501449,-0.40857674575070185,-0.23025775056322376,-0.11544627438017717,-0.9997871375738546,-0.18208527547138265,-0.15594490297157113,-1.3788601755553465,-0.276599204978799,-0.19454855569765284,-1.6458376933185854,-0.2985716502203672,-0.23284291713769745,-1.8781605910728756,-0.29370048495086265
Pinky,0.0,0.0,0.0,-0.22855749142260431,0.10381523230297182,-0.11146452223613766,-0.40132510565233126,0.06917297206179462,-0.21136579411041476,-0.39710423039796716,-0.1280091238183853,-0.3005399045420937,-0.3222182662876918,-0.34660141411214485,-0.3682555403566316,-0.7680409560268718,-0.5339363329414131,-0.18488358022646545,-0.7813774679411359,-0.44931160681818577,-0.2892417102321686,-0.634810990120378,-0.3061782718661537,-0.34738742113285076,-0.5156958683659866,-0.17651179754454538,-0.37375708130265617,-0.6209871327657285,-0.7602827007092889,-0.19064416052318364,-0.5426872438666739,-0.567964032408645,-0.28452372382831564,-0.3906839294505813,-0.32138938214390694,-0.33057295897868105,-0.2835688274854701,-0.14758608051879563,-0.3568694546647766,-0.4244488425637604,-0.8906740308723623,-0.20362832356407842,-0.31451348736648205,-0.6947628349747396,-0.3184360103697811,-0.20140902900757066,-0.41364117929986416,-0.33091243487186867,-0.1020193862888291,-0.21658065866456397,-0.3137522822823547,-0.21245169596646638,-0.9685611488369111,-0.2238818820139139,-0.27814556888140196,-1.3098324702542945,-0.3284434860522041,-0.3432961132534988,-1.569436560938497,-0.3523659744114148,-0.39201039475124505,-1.7839636006470256,-0.34847535768309007
Pinky,0.0,0.0,0.0,-0.3340870386836153,-0.02239745231648785,-0.029688201772196866,-0.6158649186087211,-0.20572456476756437,-0.06529057303675216,-0.7338303345795275,-0.4461895631611955,-0.12573076093601374,-0.6875884865513532,-0.6873880079260439,-0.16505611178403462,-0.6488562131722004,-0.7229791211243687,0.06413596996806525,-0.80354689967493,-1.0080513525140153,-0.05708588062347111,-0.7721200279959275,-0.776154721902335,-0.12991273520843472,-0.7023795729414894,-0.5683751280812324,-0.15474363845534989,-0.5127859025759559,-0.8582598316312504,0.020992368319464605,-0.6805431652299825,-1.1114712314674537,-0.13150389575969312,-0.6666874815657976,-0.8348801818236898,-0.20407423344881326,-0.604794262333967,-0.6112603137207834,-0.21300429090051928,-0.3499455382949926,-0.9645061143980163,-0.045078836469815774,-0.5050401375071903,-1.1909119950433036,-0.18906718306043616,-0.5407470061771311,-0.9069298353927462,-0.2182658850549514,-0.5199430387571429,-0.6603810249568687,-0.19235617775581176,-0.17479568790474773,-1.0430040866007904,-0.1150997445581775,-0.19531642385163325,-1.483395532075217,-0.19927858585366479,-0.23207740617799102,-1.7482755760267772,-0.23687945724887602,-0.26716806167775525,-1.965118084410692,-0.2440815256403883
Pinky,0.0,0.0,0.0,-0.29648410339351283,-0.11499007338154565,-0.02251413552677776,-0.562588539780405,-0.31946259386223413,-0.060142850998293015,-0.7418613157137292,-0.49384831045011907,-0.12578838000403328,-0.7351324727858406,-0.7028669675745213,-0.1804293780420353,-0.35915130292257746,-0.8883869893152347,0.07945066117944029,-0.5613399917362004,-1.0159641691424244,-0.04552818766566978,-0.6557800857005229,-0.7514477016393402,-0.14867802594159182,-0.642471584815545,-0.5118856745370043,-0.1968737044604503,-0.2554036687666543,-0.966226000002144,0.034296980922377984,-0.4830198845494994,-1.170973361251184,-0.09388756915584137,-0.6047413039624705,-0.8943433744916366,-0.17853964438245723,-0.6055422970942778,-0.6422888582573515,-0.20307447076403895,-0.14150344666507397,-0.9904415242388003,-0.029809366251928187,-0.32891931902463384,-1.2392470120821921,-0.14483784271726885,-0.4608984567318119,-0.9960725059554054,-0.17146064855855092,-0.4703501756871378,-0.7356526177008079,-0.14746430232534433,-0.030260018657556877,-0.9529595512565859,-0.0983358266290638,-0.12947252982532864,-1.2226464294254862,-0.16531347995944612,-0.255833201333586,-1.2496844532103484,-0.17398599842813284,-0.3271601378589021,-1.1940139286876204,-0.15298699352518447
Pinky,0.0,0.0,0.0,-0.27556113206333266,-0.1254958820784714,-0.05307882021942042,-0.4909583938517975,-0.32688131427616507,-0.10263669379650417,-0.6390152882848162,-0.48537332914954656,-0.18273221042056595,-0.6339188916583821,-0.6331407354103412,-0.2430097186001283,-0.4046828911273563,-0.9234025484690614,0.08020445282884599,-0.5550120419416628,-1.149263528316289,-0.07084749338340801,-0.619596000253436,-0.8573114454963503,-0.16417511549831412,-0.5965523403743139,-0.6289398957811688,-0.1893111834688851,-0.29957058870420755,-0.9530893849312329,0.04333689784489338,-0.4832425557224481,-1.1057961517735637,-0.13601663673309786,-0.5258284232208099,-0.7360786154098863,-0.21040037486548518,-0.46633785125984983,-0.4968168919229603,-0.20122392591917315,-0.18118798791827248,-0.9660230341370654,-0.02263708463212157,-0.3709176329112685,-1.117109770982669,-0.19710494383696683,-0.438469722985395,-0.7975805531983099,-0.21651689432152083,-0.39336224794180197,-0.5370657821141819,-0.15590852235846384,-0.05312183217202963,-0.9762228513663829,-0.0938148537504997,-0.1546649511338225,-1.2997773093686864,-0.159644870187901,-0.2531962893367569,-1.3880029689829632,-0.14599947893991697,-0.2987803913536825,-1.4183821688379756,-0.09890146698116546
Pinky,0.0,0.0,0.0,-0.2787713758833104,-0.2631641978417663,0.018064334375744867,-0.40064622978050213,-0.5457603357196047,-0.016805977304299106,-0.4520102714870616,-0.762963100195023,-0.07984529557139998,-0.45468838554061985,-0.9367411086072236,-0.13619209831629675,-0.05247303440877879,-1.0021064701856952,0.005801227465346768,-0.1717538097242574,-1.38411037191831,-0.09051869021555753,-0.20556683649134538,-1.5040801921818965,-0.1449516195299472,-0.19442318187239838,-1.5877659754379632,-0.1654251488168628,-0.008817754810772661,-0.9983629884016405,-0.05651186238165443,-0.306620180200533,-1.1579146639298845,-0.21478799539787105,-0.4194830333602279,-0.8985582373041856,-0.2720404468156077,-0.4100430486896179,-0.6827445837704706,-0.27216256803579253,-0.018644853704144964,-0.975653664963606,-0.12422784936904996,-0.2891660586193093,-1.1537950889685553,-0.26328155701602163,-0.4074186622328131,-0.9361119905939563,-0.2632326511266691,-0.4036154831190323,-0.738252997790707,-0.21875267300894452,-0.07393422444530938,-0.9501417815000456,-0.18991663845169632,-0.11933404370200343,-1.3536856278234066,-0.25738535508127686,-0.16707537591464633,-1.5903214803604686,-0.25856245440053466,-0.18121445885515722,-1.7817958437495123,-0.23858845974048576
Pinky,0.0,0.0,0.0,-0.28707068495417515,-0.3048086103451254,0.04687859848142908,-0.3649691553705172,-0.6796949356086721,0.057116224136338344,-0.27148108387942965,-0.9708000053455368,0.05697159520789281,-0.11916855409024239,-1.0941393349915443,0.06645524410240715,-0.248137735211446,-0.9603379509212652,0.005759611271078121,-0.2787359194532459,-1.2916806736791226,-0.0017499366756998395,-0.2678646927097478,-1.1564020621810553,0.009604180525042121,-0.24538566119203756,-1.0049641975983077,0.031224170969783888,-0.028007268474159814,-0.9993192481395249,-0.024013188261270274,-0.06942595702021709,-1.2842874116490506,0.0005293826023871319,-0.0790728899710708,-1.1612035602421622,0.020760418817547577,-0.07571299488209814,-1.0291705062944447,0.033172677608199794,0.15073199144000224,-0.9830263185260092,-0.045574222087344976,0.07630436084595549,-1.2241124472011322,-0.030799607303931085,0.052144194301903826,-1.1181383432838274,-0.008104597885217175,0.05053549566872561,-0.9947677998290565,0.007901550221682306,0.28175348048740956,-0.942451081377628,-0.060191360342867255,0.2675964914507522,-1.3427096528787894,-0.03861591504615334,0.23418126096804145,-1.5703721473829335,-0.006170539826248464,0.19466661475656105,-1.7397606662489655,0.0194442727732826
Thumbs up,0.0,0.0,0.0,0.10190343635550302,-0.48751671653083706,-0.04579076229389081,0.04768178379494659,-1.0336702868782401,-0.05834730728601854,0.08702448557909327,-1.4155680823399026,-0.08829513099620984,0.18285527344776328,-1.674894171688675,-0.09469576528342388,-0.252373478958478,-1.0517482890302714,0.07075586922189826,-0.308850223761852,-1.2971428296243583,-0.021674993056284564,-0.17706676455829654,-0.9893939252712574,-0.056981448697155504,-0.17773954555790497,-0.9135717901474144,-0.07571070746420332,-0.4094854618574068,-0.9115400806386631,0.0376342651939142,-0.45731731510470436,-1.1839758809045497,-0.05992566300427326,-0.28500700285128555,-0.8459554769808667,-0.05533031764857928,-0.3077659162748251,-0.776457321235041,-0.028226918261955492,-0.5458433052988177,-0.7107556593539534,-0.020647062875328026,-0.6028786081987962,-0.9858189914346865,-0.12727655095311907,-0.4095877359106284,-0.7035689325170764,-0.05050639674565887,-0.41793350117639133,-0.607771155877466,0.02623188384171858,-0.678654163060776,-0.48471663522421865,-0.08546824705250024,-0.706713910284361,-0.7224080156433789,-0.12594974763544606,-0.5529089234548501,-0.5628689985784935,-0.04175881026850561,-0.5425745860532789,-0.46133698918063104,0.032780902527653
Thumbs up,0.0,0.0,0.0,0.07382362444834384,-0.5234008129788312,-0.019292237718804676,-0.02741040851286951,-1.0630764406105142,-0.020203383546936893,-0.015620153832495142,-1.4328143467250938,-0.044365272068277666,0.0606692708038356,-1.7028374186796948,-0.04832507182181312,-0.32391472606733634,-1.037245342343682,0.09107838864738144,-0.3702364413052616,-1.2907966474713348,-0.004073756609745335,-0.2211030241282031,-1.0147021144331756,-0.04838887611987984,-0.2276383486134617,-0.9049689796841485,-0.07144304490000321,-0.47001856745805637,-0.8815858328145257,0.043462232172261105,-0.5062140687282091,-1.1711014255662824,-0.05325745436462417,-0.3135092913610789,-0.8683736244688767,-0.06310034442361807,-0.3447391359418203,-0.7616554992516454,-0.046770261990271525,-0.5890203535834769,-0.6634407841510365,-0.026559893153037625,-0.6356990446369523,-0.9468795816978532,-0.13409066567214015,-0.4216192119419263,-0.7081214364300045,-0.07026532603525618,-0.43620659781150223,-0.5876076320513629,-0.00154543216055725,-0.6971534570764836,-0.41660595847710824,-0.10001014352986466,-0.7247577403857294,-0.6754856405481336,-0.14782836190833798,-0.5520561233588032,-0.5627054915390199,-0.069682130901249,-0.5380747757416038,-0.4508982042065376,0.0023152714223332576
Thumbs up,0.0,0.0,0.0,0.054063141746913235,-0.4556411397130585,-0.02784596580461886,-0.05018844284390974,-0.9301886068689326,-0.04863807902774363,-0.05092746229194259,-1.2436207106567567,-0.0790937606719512,0.000942613054543954,-1.4963217708877417,-0.08567242660159596,-0.471615888179464,-0.9590009037306247,0.032984804827940854,-0.28853911056948317,-1.1303577858142575,-0.062313312683430155,-0.1751960999431779,-0.8787113573607351,-0.1210237900140731,-0.2512387343684508,-0.7753027009880731,-0.1663863568747673,-0.5949893897914497,-0.803649013479012,-0.011657151015973134,-0.36113670463229836,-0.9680019375839631,-0.10672515125687275,-0.21753731867554543,-0.7220378827189731,-0.1314171802674589,-0.3071639550675291,-0.6570815537582917,-0.14179097146826775,-0.6505893675921596,-0.5942148892999584,-0.07166867121897148,-0.4450507240701351,-0.76117516322705,-0.1622618334104132,-0.28624078374012996,-0.5712434480209128,-0.11781281894009704,-0.3585908552854856,-0.49604120745355373,-0.08128885456057551,-0.6579293817395969,-0.39150999844880885,-0.13862914586341527,-0.5079278638841561,-0.5354275310952384,-0.18806550674418562,-0.37851025099771257,-0.4269329205788442,-0.14225840253632865,-0.4250090032366517,-0.345173783180379,-0.10068379609918345
Thumbs up,0.0,0.0,0.0,0.07850116682279704,-0.44236995729122586,-0.046218328331025946,0.0013612352592748084,-0.9295423707284832,-0.08443724400020056,-0.02505666939327499,-1.2644909498154973,-0.13166283629134598,0.0017284082566981238,-1.5267774278023225,-0.1615572899432117,-0.4894592816724005,-0.9791026748763975,-0.013772659222895608,-0.25794393099680374,-1.1131138184974438,-0.12862200989547257,-0.14454575344320994,-0.9065305294104675,-0.2055104616453699,-0.2006278410749087,-0.8045824440191331,-0.25833351702664337,-0.6006806728856935,-0.797746165837365,-0.052761578003068396,-0.28767549319616625,-0.9196066484168929,-0.1565090221887494,-0.1648218234095949,-0.7174269851455339,-0.18901690359190684,-0.24858539483654904,-0.6404865660782284,-0.20605968979559094,-0.6437627712792601,-0.5774003647525933,-0.10758837216727452,-0.3521313303072327,-0.6956213193748212,-0.2076045334299476,-0.2189474635016391,-0.5418223863702358,-0.1861321760355898,-0.28896934923522755,-0.4775300094972978,-0.16414203777317227,-0.6419937604794722,-0.35383191182103746,-0.17151847634971387,-0.4093613148360237,-0.4636624909225463,-0.22848607569433574,-0.29237278740533773,-0.3798882438269349,-0.20467069342253336,-0.3320727989661086,-0.32145663403584246,-0.17801310031989606
Thumbs up,0.0,0.0,0.0,0.14214521189977322,-0.4696884129499885,-0.05191955246176047,0.10155884815030054,-0.9974174636535851,-0.08944164923335207,0.08286923192734669,-1.3620032729007945,-0.13369214167704538,0.09120658370027476,-1.6699945717585856,-0.1628209781928991,-0.3691682485671807,-1.0943957312594466,-0.05640524251527157,0.026757073788580672,-1.0917495784115534,-0.1888339725185218,0.06736462757912244,-0.8309485010146672,-0.28120126859998995,-0.045895398425050575,-0.7648738636550151,-0.3507715656952204,-0.4658515284960539,-0.8791963657534952,-0.09998051732080798,0.03166479882671819,-0.8931301188993069,-0.22062521455083,0.04848820441516459,-0.6646628136432418,-0.26151116644673367,-0.06581645343820484,-0.6291088987701292,-0.29393090695592716,-0.4834965128698113,-0.6245292476134563,-0.15926309594637444,-0.012614580150482996,-0.6715990204198633,-0.26676473990736427,0.014336363926124696,-0.49523021929550043,-0.25475093924363995,-0.0892922307794787,-0.46748687920944,-0.24923302466761107,-0.4491284967863559,-0.3589693330985761,-0.22982698988509045,-0.07298073197264919,-0.41997100027526235,-0.3040354430968753,-0.04277265553065561,-0.3079463164899077,-0.3079104556839178,-0.12963602432197605,-0.2723351513303979,-0.3075540819449726
Thumbs up,0.0,0.0,0.0,0.13680611992014277,-0.5015997614860328,-0.061765099919666985,0.1976264923461742,-1.0451346690321675,-0.10927295545205837,0.22450373567747176,-1.4575914519789261,-0.1563549985671741,0.2179346524841131,-1.798613333547544,-0.1865064100780557,-0.11988417955725876,-1.2135215825755576,-0.11994068321210927,0.36637170932328855,-1.2035242252135145,-0.24545626148432284,0.3131241182852421,-1.005412518619063,-0.31902715224201483,0.14369313432934117,-0.985449578325719,-0.37673451827027166,-0.15073546963234488,-0.9755254890627993,-0.1600900945827145,0.39414424396785613,-0.9944970671169817,-0.269526303950189,0.2932591180019511,-0.8099881812317504,-0.2888674933972714,0.1451476556236767,-0.7920797382485242,-0.31811662789283013,-0.12659157497855475,-0.7062663462342171,-0.21303346880995486,0.38184940835472425,-0.7326581884088211,-0.3088984917176393,0.2710872940467647,-0.5731236312702523,-0.29029512324323603,0.1374242260522897,-0.5560013250852753,-0.28718087857720453,-0.07034073951010693,-0.4341628311289453,-0.2765037820327951,0.3144324771981628,-0.4915639009902666,-0.3461685906195143,0.21490617541753393,-0.3961015489015855,-0.35516250678600336,0.07185787512384655,-0.36048577639089063,-0.3655615069707612
Thumbs up,0.0,0.0,0.0,0.08926416144934211,-0.5434695377283164,-0.040349236115801816,0.24856538497017902,-1.110993658177373,-0.09799326534367975,0.3628231189308482,-1.5805625927441955,-0.1542148252577246,0.31802260908560465,-1.926103472658488,-0.19244229152164674,0.14259759529007313,-1.200032633880813,-0.187060139996395,0.6106405436169549,-1.261656625587246,-0.3288823937655814,0.5618337318727753,-1.0831585728887374,-0.39043802186114446,0.4243558909799947,-1.0395023993271648,-0.4239800369587585,0.1729643328609747,-0.9562262152463723,-0.2360397526552602,0.6962452832991047,-1.0267750073235409,-0.3337228135284818,0.6078753199252245,-0.8702314399443905,-0.3188988011059282,0.45472467383469195,-0.8128006890758166,-0.3215000697353891,0.23891839489119635,-0.6868279785903745,-0.2906187898935947,0.7199846877869339,-0.7657980221677876,-0.3656053620524409,0.6028476032987367,-0.6416591131335329,-0.3073623011583739,0.45188520634117924,-0.5959106142490016,-0.278799785121765,0.33011309971526054,-0.41436508869496186,-0.35059594465381083,0.6894479871326131,-0.48701970496814045,-0.38080844226047234,0.5747863096223014,-0.3863471550349945,-0.3368938215252708,0.42099242177803425,-0.3484864976368,-0.3145852975808843
Thumbs up,0.0,0.0,0.0,0.09583780432751715,-0.5905313317960814,-0.02337981083167864,0.31448126929076575,-1.2110779831383447,-0.08382844688787561,0.45639227947257105,-1.7249064175671915,-0.14432710036399948,0.4268304081935734,-2.1103299380289964,-0.18429225777523073,0.35694072938407373,-1.1639700332041032,-0.20923459550945647,0.8311877982825119,-1.3427440651397355,-0.3523069364350432,0.7667333995302605,-1.1421843422711444,-0.4026601321060988,0.6233813481144597,-1.0364987581938092,-0.4221522204775668,0.41439166304745373,-0.8705385690655628,-0.2654093995435127,0.934612709338194,-1.0390951189911173,-0.35177736609713905,0.8251609007757866,-0.8695129737090549,-0.32112621027149346,0.6624571880288402,-0.7831635685078036,-0.31355792880118755,0.49703794649714167,-0.5618770607994097,-0.32111058120227404,0.9929642058043265,-0.7271508610865898,-0.38092936283664486,0.8612516764377509,-0.6079702061791561,-0.2927423837502642,0.689785128708564,-0.5438902013402137,-0.24834060861750826,0.5893551343767011,-0.25599864112191406,-0.3786796858768253,0.9710260361472759,-0.3992704652705773,-0.38613700975252274,0.8442160496342364,-0.30587982717341033,-0.30691997280766364,0.6784156112923079,-0.25845800565019167,-0.26143339952148786
Thumbs up,0.0,0.0,0.0,0.059931060160777073,-0.5853966862034082,-0.024107054372190552,0.3150173431321364,-1.2267859472264415,-0.07430849614211574,0.4779056287661676,-1.7487179836159943,-0.11641776485910578,0.44983211125288924,-2.1243941994050006,-0.13953314565811573,0.4456989260716077,-1.1151027198039776,-0.1549118399463778,0.8846330949250643,-1.2707461219131972,-0.232252852339205,0.8015377525010984,-1.1447580797924528,-0.24667907326000527,0.6695787486593153,-1.044401434340438,-0.24244844443280536,0.581647652054577,-0.7931721577013963,-0.1804548062721219,1.0092984777981011,-1.0356256952048537,-0.2232719785517772,0.9008574151075465,-0.9299129296322087,-0.19307105598976892,0.7513539311916727,-0.8258907285250766,-0.1698295904860411,0.713282989281511,-0.4758958965267841,-0.20056017346840113,1.0992283094753863,-0.7511549824461747,-0.22791314223924974,0.9820375009526794,-0.6762987674032904,-0.15442591825776242,0.839660681018124,-0.5856366243889335,-0.10613854587252303,0.8305855190218531,-0.1885434261857034,-0.217715878701258,1.098526990153945,-0.4741073573021817,-0.2114439164009951,0.9741280386410851,-0.41036327947643325,-0.13289384049516983,0.8607347517755343,-0.3066410011012077,-0.07614309381333413
Thumbs up,0.0,0.0,0.0,0.09513070120046738,-0.6250689217417251,-0.037464332068536076,0.3336360196580402,-1.242448130942105,-0.08852830743998,0.467262522160469,-1.7708554034190287,-0.13268508184116884,0.4229305359600021,-2.150089977800586,-0.15839638371107959,0.564060667476693,-1.0351677849211207,-0.11613434023020366,0.9367838843306224,-1.1869858443496084,-0.17832818373443204,0.8127556902090334,-1.107711129971599,-0.19522581746747952,0.6595298684452207,-1.0245586749969526,-0.196508077816709,0.7125743741192055,-0.690086453907251,-0.12656400547682606,1.0439079689863229,-0.9232650335320496,-0.14699573370668356,0.9235027924285051,-0.8648943109987184,-0.1305070579986419,0.7814038782294399,-0.7622184838964625,-0.12565975991532358,0.8336487206117236,-0.3633436153394231,-0.1338508197784314,1.1035721416742463,-0.623174680171501,-0.12944936856097605,1.0016683132720074,-0.5745554652201285,-0.07519730182880982,0.8708382834101066,-0.4783474108642622,-0.05040226722091529,0.929096259682989,-0.07897405768347954,-0.14175146667553387,1.1235005651819865,-0.337655215053666,-0.11099563416903283,1.0291355990003999,-0.2957449245724207,-0.042515403684646035,0.9351782940660841,-0.1983446829069947,0.001331691247446733
Thumbs up,0.0,0.0,0.0,0.07968533121551638,-0.5360821166650475,-0.020044825257996318,0.27698899947106453,-0.9927833618153953,-0.056215688014841024,0.37975187484024936,-1.4085283037829128,-0.0929312922531671,0.35726675330058416,-1.7380069491911305,-0.12188559512866395,0.6499427360670853,-0.9122205685540411,-0.01998774232690721,0.6998799739637163,-0.9222882030504548,-0.03756372037306005,0.5975263859838322,-0.8129880057376724,-0.07058007660043515,0.5021569949542314,-0.7362198912714072,-0.10064839553742912,0.7651408481877311,-0.6429838063484885,-0.03363491055687121,0.7926324315429509,-0.6742596274939682,-0.013376485833567032,0.6890789632881064,-0.6049037911759794,-0.027640305518662336,0.5807393384196013,-0.5322423327290968,-0.05573822086400617,0.8097606911449968,-0.34754555134440007,-0.043671013218701024,0.8070297419218968,-0.3815067989319249,-0.02180489480736419,0.7122053713443751,-0.33330903243982235,-0.011070160041314068,0.6031486582642073,-0.27726881840048445,-0.02211496654827646,0.8107651158095565,-0.07283185564569357,-0.05597437681635641,0.7877247416330796,-0.10541864935751533,-0.03196264006967406,0.6893817524281504,-0.06955129192838959,0.0019379789275631317,0.599297180402848,-0.022096924980119163,0.022319625249401894
Thumbs up,0.0,0.0,0.0,0.04721517871678002,-0.5234044411969604,0.0012287307986092297,0.20820181288880815,-0.9767552993748212,-0.025637088253916092,0.2806647474123231,-1.3640637001370968,-0.06049622523768328,0.23612694614482757,-1.6650838035053401,-0.08772112270023572,0.6544689223808833,-0.8900911069152506,0.009156492088759684,0.7235842087358403,-0.8401402931897407,0.0006323835852659128,0.6303387647728386,-0.7242822701636831,-0.028591829197488376,0.5228640663081113,-0.6650880609108956,-0.05724917042789838,0.7675256419831469,-0.640679584502956,-0.020834080240741043,0.8179104024765402,-0.5880979170328777,0.019930529241486476,0.7199726517644235,-0.5152883191520973,0.011890569499037686,0.6078208799760192,-0.47500867200873287,-0.018756522134596287,0.8149370025167167,-0.3561965995903001,-0.04798235222240295,0.8603758403131618,-0.3213783413235709,-0.005074008009249827,0.7717975885330125,-0.2608077714967471,0.015022532498790712,0.6590405968690971,-0.2339071890299856,0.0022617425358338605,0.8126742212678674,-0.07735574608853063,-0.07866665252695482,0.8606755682515101,-0.060827067774064214,-0.037167212000563776,0.7700375103236182,-0.02252488393823687,0.008546186095433226,0.6640470415535965,-0.008615531370710012,0.03209122223566316
Thumbs up,0.0,0.0,0.0,0.003366225175560169,-0.521747754811679,-0.023435069718189868,0.1388116336714694,-1.0106879605017591,-0.04559128349945824,0.17279720918317962,-1.3794835733739292,-0.07804637316959427,0.11140227664287183,-1.6534990277259007,-0.1047106518459632,0.5553345580066331,-0.9777013163119564,0.04860926907993177,0.6681709288818143,-0.9048187688330465,0.006201461823808159,0.6143547661532244,-0.7850906673120445,-0.06511837066467031,0.5344223508938029,-0.7404617005289782,-0.12064655244899669,0.6584552119584208,-0.7524298237250382,0.01691431978824739,0.7541030289260665,-0.6612167054887904,0.01633188422871689,0.6831863356106969,-0.5859826778696967,-0.02551084139595487,0.5866064621817175,-0.5613479607115816,-0.06963413849343075,0.7009224631629323,-0.49067018783826255,-0.02339889793251481,0.7736434440271222,-0.4174164944095002,-0.02517224275961106,0.6938005763018026,-0.3614409024223752,-0.025418379399223735,0.5904989220151279,-0.3432475108662149,-0.037985027238858556,0.6976012022810913,-0.2274930335393199,-0.07056250350056589,0.7335509172163271,-0.18426710514162978,-0.0598243430736048,0.6429181432117274,-0.14699589723505116,-0.026935638522246907,0.5432624072496802,-0.13359348928001355,-0.007422414404888206
Thumbs up,0.0,0.0,0.0,-0.15490071318484208,-0.36891646728325245,0.0005273126221089065,-0.1392014538047604,-0.7017576509188476,-0.03529429831223155,-0.05700981973017787,-0.8854831489173378,-0.0777369495422159,0.012089540772904382,-0.9657009763532227,-0.12728564627466038,0.16268841874852005,-1.021828128391547,-0.08667231724042661,0.03372256507176207,-1.2979802632537825,-0.18697174311880316,-0.02726433665189361,-1.5390570596857056,-0.2807160223506003,-0.07935965063645121,-1.6973695732088996,-0.3481307628806642,0.36694445266107345,-0.921180914418423,-0.12952795672171907,0.376775455281779,-0.9445416417540988,-0.19179094843040279,0.3544075050973738,-0.8221090820780415,-0.22131094854133004,0.30541257880283534,-0.732882986716407,-0.2445904875730688,0.4987492587290904,-0.7258586801896266,-0.17074724867496135,0.5081342483496263,-0.6857549434082932,-0.2172923514985061,0.4588828645799902,-0.586972621292129,-0.20060943682901547,0.4043908280583598,-0.5249334076461979,-0.19527425520566813,0.5797049987447205,-0.49244932510169287,-0.21609202398962293,0.5911157634829916,-0.39575291021310827,-0.26134591668876445,0.5319282454568955,-0.31774085599859847,-0.24221519456686352,0.46754268484935724,-0.2671120088650453,-0.21985075374814042
Thumbs up,0.0,0.0,0.0,-0.22279599745474896,-0.3506169489973687,-0.040510979202173225,-0.287654172252444,-0.7024125041610549,-0.08250243747115833,-0.23677307636922404,-0.9333462546594722,-0.12303237843259744,-0.17096006607513017,-1.0369769919982923,-0.16434550917893187,0.06709781681078349,-1.054161611791093,-0.09600333088808256,-0.08675238097101061,-1.1252287574148767,-0.1718463020346048,-0.16449611764245328,-1.1083020181995173,-0.25014486901032684,-0.19866311692529598,-1.1189738228836157,-0.31040247003089316,0.2790739580679311,-0.9521449262465402,-0.12465057300818615,0.1934796205530292,-0.9113291560533797,-0.17323496535748842,0.13543592791851064,-0.8047920610622326,-0.21680536761698732,0.10222739284563298,-0.7140040667770784,-0.2509322544952831,0.425994280595142,-0.751502225113737,-0.15240970260259032,0.3770129372209719,-0.6915520063715116,-0.22379159376932636,0.3364521446343997,-0.5966582436432664,-0.24184167686731725,0.31654260286758423,-0.5148080127860194,-0.24957162298469876,0.5179545912764322,-0.5078186266289497,-0.18244382392807412,0.5240416373266947,-0.4127332678244066,-0.2579643838742352,0.49799327986273817,-0.3322421111548385,-0.2603280674127299,0.4785936933090994,-0.27008079627957915,-0.24505457009815318
Thumbs up,0.0,0.0,0.0,0.3444188428295571,-0.2176199454152393,-0.07100323251381337,0.6165741039634143,-0.601830449887701,-0.09727377958280695,0.8717080722642816,-0.77083268092107,-0.13991776332389164,1.0800197694398532,-0.8249807123993258,-0.1669394331880333,0.452712127895522,-0.9177775350514674,0.04108592423854669,0.49080001666988754,-1.21393631690702,-0.09747102427979058,0.4272992907032197,-0.9078076858799676,-0.1728420599585536,0.39094712053867825,-0.7096348262174764,-0.1957815039191285,0.24858069301072178,-0.9683124568922018,0.024054623042090335,0.2908928273428455,-1.2604507051634086,-0.1086490605186023,0.2414257729263734,-0.8718534485362167,-0.1344022471755744,0.21625021388492063,-0.6937855717042437,-0.11207133486284894,0.039976159873370005,-0.9621367432255056,-0.021063840852738987,0.08054678832369765,-1.2293999076160427,-0.15414995277090487,0.06388708424351455,-0.8614104320082911,-0.10620542109890065,0.04133755773204908,-0.6855069948938236,-0.02996180406300097,-0.17088702976919037,-0.9226430103437164,-0.07420813692279395,-0.11732976301383025,-1.1495725929438967,-0.13872091207555473,-0.10314238152005975,-0.8910370976688021,-0.07393646067416121,-0.11840781603676316,-0.7347210297796825,0.0008585844410350397
Thumbs up,0.0,0.0,0.0,0.3093776820249684,-0.2228874403341544,-0.06586219832696275,0.5395080641594632,-0.6396971472847612,-0.08710961013405746,0.7559934516426962,-0.841877971967959,-0.12098698412404159,0.9584582356888446,-0.905571024122068,-0.13428494175200695,0.3768802292549475,-0.953326307573598,0.03404704292856589,0.4211090978624035,-1.2005423839158509,-0.08403697119823579,0.3752969140454299,-0.8971269693816923,-0.13879539282304015,0.34581261338090946,-0.7711250570764646,-0.1582430789241193,0.18981474607915724,-0.9817261999588626,0.013565783620427017,0.22980576295564176,-1.2212155925829309,-0.10448411953075318,0.20706681585793207,-0.8328690754607232,-0.11132030520319046,0.18907319895021327,-0.7287671993488841,-0.0826011508445465,-0.008277898952147554,-0.9546401690842167,-0.03331605899021967,0.0290071522303363,-1.1909840304369614,-0.15647678080661667,0.04506733994619968,-0.8232395123583073,-0.09205341791863403,0.03104080237382136,-0.6984815706369037,-0.01298932672861977,-0.21205104993919804,-0.9032514365705343,-0.0878286089225272,-0.1711732095104643,-1.0869181987024628,-0.14839898034712115,-0.12780764769687078,-0.8319495042729634,-0.0786226977498928,-0.12975272537652527,-0.7086276232926743,-0.00488206335607234
Thumbs up,0.0,0.0,0.0,0.2469355780483449,-0.1765003318783641,-0.0730314013667505,0.4447298288422565,-0.5424501083022689,-0.09822713381013601,0.603316621020461,-0.7416671976857683,-0.1234427388196468,0.7546397116924943,-0.8259068197659817,-0.127433514582756,0.3085379328879242,-0.9570003810221317,0.002945434143356205,0.3758019260991252,-0.9499417198243932,-0.09416725096616994,0.3204950887730895,-0.6862309100925426,-0.15240987107567308,0.26925748437981306,-0.6664876085095194,-0.18831859979265406,0.13766060859843363,-0.9904304946428892,-0.00984845783615656,0.21159342640646653,-0.9473389708367307,-0.09527579076096125,0.18403797763719723,-0.6449238312894854,-0.10572914360050847,0.14769681166645934,-0.6515371241361166,-0.09817076629780865,-0.03605422097388195,-0.9349715486097824,-0.044848742140862506,0.028573035589834712,-0.9186559860959971,-0.13778333738885024,0.04729689310312194,-0.6420450950750733,-0.09705230763166567,0.024290776177208977,-0.625094724794781,-0.05375788515752398,-0.19437152629743418,-0.8430113417274329,-0.08889681891671801,-0.13161637689767064,-0.8322229527453188,-0.14136583174522752,-0.09040977527474227,-0.6417271340170686,-0.09913978605256316,-0.09559800083278104,-0.6137187021750927,-0.05392917576618515
Thumbs up,0.0,0.0,0.0,0.2332343170591333,-0.12977217588078796,-0.07180933754839193,0.4178062332842953,-0.4844838292131773,-0.09572172772203281,0.5691726364137335,-0.6986901940267967,-0.11522115678710244,0.7147578191881717,-0.795743056456421,-0.11719760943910279,0.28144412093149584,-0.9554164238728065,-0.014808235808463117,0.3108348634637023,-0.821811117199672,-0.10082198494375506,0.26745622470928504,-0.5821405006776917,-0.15781056551642592,0.22349750664969065,-0.5730421412443264,-0.19534436182573195,0.11180773122971627,-0.9935017740138433,-0.02128981607740386,0.1474871985553129,-0.7869727562060969,-0.08565675528628597,0.13851147159374963,-0.5347555214249927,-0.0965113366433584,0.11499877364216089,-0.5728969915107527,-0.09758378618886958,-0.053454593768081114,-0.9290965162171255,-0.04641307064961059,-0.01385054092540419,-0.7265901206200186,-0.11257885354866724,0.012181665408718314,-0.5129910290354082,-0.08358791149457911,-0.0003675509959945437,-0.5463733892408918,-0.05887625054570344,-0.1953155946552061,-0.8269755377918366,-0.08228269516830755,-0.1558892549708187,-0.6753262832126062,-0.11614479754400202,-0.12259297998918482,-0.5218901973069481,-0.08698097596498061,-0.12994521237701723,-0.5417206301200599,-0.057556809372331943
Thumbs up,0.0,0.0,0.0,0.22655245406875102,-0.10093362558608719,-0.10846627686272953,0.42154592493405296,-0.45141490717727034,-0.16072148666602235,0.58143137625771,-0.6988329011274846,-0.20504074506746364,0.7583989138509064,-0.8387933990098724,-0.23253103980459947,0.2722349922100583,-0.972334707623533,-0.05136735149760695,0.2923003214418911,-0.6796563325549775,-0.17396745695110793,0.2503607372956705,-0.4624980735070432,-0.25366842907387005,0.22187560636676137,-0.5081284426503905,-0.3010629984224917,0.0946278695662138,-0.9942542671940441,-0.05004016854282204,0.11878160079607257,-0.6314030983957711,-0.1476145193031329,0.11454115362636046,-0.4248684379916327,-0.17028576720691516,0.10658572465454685,-0.5095157261356172,-0.1751607906028414,-0.0712398556682553,-0.922118958133172,-0.07199425897043266,-0.05033879281778641,-0.6077842710035486,-0.16213503698430914,-0.02326994721836473,-0.4218467547150528,-0.13202755103886368,-0.01909677059865372,-0.48914030026130484,-0.10146703998325457,-0.21571365830836992,-0.819693711065938,-0.10928642628028916,-0.19927047065529524,-0.5967144901403576,-0.15801512336703843,-0.16273260870903525,-0.44252970310365586,-0.13016178002547224,-0.15216426801702593,-0.4687446245785738,-0.09601905855463402
Thumbs up,0.0,0.0,0.0,0.3521417309619227,-0.0726299030230727,-0.11990652369350024,0.6628130897436779,-0.4232890382683337,-0.18657644538910517,0.9077423148942342,-0.676070015726875,-0.24776389906200363,1.1427187235093117,-0.8279025566347351,-0.2995663233880525,0.4080261270710771,-0.9637986720898869,-0.16580178046823388,0.5134428223296598,-0.3999874012007884,-0.3230081906273256,0.4212680405784688,-0.17702438515635963,-0.4368072211692811,0.35399895618845584,-0.2656248328953349,-0.5192408679803936,0.14176667588033165,-0.9731955720970562,-0.18108723881191788,0.2801225627500247,-0.28828912212641405,-0.29182759113939805,0.2310308570193098,-0.1293029090355205,-0.33014042453998527,0.18371676490100847,-0.265423301780735,-0.3750826592119089,-0.0903441695499493,-0.8569867264284194,-0.21355618167805532,0.03984038124650721,-0.2564872392884409,-0.3109106940729033,0.02657799618119908,-0.11173467295511474,-0.28833559828235744,-0.013518961924527893,-0.2388289283532027,-0.28701467100779715,-0.29979118067266036,-0.6889320681040387,-0.26493888220137785,-0.19344075491133197,-0.2680186404010342,-0.33617555354463813,-0.16888898804035424,-0.1399540331577055,-0.32726621780851284,-0.19565805209544038,-0.21276681543149867,-0.3226237802620052
Thumbs up,0.0,0.0,0.0,0.3851731203757446,-0.06897498014819647,-0.1523888071104045,0.7320148254569704,-0.3738927835390794,-0.24744175953268488,1.0193955836732764,-0.6048366344608551,-0.3281324714272449,1.2859632764260014,-0.8045110329375547,-0.40436253190573646,0.43542810070692006,-0.9380537691812684,-0.29120970963388676,0.5190840736050473,-0.2522652129747352,-0.44803769959045364,0.43909536847730085,-0.08870046431659417,-0.5534146136434516,0.35629016918826084,-0.2041883756510286,-0.6319322119844021,0.10438585762986456,-0.9495446318441313,-0.2957508831142706,0.2435545375739245,-0.11287327269504213,-0.3819745530824353,0.22015419911888665,-0.05345080030543785,-0.4044021917742174,0.16946570357288968,-0.20707341940566582,-0.4559621206387579,-0.1703078068776805,-0.8219464729836576,-0.3098743007875134,-0.02640649552281584,-0.10037665473379329,-0.3883443817967144,-0.02027523565019323,-0.044687290237820816,-0.34436233275563016,-0.06622134569305203,-0.20405019267630423,-0.3383179791362288,-0.4168194601107063,-0.6310632211695201,-0.3474138395790836,-0.277463284836236,-0.1560649354417287,-0.42421102601633975,-0.2507893646152772,-0.07188549292170446,-0.404726142792168,-0.3032468731847552,-0.16095336138285987,-0.3930121552671766
Thumbs up,0.0,0.0,0.0,0.48038281090280976,0.032835742788070894,-0.2770830255427306,0.9802942918836233,-0.1631548585635323,-0.44557874873794323,1.436342254455177,-0.3609661551164785,-0.5801839733711479,1.8614833446360657,-0.5832349493426962,-0.7142168502790559,0.6410785882487958,-0.7984952097394761,-0.5272190262850277,0.7063367988681475,0.2933147587335206,-0.784648663442161,0.6214984968628043,0.31940250231929157,-0.9683381928396902,0.5419942985393876,0.05779907377251038,-1.1030817312689174,0.1809531064031048,-0.8419816385568261,-0.5082547526745114,0.30711814229031364,0.4546306389639808,-0.6548145743930617,0.2803775385423874,0.30898187903093527,-0.6904370664001338,0.22188408666275392,-0.008760667286797098,-0.7703449696035763,-0.21293106559422495,-0.7366586110434853,-0.5041577599605896,-0.07189993911847685,0.41997191558310076,-0.6286470325552652,-0.07430645633230223,0.28792732925071807,-0.5387061655909071,-0.09524978372783492,-0.05287710235164116,-0.5073272170255217,-0.5685562608543787,-0.5500388765001335,-0.5436655126847119,-0.426286452203993,0.23855601740810647,-0.6807638613458434,-0.40672312035541974,0.15972296237857395,-0.6557549653690482,-0.44917883762154925,-0.08973818130870648,-0.6342598111590917
Thumbs up,0.0,0.0,0.0,0.6880852315903656,0.07946139210335623,-0.24414615039910306,1.337612040225067,-0.040069759763129396,-0.4011780082396344,1.8271630540629908,-0.23546244843396152,-0.5313451216567849,2.283217585300122,-0.4714402085830459,-0.6649818123667671,1.0017960951047244,-0.5554612545827734,-0.5268213889759427,0.9673654573805458,0.5147622121090754,-0.8491196108377823,0.9131152635483413,0.5959543351861301,-1.0841605192283204,0.9179932221534218,0.3651646975654466,-1.2544941405549577,0.5217465989335561,-0.6413473545151176,-0.5625424938240017,0.5370508684255809,0.6147530368063772,-0.8025043034625472,0.5527898558573775,0.6025972160635429,-0.9035590270503722,0.560972566291117,0.3171674409905224,-1.0328734695178894,0.08298594513751785,-0.5830357228523477,-0.614463965115778,0.1275925645979293,0.5140857128432506,-0.8541732577675389,0.1929113772842691,0.5664032842241098,-0.8365546647492428,0.2616371086558997,0.3714217052154215,-0.850084650065738,-0.2886523049692507,-0.46438458988641146,-0.6964899081362996,-0.23029060747633856,0.3648651166631319,-0.8938219354064231,-0.1443117025905599,0.4595847828210652,-0.8983039465621468,-0.1037913503561501,0.36194583102264144,-0.9098923545633688
Thumbs up,0.0,0.0,0.0,0.8194483296300065,0.028821603377731046,-0.13040866507569684,1.5190044942540646,-0.006558418500807544,-0.21607318963416475,2.0433386909772766,-0.1512957384489054,-0.30288480673670903,2.5156914220435853,-0.355018301601201,-0.38368812407589653,1.2614459283984778,-0.47358233521338894,-0.24330981538838165,1.2792996216991677,0.5938086188260239,-0.47759938911369715,1.2031901046495432,0.6685574269245178,-0.6623727392769106,1.2025647744629504,0.45105852987750433,-0.8047176448556391,0.8180224655641355,-0.48033780820755734,-0.3164092853231911,0.8698565376383032,0.679775230703825,-0.4847881535530705,0.8583487141409448,0.6780223992023976,-0.5853869057983936,0.8737435964347595,0.45750809166222145,-0.7130332743720941,0.3911909116133179,-0.39161004969899466,-0.4076441252437568,0.473599021279359,0.6027428152911414,-0.5936499350564114,0.5088002638796468,0.6650771903079031,-0.6118230969951534,0.5715700657607705,0.5383489029889309,-0.6476896964759977,0.01891325848978943,-0.253110934699993,-0.5161150008891114,0.10150213387050629,0.5063291369669365,-0.6612706146874054,0.1829841668752085,0.5913700694706836,-0.6678160716905398,0.22287419401308603,0.4968776724567468,-0.6839454388525013
Thumbs up,0.0,0.0,0.0,0.8544126142942382,0.13877960619919122,-0.14012141003892054,1.6314085574726647,0.27728426115546567,-0.25121433359852613,2.2038155584993397,0.2399006537013762,-0.3592049169020353,2.695510947553889,0.07296945678141563,-0.4444126782254414,1.3707075982050714,-0.10026040130394259,-0.3396181234921716,1.349112537123086,1.214334366320071,-0.6248239597599924,1.1535371962942318,1.1357349167805877,-0.8034699200932571,1.1007188998368804,0.7552463237054524,-0.9293475612383622,0.8967062977904742,-0.12347913895652499,-0.42505378217992207,0.9445909277144227,1.3218297272527164,-0.6324267581909332,0.8130898015329759,1.1277987501359255,-0.6796419570839118,0.7780477537023653,0.7640960117873795,-0.7645349327896185,0.4519816104900009,-0.07489899627312728,-0.5316804131037439,0.5421664316319112,1.1956328010104373,-0.7145306158797814,0.48062128034020823,1.0766374823230165,-0.6600854398325461,0.4975132922774503,0.8290902555937779,-0.6509686809519797,0.05812737718781327,-0.0033783210409268367,-0.6587926910800231,0.1499627192524399,0.969853089988919,-0.761959959490801,0.16518346690396457,0.9284769952560264,-0.7150851957906054,0.1775993864916521,0.7085932801181192,-0.7050753029447433
Thumbs up,0.0,0.0,0.0,0.4878523907409967,0.18754540907307332,-0.091284132932815,1.060856996618891,0.5575408072315268,-0.22807725875644513,1.4700806727304627,0.6319384821292655,-0.3478128848366947,1.7930029144505217,0.4973671490638631,-0.4439951763636868,0.8360242796419766,0.6820199329233692,-0.45213008700350044,0.8798691611339211,1.4853244907860899,-0.625558742300985,0.8022112304158071,1.2574556829929513,-0.6740497050298017,0.7734356171629239,0.9504709752946994,-0.6854222681854053,0.49841205686988,0.7127658071194055,-0.49350818206809705,0.5751021925434052,1.589334063845532,-0.6150134974540354,0.527254022963992,1.3643949432133138,-0.5697292898312698,0.47713341801583,1.0386473257809328,-0.5459117955010372,0.17757245748172182,0.7520191915529888,-0.5242080277166143,0.2896944125980604,1.566595363597777,-0.5863885978056098,0.25511770792441585,1.3610498035780332,-0.45232518527878,0.20144483487713752,1.058780332020434,-0.373803061108829,-0.11579885895776294,0.7949686085750174,-0.5588365892278859,0.015763880865257908,1.485852324649198,-0.5493924428813272,0.01331958565999305,1.3211227285853075,-0.42350365556087977,-0.02874423015230212,1.0407000794456136,-0.3507031189568844
Thumbs up,0.0,0.0,0.0,0.46701536878626654,0.18588857433119235,-0.0699933190699107,1.0029607886675889,0.564581809601314,-0.18017708806066918,1.3976569172827469,0.6668166785670979,-0.2799399125370537,1.7065099433451865,0.5351830056583412,-0.36185888162838126,0.8350381500793242,0.7163850323051614,-0.3399924723535598,0.8334377771162038,1.4598345150968992,-0.49080706542603514,0.7737991441075036,1.2744516151351724,-0.5429270676430958,0.7674023912099728,1.0093070856329955,-0.5617876553592887,0.5251854832843034,0.7583041552283799,-0.38620592474845056,0.5828641402777276,1.5577987493657655,-0.4936478250022935,0.5373172079585763,1.3602278147944666,-0.4707527488958164,0.5028145495334972,1.0663423598013226,-0.4589267216611327,0.2188694706929245,0.8079332790946372,-0.4243992185678185,0.3215188588358831,1.5559232382534376,-0.4811237078890356,0.28097263903814235,1.3629184261583471,-0.37037589872335047,0.23355632837189386,1.0854654368384349,-0.30334463537229317,-0.06332135852965197,0.8556935821379089,-0.4656095541185664,0.05971389876380256,1.4544226285429853,-0.45889107496323006,0.049205684303292585,1.2919166154635857,-0.3484314709181243,0.007373535141525605,1.0426124610278356,-0.2810924542573152
Thumbs up,0.0,0.0,0.0,0.43322602861120774,0.13665400950858939,-0.03888391737194111,0.8984430224176525,0.4447349779269908,-0.10778976862126677,1.2485594040246761,0.5411938991751205,-0.17456367491204464,1.4952111269120083,0.418462412276929,-0.22661400886138347,0.7879232082637744,0.731176314691443,-0.16090853436567576,0.7920006843599796,1.2674462080705884,-0.2526871884753659,0.7157959621836016,1.107150645242103,-0.29434890920786166,0.6962691955216929,0.8925457298477741,-0.3134333233318216,0.5182466682301085,0.8309615590038749,-0.20229502793257575,0.5774192424978978,1.3722493523079833,-0.25451815487685625,0.5173806184351019,1.2160668465087934,-0.2479356050396129,0.4687622384451766,0.9858310295361135,-0.24716975016382883,0.25412544846495455,0.9107913358286246,-0.24073316863368965,0.3461760403571032,1.40182550875954,-0.2652859891843945,0.2916173741698157,1.2469229281923424,-0.19600046127253076,0.236775790146499,1.0287777099555442,-0.1554482510165374,0.013560783123981388,0.9632371370238716,-0.28079736106564585,0.1380214045344287,1.357200100149731,-0.2616971640798725,0.09403719398968173,1.220307896061288,-0.1738472379988858,0.02429807095337192,1.047622261643412,-0.11695555751761925
Thumbs up,0.0,0.0,0.0,0.4498595554380758,-0.016442574292025135,-0.027534895557965875,0.9359672414630017,0.0796366826798767,-0.10485063898557205,1.2809703493099927,-0.006288105516909704,-0.1873815932518279,1.5054248269593602,-0.22758136968320616,-0.2566787443422631,0.9470697102676677,0.4864410201000449,-0.12655093591131858,1.0129970540671036,0.980043782606547,-0.22717295845269167,0.8927947584935506,0.8674902300031782,-0.2925193402208529,0.8264459368971039,0.6559785788680652,-0.3309751915292913,0.7272917900871697,0.6624107304673587,-0.1796070049677923,0.8104672221916719,1.1665834592934692,-0.22670170480388238,0.7148372641915374,1.0386159358311258,-0.22618876814499703,0.6508537624713446,0.8200871083938975,-0.23832443932690528,0.48043866664909135,0.8121297323916025,-0.2332764236731163,0.5821065996043068,1.2570438790084897,-0.2564769920732205,0.49941478792080424,1.1153326952164733,-0.18666945568163165,0.43697211126235513,0.9077669706991499,-0.15311471382382924,0.23478783397805686,0.9122339593189195,-0.2891212242345114,0.36529046448596225,1.2657443663888583,-0.27033661729954184,0.30073753872168946,1.1254830038159243,-0.17924415964655316,0.2360299064248927,0.9527712310158813,-0.12356852872839068
Thumbs up,0.0,0.0,0.0,0.4510716281309889,-0.16111845317102613,-0.024420084571739036,0.9504158598356871,-0.22067813902103853,-0.1056397733492364,1.2832111577660599,-0.40266522096413987,-0.19245178773802937,1.4782889103008499,-0.6793576449301323,-0.2673644172585338,1.060934736139345,0.20398975531400676,-0.11474653396159129,1.1812554485479125,0.6350618208397569,-0.21587283834318677,1.043011363668914,0.5806723689187645,-0.2912176350682524,0.9567824398401072,0.41373385375930527,-0.3391994326991115,0.8733578710832337,0.4556956069194504,-0.17201029867794398,1.03477679086911,0.9250607361242901,-0.22535214272696136,0.9101231027715023,0.8495566040300854,-0.2379636899906615,0.7967835731193401,0.6568605028780957,-0.2560266986028034,0.6546560295341481,0.6909770017481417,-0.2286868654057392,0.815531060058323,1.0756951914532797,-0.24625745905103572,0.7072823759557539,0.9808933741481053,-0.17977831688118787,0.6056571011513132,0.7940751675788331,-0.14930359562019818,0.4272782473406975,0.8772831269825689,-0.28862141161688554,0.6063660761821535,1.1543848479908372,-0.26149851636724475,0.5173585590734128,1.0440076615431761,-0.16779890287461555,0.42497493283560944,0.8932959208381882,-0.11063138342454629
Thumbs up,0.0,0.0,0.0,0.40859021952757413,-0.30860725261003724,-0.02576907910472371,0.8888251649251816,-0.49437093346671607,-0.09823231506720653,1.2012231910759805,-0.7667872903228287,-0.1765594264483355,1.3440884948054168,-1.109042917226911,-0.24312716242577975,1.1055750536409255,-0.15620427219518412,-0.10363438430148313,1.273754867497692,0.2705606764401057,-0.190278021188787,1.1253196300043533,0.2892594768343597,-0.2550189854742905,1.0218064789313832,0.1509651370657351,-0.30128180231000384,0.9759756166122306,0.14835398409266604,-0.15957033302656617,1.16885646427345,0.5424035262837043,-0.19192897393242783,1.0261202719347264,0.5268060288264468,-0.19351514089422175,0.8954740071129008,0.3765303623644768,-0.21203662677798715,0.8024877731568365,0.4562701883630028,-0.21628021053220559,0.9801016590392625,0.7707234785256354,-0.22678835916538,0.8506255483695173,0.726901862920201,-0.1611693848318324,0.7271429935623263,0.5799741521131268,-0.13672901436907986,0.6046062914484011,0.7199882240513256,-0.2771312339995084,0.7924502171358906,0.9484806754221926,-0.25761999820702486,0.6761739712135896,0.8693167230400837,-0.17242574186286652,0.5600465583811938,0.7399281767147525,-0.12178657315049683
Thumbs up,0.0,0.0,0.0,0.3594315268315577,-0.3602147864156293,-0.01967324724677189,0.7998450428013444,-0.6301220094554079,-0.08204395528740109,1.091701415684025,-0.9308236748950592,-0.14863758706998845,1.2051566923627768,-1.2677449257250937,-0.20543461062332313,1.0650904861301371,-0.3399351631909943,-0.09126966235397904,1.2549092907726147,-0.042708551044275456,-0.16956029852427063,1.0989912705589295,0.0030589938611362893,-0.2364424818154072,0.9758492639372315,-0.10045618980663854,-0.28493849637081503,0.9901076105908104,-0.006415173030698465,-0.14016335114837372,1.1709592263294712,0.25396398679859855,-0.16397327768885303,1.0240340839191446,0.2613900935818576,-0.17529918608933298,0.881038083878947,0.15214779642797716,-0.2000956010018652,0.8658433516518702,0.33489862776904444,-0.18764177361512646,1.0153313395694357,0.5277789447922212,-0.1882661303555244,0.8894658058923838,0.5067588768160844,-0.13738488888505346,0.7544278239671364,0.3964734088592378,-0.12329018304007595,0.7155295411696196,0.6375093310373977,-0.23828411776430614,0.8573229481185175,0.7368563648285213,-0.2167423699422027,0.7438817751493181,0.6870642256615455,-0.1420158954351296,0.6289448534116937,0.6035027687869623,-0.09507634958073419
Thumbs up,0.0,0.0,0.0,0.31090180560268316,-0.38292787035660547,-0.00908366821397156,0.6971916027032468,-0.6999310295284272,-0.06153373062703164,0.9324799593460447,-1.0424514642499536,-0.12296459623858907,1.0015826714505194,-1.3829029114412084,-0.17593896405854148,0.9939543775544977,-0.49548335509873376,-0.04597826707873609,1.1042168412462148,-0.2699304889889478,-0.12795221219451558,0.9530504608557194,-0.2142928084863331,-0.21137343105636056,0.8344501055717759,-0.2913589154724619,-0.27320376056749807,0.9779516442250403,-0.18427801255509887,-0.09824558843165919,1.0860456817795596,0.02874938626027668,-0.12181303516958009,0.9431471825062471,0.05252209570135242,-0.14476202390703904,0.815080461701832,-0.029349340432853692,-0.1783127938098079,0.9018224909862746,0.15223789664412882,-0.15201671105615439,0.9680417208135299,0.29751841333443335,-0.1574339643881138,0.8324838791794497,0.29911655075458116,-0.1205712836994053,0.7060727281170825,0.21427999300954545,-0.11534991137029033,0.7843432525976055,0.46791584058665076,-0.21087727631267233,0.8374508257292378,0.5465212287291619,-0.1991956132352704,0.7069078700210772,0.5167836268143715,-0.14135908467081498,0.5955323584379889,0.44543322247553097,-0.10589019832822075
Thumbs up,0.0,0.0,0.0,0.25916542136473575,-0.4408451248223552,-0.0007912734400652658,0.5956357408100227,-0.836455811510002,-0.056029684229371934,0.7913071153854446,-1.230929986624701,-0.12511784824177616,0.8154925042258482,-1.5868123954398328,-0.1845192956056615,0.8884842598129552,-0.6905528830845832,-0.02915083274930473,1.0968302197857789,-0.5218175206895398,-0.11630062451988987,0.959245740419686,-0.39817213711124266,-0.19754486432470236,0.8114778618537035,-0.422566598876112,-0.25183219386965644,0.9199166911044647,-0.38254006656140976,-0.08611840048796209,1.118306505056166,-0.21845049617770324,-0.11114690629906399,0.9847801532650737,-0.13147861639106623,-0.13462515387988896,0.8361317607610357,-0.1790563418977541,-0.16643930909194923,0.9013661983810375,-0.03603228130886857,-0.14593236611361557,1.0494055523659795,0.0915478989301145,-0.14423318795399587,0.9237726247701407,0.14790717862258893,-0.10914047569977332,0.7802866874503555,0.09258957836576062,-0.1069068303090768,0.8404225464552714,0.3053290179017116,-0.21045824981914374,0.9525959438902913,0.39487217527643165,-0.19190315061236307,0.8267389569441436,0.4056039302547085,-0.13330492039586347,0.7005785562944528,0.3513142514032442,-0.0988836952200643
Thumbs up,0.0,0.0,0.0,0.19585416514451162,-0.4546160771489487,-0.004123063349716451,0.46044362357469737,-0.8552565442234937,-0.0607157264969568,0.6004093869059169,-1.2460054754676373,-0.12780436280919438,0.5840182863927105,-1.577876228245748,-0.18799004878043754,0.8299940634739595,-0.7503318318731378,-0.02751114256197361,0.9398571513076751,-0.6075511691049188,-0.09531858819276966,0.8154771754459706,-0.49656858987426444,-0.1721116249660871,0.6896462038219524,-0.4901422564693855,-0.2294728821936606,0.884068085297248,-0.4608705365135218,-0.07760134749214397,0.9725471779495692,-0.3269302981732958,-0.0808474191792825,0.851424954394846,-0.25485685988436824,-0.10436604402734419,0.7210765138754216,-0.26553245551691795,-0.14135346311476518,0.8765289598867863,-0.13447249343278625,-0.1281725983202799,0.9131046335151662,-0.04467292764284595,-0.11421477738861874,0.8000420087752182,0.009284894392440011,-0.08719407458588961,0.6747472194731758,-0.009070513869047685,-0.09263183627296907,0.829956639287764,0.18721287434923864,-0.18374078655276682,0.8425616596308445,0.23937063923121318,-0.16365751285516608,0.7257201161391168,0.26129428193700893,-0.11187703632561374,0.6145989288114415,0.23850156646289214,-0.08060267481963652
Thumbs up,0.0,0.0,0.0,0.1687272336648211,-0.4714083365846887,-0.02682115726211125,0.41267304416203454,-0.9107674722140473,-0.08817963937227859,0.5308623890572463,-1.3279754336070402,-0.15610226035797772,0.4820190696569913,-1.6606044062705834,-0.2152316979043692,0.7218534888483433,-0.8561552128214188,-0.04745632798760866,0.9067394356532021,-0.7990697855473282,-0.14232841262161608,0.8028864083973498,-0.643965697499562,-0.2340051277395518,0.6726185418472015,-0.5922336006651795,-0.2940413682854104,0.8144287122372791,-0.5737921782510074,-0.08641995638445779,0.9526255242812436,-0.48963834528803735,-0.11434550584316597,0.8503066434357617,-0.37929342696920904,-0.15143724685948332,0.7209417090117959,-0.36701792734141264,-0.18990744077762892,0.853951201602635,-0.24577076717720792,-0.1292872367955342,0.9089928077824425,-0.17327495679236024,-0.13020435727304194,0.8131520807654228,-0.10109626697374789,-0.11460006669417341,0.6910273674337136,-0.10463209143692676,-0.12261479714292525,0.8514216877762176,0.08457759172255024,-0.1795651367602445,0.8475710710916363,0.1273842114746531,-0.16768493187644667,0.7362885283086159,0.17056709175174586,-0.1278242358719628,0.6289939745553155,0.16802127951149842,-0.1029141258062896
Thumbs up,0.0,0.0,0.0,0.1361073803056141,-0.4962298254801831,-0.037537414761964046,0.3289401831831004,-0.9633048307435501,-0.11131803077019783,0.41533120714957517,-1.3915597426673112,-0.1912316475909327,0.35279417086521286,-1.7202564784208478,-0.2633069252124899,0.6739220801911823,-0.9139137143796852,-0.06459188262918085,0.8554414539584159,-0.8521632376794437,-0.16159869384778003,0.7610750535952807,-0.681620471801778,-0.2569950559853598,0.6321031681181293,-0.6166569233279977,-0.3202610472217236,0.7673899689312297,-0.6327413429954298,-0.10368716626500263,0.907378031553101,-0.5636698302642137,-0.1352208542117653,0.8110172442199223,-0.445120824380447,-0.1790822425668589,0.6837789264151353,-0.4186547833064046,-0.22377850601426968,0.8125218410194859,-0.3095469051915479,-0.14629885831766046,0.8900843368440697,-0.2666181237666681,-0.15363670826612538,0.805605907301928,-0.1866973968453981,-0.13831004586675444,0.6872342392385077,-0.16952627031695985,-0.14508245055590616,0.8216181854614915,0.010236373287088598,-0.19556084681114907,0.8531693583744694,0.014799866530665501,-0.18704035265363014,0.7570346466027388,0.06657816710474242,-0.13850603733367964,0.6521223159137338,0.08627641789210128,-0.10565333902910519
Thumbs up,0.0,0.0,0.0,0.09774756290528018,-0.4638926993230186,-0.032938431303834566,0.25073220456336975,-0.8867171526379151,-0.10008701548231523,0.31547392720251916,-1.2755545654383145,-0.17305747291706783,0.25488973890394184,-1.5817833763309064,-0.2376910221593933,0.624840541642696,-0.9145202621806509,-0.05054963743454143,0.7424202630322176,-0.7992661027429102,-0.13920011315081043,0.6396834374783393,-0.6524576416596752,-0.23093137509742206,0.5112936839235072,-0.5936976753529825,-0.295424282315883,0.7381982896773657,-0.6687587193133036,-0.08845937180334408,0.7925015563228944,-0.5465726048823661,-0.11800640369001507,0.6917069802337915,-0.43881330069314756,-0.16244394099332665,0.5733575337114961,-0.40458666219428313,-0.20811381908476478,0.7970678687403079,-0.3782561280637872,-0.12969199542585697,0.7899817915686271,-0.2762941207606499,-0.1397641759656718,0.6950341149058072,-0.19403450815354767,-0.13220555986259908,0.5847641249986976,-0.1738613322054191,-0.14515771869290653,0.8159181626564482,-0.08206075956647196,-0.17843407549106402,0.7536257868796726,0.007819486158949689,-0.186267761484346,0.6506810292487879,0.06946702891310239,-0.1589558195055668,0.5590199637541582,0.0824048771891217,-0.13856968756243696
Thumbs up,0.0,0.0,0.0,0.0690585515379454,-0.48198052326859236,-0.029377506638905582,0.19198225897796503,-0.9400582726675674,-0.09459781956403832,0.21953358691378358,-1.33555033723221,-0.16715081369659382,0.12266246250345135,-1.6222206869301767,-0.2333575029759312,0.5898901565100367,-0.9298153320404994,-0.04104863093593689,0.7264982742423874,-0.8344104107018652,-0.117970657909153,0.6324318918557519,-0.6831718938258644,-0.2033481856053496,0.5119274308622977,-0.6199674590067505,-0.26473283780555906,0.7069203784385191,-0.7029436752446772,-0.07831837576103491,0.7824042355374443,-0.5897363223836255,-0.09686698671124253,0.6856075249722844,-0.4837264040641949,-0.13769163538015314,0.568752983436686,-0.45288857841590346,-0.1821597676764645,0.7733849133981181,-0.4241657444404913,-0.1188539454155863,0.7877957120506632,-0.33680844151370387,-0.11814313105393169,0.7008050167831192,-0.25168218855043145,-0.11448156309852317,0.5893738108993457,-0.22328295239714485,-0.13023979708306618,0.8039362343642323,-0.13763648521349345,-0.16683350236521108,0.782389671359796,-0.07185282555895735,-0.16059181353610708,0.6880923102182678,-0.003945526751063204,-0.12971470443208818,0.5923430826174142,0.02570668381053777,-0.1087407738870183
Thumbs up,0.0,0.0,0.0,0.053491694862332524,-0.4880725088970419,-0.022907884012727548,0.1775989377986787,-0.9402401991508603,-0.07691493718171259,0.20511616599642138,-1.3277135020306963,-0.13823739111806677,0.09669766434537246,-1.5937485372649018,-0.19362672103526404,0.5564596236453904,-0.9517262824947876,-0.026659688296982943,0.6656120016317417,-0.8997959392583431,-0.09631284105054178,0.5830454017315517,-0.7532428886551915,-0.17852840433769487,0.47315914740989784,-0.6736189275038889,-0.23599606879401075,0.6817940288661289,-0.7289495283999234,-0.061558811294739724,0.7302886635684651,-0.6599880662516048,-0.07103490165776134,0.6437561051634754,-0.5598903604105113,-0.1106420804777637,0.5372039623574932,-0.5145240492205456,-0.15338531742357464,0.7518466862252301,-0.45571926262171825,-0.0984772493402534,0.7411217158641011,-0.41502727893531105,-0.0873331980331944,0.6639066848690904,-0.33216431837070287,-0.08220910106942687,0.5675181348564079,-0.2901571937052145,-0.09707850022971022,0.7826379323830587,-0.18249677874279763,-0.14246783962684684,0.7325503861299584,-0.15915799813309536,-0.12170251689823972,0.6484386468940564,-0.09349779059235838,-0.08453017412320639,0.5691722207821029,-0.05484120589658686,-0.06067770034415508
Thumbs up,0.0,0.0,0.0,0.056570123725498404,-0.4924694698922164,-0.014258422501594824,0.17192993775978713,-0.9571689622398203,-0.06450514988016147,0.17863321314443406,-1.3462750358055315,-0.12463537739761617,0.050708642059029585,-1.5946065400333747,-0.17995608411978317,0.520737065821149,-0.9708626829638898,-0.011580698288787468,0.6490673180441582,-0.9113175642292904,-0.07472166302729828,0.5627783185884282,-0.7507634141854734,-0.15427036574786826,0.4518749965015717,-0.6740727490092142,-0.2112511934063557,0.6573909606139234,-0.7518915206346816,-0.0499626470552691,0.7344041562244642,-0.6652154846578137,-0.053941936607353504,0.6406680254788438,-0.5484114629181273,-0.09335099680198465,0.524144744515841,-0.5171056517288557,-0.13756817810625638,0.748712506374128,-0.481194834578227,-0.08963096050792956,0.7656493188337345,-0.42117159929951986,-0.07410653132216544,0.679315529437297,-0.32626921564801226,-0.06486341582933772,0.5679640936374287,-0.2933196779265549,-0.07727944456059205,0.8012691085227325,-0.2109974813535838,-0.13557199867341913,0.8002875873340217,-0.1904219683998464,-0.10701904769310976,0.7094229418302213,-0.10985408022224345,-0.0598195447955364,0.6123288513671536,-0.07042435959593128,-0.03054840439439772
Thumbs up,0.0,0.0,0.0,0.033261816623213133,-0.46135112588931615,-0.015485248346165043,0.13132657443353377,-0.9255630960082353,-0.06106578404505311,0.12320404666199802,-1.3082457344179215,-0.11527451366833553,-0.008381909371870411,-1.5462920410698402,-0.16515959197723382,0.46730261558016073,-0.9864650506134279,-0.0013616652745582355,0.5760142938510773,-0.8873929504514584,-0.05948304566950428,0.492296618539331,-0.7487890016377045,-0.13619224875370467,0.3838926163482529,-0.6939321072773948,-0.19301194898190766,0.6006044342253976,-0.798607574423786,-0.038733133900410666,0.6697768184456061,-0.6885730298684628,-0.047106818118740595,0.5811399479424079,-0.5795647430025941,-0.0888489881342188,0.47469730530017545,-0.5461115595043474,-0.13207666615518246,0.6974700803550398,-0.5498012577384334,-0.07778389910688857,0.7212116464790798,-0.477452505355864,-0.07392842126822487,0.6401378926931655,-0.3793511242319197,-0.07264903259205892,0.537076064843193,-0.3397786277265529,-0.08571458837761431,0.7599931196555748,-0.2932895568482584,-0.12246851718797495,0.755607980916635,-0.25181586766642766,-0.10799207088310489,0.6674421828155961,-0.16511158125137076,-0.07214419178430899,0.5782062595395534,-0.12213673866496531,-0.047420446115877236
Thumbs up,0.0,0.0,0.0,0.014954715165872235,-0.4544695278192114,-0.01837583065165917,0.08870900531370833,-0.9057675175950349,-0.06870607798393716,0.05936797997602727,-1.2831813538756243,-0.12730628769557445,-0.08268209186242047,-1.5115337112344114,-0.18107254542939616,0.4459677264311386,-0.9953103184196077,-0.011637326866861432,0.5707627622522945,-0.8811284759182092,-0.07338732168943755,0.49304076251066714,-0.7505927519363703,-0.1494457633540224,0.38267411096764214,-0.6917990430557687,-0.20555721002920876,0.5782865429477351,-0.8143564646262735,-0.04907364635885777,0.6577463246480809,-0.7087913181879044,-0.05961142740571508,0.5750171016954053,-0.6034802346223266,-0.09936263344316534,0.46744635542922885,-0.5593865711967339,-0.1416207381256961,0.6716475689210413,-0.5745401269708497,-0.08839911124022302,0.6948631707604207,-0.49075116246518546,-0.08496040009319764,0.6203114953860372,-0.3938152534099994,-0.08219157496531007,0.5209023166289248,-0.3520769308210167,-0.09559858755604363,0.7291333394772253,-0.32210398477107444,-0.1337151425008581,0.7205874411892571,-0.25197858629352204,-0.12015367697835246,0.6387652388747952,-0.16944496747937296,-0.08688385553824413,0.5532320194709784,-0.1303051255144965,-0.064997197470294
Thumbs up,0.0,0.0,0.0,0.0028472169584523237,-0.4703904085272386,-0.027920915526159436,0.06960411580966311,-0.9413690319391408,-0.0839560914382576,0.03216037429107322,-1.3325081032901425,-0.14637901695893454,-0.13290486373059132,-1.5501009926695213,-0.20399215531229364,0.42257469197298264,-1.0168003910144474,-0.02600829450415259,0.5546775198393498,-0.938050041365902,-0.08769226083159856,0.47578441568022567,-0.7866792911979607,-0.16234344915435653,0.3711043356333868,-0.7139859594917378,-0.21700519238910307,0.5677709469743661,-0.821094109363646,-0.058656758691156094,0.6555005346192299,-0.7407840268331891,-0.06835770724063912,0.5639921998568975,-0.6282553493767205,-0.10466759671402961,0.45145772105602217,-0.5775685889137704,-0.1440187891949068,0.6695557417805259,-0.5683075713319845,-0.09329109558537296,0.6940274700148965,-0.5046589499375268,-0.08528250149981283,0.6117045281661915,-0.4065921953234372,-0.07657132316842881,0.5074199754933656,-0.35874270665709945,-0.08652086839033893,0.7325742957342432,-0.307940333687759,-0.13455230301557428,0.7335095553289495,-0.26768687675848857,-0.11101233802995059,0.6453848546918162,-0.1871712608833377,-0.06842766005868581,0.555488879292799,-0.14306861194023177,-0.042025401741338606
Thumbs up,0.0,0.0,0.0,-0.013320532424908908,-0.4540304240545112,-0.021857425858966974,0.044671421155058885,-0.9131649936144008,-0.06851264328966988,0.003950754752118079,-1.2910739474926989,-0.1225943071997222,-0.15373865639880283,-1.5040107177363171,-0.17212449804746605,0.39582391311973886,-1.0199981262393778,-0.0040108046753503206,0.5008176513408233,-0.956037225707729,-0.05795525562333244,0.4294595477361864,-0.828721404200569,-0.12796237274862884,0.3397625891431839,-0.7608366169098812,-0.18081997849286846,0.5370689527367445,-0.84273296594388,-0.03685224711856179,0.6167281064333483,-0.794833326426126,-0.04401147092955921,0.534858818687343,-0.6911217133711847,-0.07740248781180505,0.4365963825596955,-0.6272860679439625,-0.1136281051459968,0.6386838958569423,-0.6097909452562474,-0.07239212054216257,0.6732672554379006,-0.5765256636954806,-0.06836371559871529,0.6008267003135287,-0.4828580409741935,-0.05913391968662947,0.5072615238967879,-0.4248100318690966,-0.0659675774776218,0.7011100347695383,-0.3648975000212563,-0.11370132767569673,0.714299899832422,-0.34114928685793,-0.09376890713108758,0.6405401069183734,-0.26310414569521656,-0.05363916744283777,0.5632967530599207,-0.2142206350639893,-0.027716718719963587
Thumbs up,0.0,0.0,0.0,-0.037914301405466776,-0.4818347472660421,-0.019706536938625178,-0.0055312797557226555,-0.937197500421079,-0.06622964259589102,-0.06460896045232536,-1.2996123693742545,-0.12093363367148453,-0.22482148699135937,-1.5072861037086378,-0.17225185124165154,0.3713446361072669,-1.030938260293995,-0.002687857983932753,0.4303162858820347,-0.9887063404806976,-0.05214849073426242,0.3629909702951454,-0.8548346438752877,-0.12405734880829261,0.28200219595491144,-0.7709158817283484,-0.1775944352272198,0.5255114365661199,-0.8502061977836337,-0.031418963835707525,0.5496546774679355,-0.8021427736229737,-0.02663190395273564,0.4748693011157224,-0.699397632243564,-0.06108068776364588,0.3922776926737503,-0.6252325367840853,-0.10298158002074229,0.6315784874559064,-0.6138342126868294,-0.06138727543780576,0.6101459074354452,-0.5798878240006967,-0.044801818013185626,0.5419672392813435,-0.49009023629868687,-0.03716441009981009,0.45778379253693463,-0.4202759429985018,-0.04945141813279256,0.6935360858016815,-0.37341459532575566,-0.09726294215348559,0.6625450145313594,-0.3475677909464587,-0.06633221892229813,0.5900736648714143,-0.27104998714359807,-0.023416968781684012,0.5186647843189671,-0.21284804331992835,0.002163268000193412
Thumbs up,0.0,0.0,0.0,-0.03306970214083629,-0.45260977179156336,-0.025230944255613702,0.0027773948151739573,-0.9136590483092266,-0.07500132153574009,-0.060613181920255506,-1.291752064205151,-0.13134546410932366,-0.22876128497965853,-1.5003614572191557,-0.18305137640249783,0.33888231604539587,-1.0306541749724891,-0.015599870452609145,0.43203284518951984,-1.0091742910457264,-0.07938994409747827,0.37950111202329195,-0.863227588475677,-0.15270185009181061,0.3008664229156908,-0.76783105432291,-0.20428937952602438,0.49761866212461386,-0.866215956432347,-0.0452281320342101,0.5599979961443093,-0.8329725344128772,-0.06128189063170788,0.4902342161280811,-0.7163455008702302,-0.09635080094666332,0.4024303988041196,-0.6413263084811657,-0.13130397642441946,0.614175435627458,-0.64842141436873,-0.0779717143105236,0.6232856921071703,-0.6070772413864957,-0.07992521847351755,0.5572794730657834,-0.5067354813552968,-0.07464789809376472,0.47277421019289617,-0.44248576330898126,-0.08298536048698812,0.6889160971444469,-0.4194184657356837,-0.11688747037960966,0.663607813136778,-0.3673642692136104,-0.10281470048076531,0.5920458393546063,-0.27792323854457246,-0.06931364223017782,0.524645807820317,-0.2248730480516674,-0.04685325737106501
Thumbs up,0.0,0.0,0.0,-0.03930023348560234,-0.45229642965669153,-0.021614779367908232,-0.018371410225534363,-0.9048545011447849,-0.07020593939780233,-0.08455145996139901,-1.2663006572550226,-0.1265604576525008,-0.24783789563967148,-1.4662185021000724,-0.1787925642921067,0.34071453470529145,-1.0347214334619466,-0.005929070363166084,0.42984317394571075,-0.9783626572193577,-0.06594030289943613,0.3686457706890137,-0.8386348557608447,-0.14218362177368593,0.2832177717731556,-0.7563968297671602,-0.19769496137791054,0.49631980284951466,-0.8673139448427802,-0.03785728966360031,0.5518552225277068,-0.8041689791704403,-0.048733585803166404,0.4746029485542155,-0.6898912805125559,-0.08687213465237259,0.38380993342041986,-0.6160127886706874,-0.12649941436171747,0.609443016631154,-0.6486085472747734,-0.07264814413890013,0.6222580316730518,-0.5841215996867712,-0.06948555699354352,0.5499035840894679,-0.4887772200837302,-0.06429674383574668,0.4574865650956282,-0.42597541669471267,-0.07439476834537473,0.6823339464269002,-0.4207010434554582,-0.11374697111907636,0.6657546274694175,-0.36023033679873795,-0.09582818136699507,0.5850410339266457,-0.27354226461176623,-0.05924724937290234,0.5032449652401586,-0.22269019489640507,-0.03543004550246248
Thumbs up,0.0,0.0,0.0,-0.07641696873018257,-0.4519215904534852,-0.019553266025038187,-0.0841422372638577,-0.8935724126417577,-0.06893358645604987,-0.16162502207159976,-1.251475203512667,-0.12531610863846152,-0.3343234351824355,-1.4365522673522433,-0.17814657973910253,0.28376306715904487,-1.0461758612919254,-0.009202673336944783,0.36085242469870515,-1.020714245210041,-0.05473734822613943,0.3128186734553409,-0.8776231320509905,-0.11927026693850526,0.2442466950648059,-0.7876499561622672,-0.16829269642915812,0.4459571084808193,-0.8944036518474525,-0.03412279234423611,0.4839433774938496,-0.8370999287689639,-0.026155677245701534,0.4170914997172535,-0.7232306697473484,-0.05504395285119079,0.3423689352133865,-0.6502669451084586,-0.09340713263315571,0.5635254793025782,-0.6788744219781717,-0.05981048066969515,0.562017373886532,-0.6215523999569816,-0.04134376927080294,0.49986754570580294,-0.530317375700269,-0.03557395994305684,0.4200804568048971,-0.46406508030155125,-0.04963133486991699,0.6451257208877561,-0.4509451277237978,-0.09051236521633893,0.615054523271528,-0.39432858834463064,-0.059054505599340334,0.5423391970463306,-0.31736167798538767,-0.021721442835590517,0.4699655159747619,-0.2670462043228317,-0.0007039164075329558
Thumbs up,0.0,0.0,0.0,-0.0902462145042085,-0.4459848615442247,-0.018528141767247083,-0.11098844360044764,-0.88235568137192,-0.06511563446836693,-0.21130393690361787,-1.22600064870549,-0.12025906175798429,-0.3910645097379693,-1.3964033581395277,-0.17252915718605294,0.2507108863795827,-1.0464662616477227,-0.0005579213486502937,0.3084392658294272,-1.0165161318493272,-0.04643952360981624,0.2595533365829169,-0.8744183563454907,-0.1122555668849635,0.19571221010677367,-0.7835058107697237,-0.1639498700265157,0.4170088206603582,-0.9083832836782537,-0.03071568695911547,0.45806039289866457,-0.8527715751781995,-0.029209125993706224,0.39212360935400153,-0.7387670665095849,-0.06181536859572206,0.31842028632705294,-0.6653625226672457,-0.10190291112118721,0.5444102517447573,-0.7103005167288855,-0.06259319860491945,0.557386705499848,-0.650357847298985,-0.05291801365771609,0.4933390698814012,-0.553703927289554,-0.05053996465006629,0.4143941207244575,-0.48879434046844894,-0.06557764733353846,0.6318176819246081,-0.4943393306298761,-0.10006382637915683,0.6254967064384473,-0.42413042502292425,-0.07695915347005226,0.5585797208501585,-0.3367172637845452,-0.04337765484731761,0.49217184429446814,-0.28259543946656807,-0.024319655500718046
Thumbs up,0.0,0.0,0.0,-0.0937878556419887,-0.42800670298853516,-0.015180068887698675,-0.12059840991903546,-0.861877622287663,-0.055999918208273526,-0.22975050478665782,-1.194785364361516,-0.10669642672602674,-0.41194251937322734,-1.3639474139058758,-0.15575617704280537,0.2215514511837196,-1.04247416159608,0.012242948461748827,0.26398189613685225,-1.0223700468735164,-0.03369241399941491,0.21700434664098528,-0.8844992092961771,-0.10037861444756824,0.1559988153906808,-0.7849492477613975,-0.15014934843517352,0.3918738805127309,-0.9198722101336331,-0.01643103148798142,0.4131483232775628,-0.87533048213007,-0.014344513498670022,0.3515044142130234,-0.7605621265803774,-0.04860337400595113,0.2862903945849007,-0.6726839113686651,-0.08768969397749941,0.5233682603637039,-0.7294336530917285,-0.04723056138058795,0.5160859480852946,-0.6920582369287044,-0.036666731860967035,0.456471671277539,-0.5921030246732741,-0.035528128554146894,0.38617446741322276,-0.5103294732817207,-0.04911734580851564,0.6173370616725324,-0.5206831693220603,-0.0832826862419099,0.5905250057716944,-0.4775433948305585,-0.05753961637458786,0.522244294955989,-0.3885113694382813,-0.022160204307429675,0.4577981681940923,-0.32167859936324256,-0.0005455169535661156
Thumbs up,0.0,0.0,0.0,-0.12611779646648907,-0.4257059629046003,-0.028886135260536103,-0.1816460548074916,-0.8398842606985859,-0.08505227515643056,-0.3065590421366889,-1.1564912789425434,-0.14785676381753293,-0.4923529661314514,-1.3205390002194966,-0.20895600171947865,0.17069146079571776,-1.0523947593213077,-0.02744249995693608,0.214633192825106,-1.0090165795826778,-0.08501717455162656,0.17976346768245213,-0.8573860463185741,-0.15896912236020375,0.12582193637037567,-0.7508736920582926,-0.21487985709433519,0.35293214971627773,-0.9339778728549026,-0.055894818311525186,0.3841814253439837,-0.8641696540377339,-0.06034492179675045,0.3266324600300516,-0.7439614832993251,-0.09684668543741669,0.2606424488222783,-0.6628183066698639,-0.1416404357795413,0.4974911798820751,-0.7455585061818913,-0.08554409642913911,0.4991087944719217,-0.6839772572074037,-0.08182405152809391,0.4427644440338919,-0.5750871435404064,-0.07697363602592201,0.3731739922342828,-0.49626675034445006,-0.09174442825584425,0.6007075011477694,-0.5319234283757155,-0.12177809502713935,0.5835437303454025,-0.4635084522435931,-0.1062378030803128,0.5217283963966426,-0.3625449803112063,-0.06903241254576686,0.4612987289387408,-0.29329312611338687,-0.047234372390319544
Thumbs up,0.0,0.0,0.0,-0.13352414342003938,-0.40476424392187593,-0.03368802557848746,-0.2010366964946205,-0.8204990244309108,-0.08412984224110706,-0.32690874430125044,-1.1309258846240045,-0.13898627172058867,-0.5142876180625587,-1.2796469004357303,-0.19152622906877387,0.13797468553222975,-1.0603427370463203,-0.022099690386767346,0.18504525195820454,-1.0021339014482071,-0.06811115757641178,0.14962853540182183,-0.8497390917366119,-0.13495884865648375,0.09628938575800662,-0.7569360671576754,-0.18869907195830044,0.315583230028654,-0.9477900448775852,-0.045839456319055075,0.3432602322723147,-0.8524974859920573,-0.044779788358565664,0.2858765509345369,-0.7252423010305407,-0.08114698370002975,0.2226790780858428,-0.6485461074978215,-0.12629898555945288,0.4588910237577984,-0.7668613708243412,-0.07063836252962276,0.460926329218489,-0.6877617607216141,-0.06841785820281966,0.40449031822381104,-0.5788669147237515,-0.06693976756590896,0.33458091529116185,-0.5025369560969383,-0.08217788125383242,0.5634657237805631,-0.5670314483639356,-0.10137457306693361,0.552146025738542,-0.4958216488468426,-0.08959485926411467,0.4915022533531093,-0.39310213875727373,-0.05549080497197782,0.4296770356795158,-0.323834960252348,-0.03445960543672369
Thumbs up,0.0,0.0,0.0,-0.15794450485290135,-0.3869423784517734,-0.026807782692304397,-0.24631740747142247,-0.7921646264648029,-0.07448198205785553,-0.3903242773693983,-1.0985916466180716,-0.12793610065836253,-0.5863045517472789,-1.2339044254429217,-0.17932989212788397,0.08716369380817597,-1.0539793354653513,-0.013781658555711729,0.11504543997026304,-0.9979020224613998,-0.05189586734912319,0.0829713381821637,-0.8462814853990365,-0.11225624976933515,0.036256650517868555,-0.7395613601960053,-0.16089799254538847,0.26632051523478173,-0.9631804287592348,-0.036835374577393463,0.2764488186245082,-0.8892242187253231,-0.02884396843660677,0.22806270277599766,-0.7659848393903295,-0.06104253858855023,0.17579472133724516,-0.6687973874070934,-0.10329477043201658,0.4131514011791979,-0.7969170853913378,-0.05969930026876078,0.3936534410902445,-0.7353395838812639,-0.04666381881504235,0.3461688195529813,-0.6297000676227491,-0.04445987789954005,0.2881018168263608,-0.5371485020258003,-0.060756554228651366,0.5243863993695929,-0.6065543122029396,-0.08845671090393621,0.4930663183775389,-0.5501616982329853,-0.06600894513359484,0.4391396762232648,-0.45422878882574624,-0.031222346049611372,0.3890120036306121,-0.3754564675576089,-0.011332617513734178
Thumbs up,0.0,0.0,0.0,-0.1732178115237423,-0.3774604320112071,-0.032803837172258786,-0.27543092051792306,-0.7662429584355847,-0.08798932876799248,-0.42791339804444517,-1.0650809759739304,-0.14798975510904822,-0.6314544337670618,-1.191066513056308,-0.2051032097699969,0.04995473646989077,-1.0594358654032099,-0.024600235431165372,0.09305299164994608,-0.998303303013239,-0.0661948200891235,0.07044421756997103,-0.8486692894549449,-0.12755498047243313,0.02588389254521084,-0.7502714670047804,-0.17791871066449927,0.23526724305778537,-0.9707042183835083,-0.04881234225532971,0.2560476842582716,-0.8903474133057286,-0.0436661922595796,0.21436545975264557,-0.7650155578839042,-0.07565321347478976,0.16413877530934523,-0.6739780380889803,-0.11859315075908446,0.38850740976313525,-0.8086756027773634,-0.07357620849795687,0.3724102891794332,-0.7346257912405424,-0.06473427051560307,0.32788202381980425,-0.6281297346569137,-0.06307393633918738,0.27004210087485025,-0.5423324789637279,-0.08011636853513686,0.5047300332394508,-0.6237494897116607,-0.10479832652720532,0.47452349131018184,-0.5424953867970109,-0.08665007470077518,0.42494042328373083,-0.4457188141567959,-0.0554347483811094,0.37617301278410653,-0.3746183054186446,-0.03842288179067883
Thumbs up,0.0,0.0,0.0,-0.2131443079274418,-0.3633496011771413,-0.014545686957897352,-0.34133361639381904,-0.7449542867522455,-0.055412400806364205,-0.5124272882599084,-1.0136856687894822,-0.10244338965342899,-0.711940729882861,-1.1047143231882997,-0.14830597868144346,-0.04238205710845384,-1.051011387874936,-0.008074726890678311,-0.02887973864471574,-0.9836244703630573,-0.031509274472618684,-0.03928547425879787,-0.8309088978300543,-0.07764703334051919,-0.0642788999905922,-0.7219562112200002,-0.11691639877511965,0.15384852717537575,-0.9875812356076386,-0.031842326574191546,0.1538413343980597,-0.9102592483204103,-0.0069302237486686185,0.12167800069347053,-0.7857297724965925,-0.028890806712241094,0.09050210621324456,-0.6841542933901857,-0.06843312594275482,0.3213762413643895,-0.8455076537590219,-0.05247398989634113,0.29003989262095925,-0.7807151156959883,-0.025146254333978643,0.25357361820968016,-0.6704795327010499,-0.017099804432274865,0.2140686720276488,-0.5709298347751447,-0.03348480130872332,0.45228091548267174,-0.6829754156311029,-0.07775087906301975,0.4212341221337596,-0.6366474746591357,-0.04219715369305515,0.37865324928308247,-0.5353798095358187,-7.464779690731442e-05,0.3444973318317582,-0.45157325685288435,0.021660163383337906
Thumbs up,0.0,0.0,0.0,-0.23526418456706163,-0.34404022114022137,-0.014506956064934858,-0.3825739763881411,-0.7134884149052955,-0.0533502350297779,-0.5620184428313418,-0.9659765198613326,-0.09715737595551935,-0.7662445305832211,-1.0568402422423768,-0.138833976721346,-0.09262443260069779,-1.0422198838885217,-0.012613083106349265,-0.05524337120016664,-0.9702161515378137,-0.02895865376998804,-0.05471684346749864,-0.8187913686185456,-0.0702758711150471,-0.0769656496963433,-0.7169116785741788,-0.1087077192631073,0.10534203121996588,-0.9938448937976501,-0.03428386691709886,0.12194385992620059,-0.8956784928985501,0.003922218850379321,0.10098127779281117,-0.778200395623712,-0.014869061078938985,0.07648579272998987,-0.6936461163649095,-0.05796864997929432,0.27952733198445634,-0.8634521435568823,-0.05175129827986962,0.2602187840334299,-0.7802002009200009,-0.017248277596941773,0.23019429477396047,-0.6756504615186609,-0.007862362698066897,0.19222595956397093,-0.5882894542301069,-0.027941183027703265,0.41468235240384704,-0.7095145473147723,-0.0732748382536658,0.39018131129741684,-0.6485614152992154,-0.03440118625042757,0.3540792511356494,-0.5518277328453914,0.008783559146438318,0.32163714210050354,-0.47310933659190074,0.028879476608706014
Thumbs up,0.0,0.0,0.0,-0.2372888981925709,-0.3158037931398555,-0.022437356670224347,-0.39563037121601996,-0.6687699541992914,-0.06698730893523733,-0.5918088436746467,-0.8930908953314662,-0.1130137008089159,-0.7984330835959889,-0.9747923130534139,-0.15699300428984223,-0.12804683225193733,-1.0341130922206982,-0.0317583016481431,-0.08101594584991312,-0.9031827251565129,-0.050648424474350466,-0.07948348079493264,-0.7582984706139841,-0.0928994081479818,-0.10154721959642009,-0.6621741393251848,-0.1332176070830627,0.07397079820149188,-0.9959284786891067,-0.05152461886744876,0.0896150585935816,-0.8790669068814969,-0.023516450635816488,0.07063666590667818,-0.7615146236962416,-0.04512620010883754,0.045281614218303276,-0.6664127186920608,-0.08825512279543124,0.2536948742969688,-0.873818367639905,-0.06619932794264531,0.22406601208329754,-0.7724735013636427,-0.03678372998080609,0.20027432046574864,-0.6622872403773444,-0.027167831325477697,0.16692902272025137,-0.5697442015101228,-0.04639860106068056,0.39468220137299503,-0.7235558509237546,-0.08584919037451866,0.35361694379087183,-0.6510185091884517,-0.05494618541214983,0.32372538360621006,-0.5493506002903661,-0.0154647928302746,0.2959438988020149,-0.4688081973441436,0.002855584751320642
Thumbs up,0.0,0.0,0.0,-0.2900312839708071,-0.17996465658551622,0.02051301248390373,-0.5450783334792548,-0.39901231089626016,-0.0045656389587064704,-0.7770185981874268,-0.49272835893848316,-0.039705625276956355,-0.9559867398470233,-0.40436186267875834,-0.07055565649006167,-0.5194125839818234,-0.8150688252461867,0.01356313015553627,-0.36095400398674954,-0.9287204202568655,0.00039028051923027944,-0.2843412735199246,-0.7991218240893334,-0.023205227718393024,-0.29256669970124494,-0.6527361985210888,-0.0477515035355318,-0.351526820858731,-0.9356735116498874,-0.030724156843140372,-0.21973078152122197,-1.0406867103297655,0.0007409275160444603,-0.16339336610570276,-0.9113201509017408,0.003942383185787305,-0.17861276634367246,-0.7684324791815689,-0.015439952706060772,-0.15713279388642468,-0.9949609703506069,-0.07211541297771405,-0.06461946961064786,-1.104812549400533,-0.049096958383428285,-0.023680454203575424,-0.9756212605811003,-0.020863577340386356,-0.04311795088473153,-0.8257941710614846,-0.020579660362618674,0.034523752028122814,-0.9893601835507493,-0.1135810991263211,0.0767015397665292,-1.0682010191852718,-0.08981566837275647,0.10648386963361255,-0.9379354555087631,-0.04090794764056078,0.0926119398900674,-0.8026034801187978,-0.011166568416618448
Thumbs up,0.0,0.0,0.0,-0.23094792856058188,-0.2578216987261037,0.007008385728735081,-0.40618377176890047,-0.5457034263606173,-0.030324469284487853,-0.5968781859503959,-0.737666472683901,-0.07372078471129027,-0.7904071017809199,-0.769866269875263,-0.11591849750622318,-0.2772809168852545,-0.9580242061154185,-0.03730705319332903,-0.1411598334403201,-0.9115086553348046,-0.0620144668790221,-0.10209133681185857,-0.7629164461307495,-0.09233046656759004,-0.12438282865036748,-0.6450326050092187,-0.12176220802892007,-0.09185879634342857,-0.9929224677488694,-0.07527904471917804,0.012249377248386583,-0.9187912329024586,-0.049237884020756975,0.025163606857857037,-0.7689708881818025,-0.05563219383487261,-0.0018148778821780905,-0.6583223130366874,-0.08563887433716506,0.10522412428265472,-0.9500136066936701,-0.10651239453744275,0.16171272259360556,-0.8690055468737145,-0.08677010136416446,0.16131103276771908,-0.7315872608523937,-0.06624991503775202,0.12691511276644526,-0.6190248597603225,-0.0744564897843219,0.28832470042782393,-0.859457386265245,-0.1386013092823728,0.32164936018870754,-0.8038045386948091,-0.11555613298323396,0.3123537464952408,-0.6773916365035014,-0.0712802978602759,0.28117684949671523,-0.5767340637031267,-0.045644861087236595
Thumbs up,0.0,0.0,0.0,-0.18921705248585963,-0.3133916312523644,0.014971196183947648,-0.32613049909999536,-0.6578942560550471,-0.014178871653459772,-0.47811247327140544,-0.8994983691320411,-0.05153894719932212,-0.6563907852085963,-0.9644645891555402,-0.0855674724123572,-0.14856174516235257,-1.011851181836485,-0.013505016384953786,0.0049438884394027,-0.985504565495528,-0.029464131133116682,0.021100413501964482,-0.8212478037266444,-0.05291422214541516,-0.027141429315804298,-0.6996074708925596,-0.07678347742529168,0.03136457245120793,-0.9981643506737639,-0.051809194540895186,0.15961171580699984,-0.949485174264755,-0.021935193781221544,0.15108506096973415,-0.795607916411696,-0.02281682690919955,0.09566431202678073,-0.6869956496747861,-0.04591981010139246,0.21352783659614538,-0.9136946727112556,-0.08444183830739728,0.29894264890020467,-0.8678637582975329,-0.05714817485300745,0.28062864574478,-0.7321535255655593,-0.033010844192066416,0.2190619517876187,-0.6244051244757977,-0.03771172420628297,0.37407992892556186,-0.7881005921765357,-0.1179833862656909,0.42529180819051465,-0.764150759371928,-0.08865350481151066,0.40086310731952113,-0.6379741674675175,-0.04229034956641714,0.3487107229424454,-0.5381409771614059,-0.014500316785688092
Thumbs up,0.0,0.0,0.0,-0.18068327172476578,-0.31516266179875196,0.011028561025164824,-0.3042559662817871,-0.6579839490027759,-0.019417327547587966,-0.45176341778105944,-0.9010736475392643,-0.05787785556674904,-0.6253915565753593,-0.9793384062413901,-0.09386662717121745,-0.1199487379413795,-1.0050623156777658,-0.014093714988692189,0.017481834193703423,-0.9600195505614104,-0.03726855473756492,0.03240313382356923,-0.7924266873416269,-0.06933642627039378,-0.011789467557515695,-0.67558565132669,-0.0985670491607756,0.061213745437786946,-0.9968309359592256,-0.050803173957267515,0.18245559833336572,-0.9290857469737758,-0.02401478881322328,0.16918127898660204,-0.774086080820059,-0.029424641168499837,0.11538201000347095,-0.672449514958043,-0.055572110072257944,0.24233292498754103,-0.914695571420317,-0.08271472535062033,0.32094659255616703,-0.836100164502648,-0.057961936081914536,0.29568324282357167,-0.7012919522782143,-0.03855667654501815,0.23469188602779698,-0.6024113099452759,-0.046270497242148025,0.3991647865983525,-0.79121874528082,-0.1162780789802186,0.4468532591719378,-0.7236471629126832,-0.0859583631497006,0.41856959777105124,-0.5989501339895938,-0.04271038361220707,0.3666652626243744,-0.5087978219476689,-0.017695136208356624
Thumbs up,0.0,0.0,0.0,-0.1719537896889819,-0.3219424598654466,0.01419081433199155,-0.2758037403840798,-0.6857876622204515,-0.013814798689462582,-0.390931226823489,-0.9548379353017604,-0.05306686049620892,-0.5496469760863436,-1.0548888123984852,-0.09115551497058756,-0.041445582666063546,-1.0246096860988263,-0.0022497949412534557,0.07810773514884713,-0.935939612821225,-0.028772117063235316,0.07650324053519726,-0.7614320566001288,-0.07096553063572456,0.023489912355606997,-0.6463479957101277,-0.10873860929254363,0.13615763268997452,-0.9896101496205163,-0.04618279796982262,0.226860630696728,-0.867742435375107,-0.023728073592036814,0.19995413380445554,-0.7036497292887387,-0.03886999916457132,0.14183975991405448,-0.6097948042857675,-0.07385253530155912,0.3069879186829887,-0.8763879591613889,-0.0863103887323558,0.3599114830744731,-0.7693562926023391,-0.06869204011290482,0.3256526964404878,-0.6199762420924267,-0.05224995044671035,0.259217960804495,-0.5250175402436762,-0.06263039030186245,0.4571293726521881,-0.7233007171606927,-0.12881864788141084,0.5157075261144694,-0.6551962161919701,-0.10917453627309226,0.4790036692168578,-0.5199571397879518,-0.06739959216345658,0.4173785779677511,-0.4284544761762436,-0.04285334587127981
Thumbs up,0.0,0.0,0.0,-0.11511008198718371,-0.3708884846532245,0.015899944152241954,-0.17939310671372155,-0.755622433009392,-0.01631641784734426,-0.28178885195975795,-1.0404861569412651,-0.05691553151279303,-0.43877825254094416,-1.1613179239728986,-0.09521772947546134,0.05558734443323788,-1.0352636515551943,-0.02393191409089086,0.21540609691933343,-0.9870831404972447,-0.04312328745349383,0.2059002004042541,-0.8086023276419397,-0.07224738404379885,0.13560673768466133,-0.6988257688103461,-0.10034089263868724,0.23503115637823022,-0.9697759772815181,-0.06553555843348233,0.3571907332950624,-0.8836188492195862,-0.03129228713009207,0.32814784430171445,-0.7240338745366128,-0.030001125951936054,0.25343929028662837,-0.6362527112910056,-0.05347295070768843,0.397559302866834,-0.8239343886648505,-0.10147518033776119,0.4754230566151537,-0.7617904575238437,-0.0691814355252132,0.4396150222917311,-0.6237015653336587,-0.042702951093870525,0.35973827086196153,-0.5366404163720966,-0.0484839228963966,0.5301606881201487,-0.6419327646718856,-0.13870806501859742,0.5826883721506526,-0.6010381950430893,-0.10407782648496251,0.5391987621593456,-0.4773313079635837,-0.054773823438774516,0.46703294205766976,-0.3932430867723187,-0.02693111392612397
Thumbs up,0.0,0.0,0.0,-0.06654618590532693,-0.394734087648592,0.009997758754022635,-0.07887855248964998,-0.7695546144850133,-0.0318986541661708,-0.16365639535779836,-1.0523756387530574,-0.08239676970813413,-0.2946130921999565,-1.2279584789031832,-0.12879846364756395,0.17801199099181278,-1.0304415071871482,-0.0612948384581923,0.3386057635823671,-0.9260006479003824,-0.09710980646170464,0.30887644496440814,-0.7257383210390723,-0.12448884255602682,0.21776388284068943,-0.6181144181783997,-0.14906934097166794,0.34369267871768366,-0.9328767291267446,-0.10777917632664284,0.49455123986982014,-0.7848193473348922,-0.10519462316498893,0.4469435518211695,-0.5951690708320377,-0.11486544569112452,0.35603940010015195,-0.4869142214269633,-0.14085507356265617,0.494222142830861,-0.7686744526950345,-0.1464744287629729,0.6022600752861853,-0.5930270159532552,-0.15123209733018297,0.548899834795632,-0.4159815813698879,-0.13789291776807902,0.4519002104547979,-0.30489165933113077,-0.14645809685721276,0.6166757484087335,-0.566685163867975,-0.18624645720369215,0.716055876775318,-0.38434360625780406,-0.19968339559946105,0.6495280331120655,-0.19905825170948016,-0.17399766079838586,0.5507723384647984,-0.08212273687047164,-0.15524486152836375
Thumbs up,0.0,0.0,0.0,-0.036103286392116275,-0.38857874755721067,0.010295654788835113,-0.01260566268856552,-0.7710761149584774,-0.035073162750918874,-0.07513105056695096,-1.072914481293199,-0.09128408483452972,-0.21509322556430402,-1.2549451105433587,-0.14381858666755548,0.25649071576886046,-1.0202794340101842,-0.05241971941058328,0.44743399514408333,-0.8778281476559034,-0.1056660422097974,0.39459878242874324,-0.6800439436011508,-0.1517847643293836,0.29946097214444845,-0.5871232893935372,-0.18937572344710185,0.40865029001024766,-0.9068033499768053,-0.10350181131450838,0.5705021547693151,-0.7116727261018421,-0.11437375082839865,0.4948311599318116,-0.5315026834627219,-0.12739733653012125,0.39534021422826787,-0.4497045639252952,-0.151692862086223,0.5385335934303966,-0.7164762998486552,-0.15032607857276267,0.6325124537941078,-0.5024924455806798,-0.1553812638376697,0.552778391541663,-0.34570579749482705,-0.1391936116515167,0.44998934354301556,-0.27481867716409947,-0.14522959431385124,0.6418850613425922,-0.49494168721148396,-0.1998653704524663,0.6849975753173756,-0.2535614784382136,-0.19923388751533105,0.6034451013369241,-0.10630027227321502,-0.17308689781505257,0.5129285476718489,-0.04539841907709821,-0.15674097413406968
Thumbs up,0.0,0.0,0.0,-0.03139489489987583,-0.4013656181876105,-0.004233890952210539,0.002320005973815805,-0.8061426829700499,-0.04988143811786601,-0.034540705742747334,-1.1211145796893427,-0.10306733454358938,-0.14834561941657626,-1.3352870169066056,-0.15187827734236542,0.31543634249272035,-1.0232508676112724,-0.05275526580636512,0.49036943320824133,-0.8745644508622948,-0.10745800037938759,0.44267531195696147,-0.6912970384291118,-0.1568293901569272,0.3494691171114321,-0.6054702936886907,-0.19537877141120147,0.4703131003504656,-0.877284577634038,-0.09579852548030399,0.6098505049793347,-0.6949870413433311,-0.1015622968338854,0.5297704951991455,-0.5306610418361992,-0.11155766690309941,0.41961084871143434,-0.46271191663650607,-0.1353252069934221,0.5932060355088856,-0.6645521584968158,-0.1370837413735838,0.6696218835097215,-0.4775049938315452,-0.13894748980991925,0.5793604665922717,-0.34041304971834213,-0.11601809338322376,0.46162297677048003,-0.286211963990768,-0.11833830775328849,0.6854800044675772,-0.4243642282184787,-0.1824858164811114,0.7060420455560668,-0.2300891869864815,-0.18075022305468502,0.608078859001845,-0.10690810928122071,-0.14659487670889987,0.5019623776048571,-0.06328994079716091,-0.1240368771304889
Thumbs up,0.0,0.0,0.0,0.018006580159670108,-0.4024894235360016,0.012176490255700872,0.08972256262154626,-0.7985801657444903,-0.0382225611565408,0.077987429401739,-1.126706847232843,-0.10210229585466002,-0.04052166464328468,-1.3476848306380516,-0.16136515042971744,0.40209250911106453,-1.000366938652278,-0.05682338454808352,0.6973624382230844,-0.9029544433702308,-0.11547036515685954,0.6486528497908767,-0.6942424235797846,-0.16488776595103358,0.544830442436485,-0.6041894780343294,-0.2014459017173638,0.5242832972022985,-0.8443481519987622,-0.11046819673988306,0.7272692009031893,-0.6336079165562472,-0.11209404252609204,0.636295618604191,-0.46561957265472875,-0.11840243364080463,0.5146328176813726,-0.4346696301572214,-0.14162154544105457,0.6199550270354368,-0.6064711673324095,-0.16057021982955927,0.7401760277799919,-0.4064329787465149,-0.14821518325835892,0.6482630434322888,-0.2809810098142868,-0.1159143083257792,0.5284102405246202,-0.26355459003003506,-0.11593574803090485,0.6961589004288449,-0.34385327828586654,-0.213715117272481,0.7530760309130993,-0.18126848642297877,-0.1882894573205446,0.659187857088292,-0.07945282836028159,-0.13726038244744523,0.5547786077761138,-0.0641019639499842,-0.10641348914183477
Thumbs up,0.0,0.0,0.0,0.02215139609657837,-0.42818538181353255,0.00017542471029026414,0.10751891752740739,-0.8296575653298994,-0.058069973566481574,0.11945899476021732,-1.1778200956927458,-0.12746890131835292,0.012919557686979301,-1.4344324794869838,-0.19143767288446203,0.4503015458742652,-0.989336019044066,-0.05811404626810165,0.6978173464473628,-0.8415370315179916,-0.11766163120465452,0.6187196345142026,-0.647429862233015,-0.1710980207837292,0.49809320534587614,-0.576961909046039,-0.21199468873176863,0.5774381386831066,-0.8093451023585242,-0.10735781891627302,0.7548741356166814,-0.6060469996547185,-0.1084971591347817,0.6526546537183098,-0.44752926237572455,-0.11460530807814344,0.5269930291897906,-0.41653761104761233,-0.1393083582454,0.6721511069103084,-0.555533217549161,-0.15457473714211423,0.7808162599090025,-0.3722515391426536,-0.14677347240834732,0.6764061216801202,-0.25362408014371096,-0.11297837365168263,0.5481764400303357,-0.23671807731609998,-0.11180258842999241,0.7396691235366402,-0.2803111529905673,-0.20559514771227796,0.791068782340116,-0.14383418918712748,-0.1880118052633252,0.6868566003804348,-0.0508350505002189,-0.1376690235605602,0.5760622978256724,-0.03878300705179747,-0.10666854556245069
Thumbs up,0.0,0.0,0.0,0.09654471651024399,-0.4341077488064568,0.019781070842316895,0.23741812753784639,-0.8531955468779306,-0.027460438435608605,0.2907156187968775,-1.2141358764757415,-0.09014963110766148,0.1979108505747692,-1.4717950556346726,-0.14568581805654254,0.5623796654436523,-0.9391291342632598,-0.05875271376820449,0.8547254635768141,-0.7130751690224427,-0.1076559053588249,0.7452945675511798,-0.5117979244403993,-0.13757152293451297,0.5971474060063255,-0.45222429590625396,-0.16323698262490582,0.6576012189663801,-0.7440555644138455,-0.11807605124971342,0.880924698381983,-0.4562483216670251,-0.11951788684185767,0.7615118972376672,-0.2936683534683302,-0.11500687519709761,0.6248584798530283,-0.2702269488440304,-0.13124279524760307,0.7221815990209111,-0.4785079943877785,-0.17242933846319206,0.8977530225042671,-0.20911383308652237,-0.16935729505105968,0.7766366680026602,-0.07794265518448801,-0.12999895937518946,0.6440013517684007,-0.06840615923680518,-0.12319538935668037,0.764083785800084,-0.19351813175191976,-0.22821845120731166,0.8906094615025494,0.04273011310316404,-0.21387960279776244,0.7799678181737573,0.15558026889033852,-0.16592138181736032,0.6715249648657814,0.15680043480488848,-0.136765709459244
Thumbs up,0.0,0.0,0.0,0.1684418198455252,-0.46418889568737937,0.03586808867753173,0.3540419934096014,-0.8905438713851846,0.004700670838235011,0.44761362286936907,-1.2580473522919993,-0.03926939258324441,0.37774374003215144,-1.5398844412830943,-0.07890006252085355,0.6682714959022904,-0.8905018146517488,-0.03784276420728683,0.8632601607111368,-0.65069892303556,-0.06630512723467535,0.7410309143835321,-0.5038385556288005,-0.0911247051314987,0.5923805171789505,-0.4822604359877788,-0.11495418916281919,0.7628296334942739,-0.6397248135879314,-0.09403782825479405,0.9399535501675016,-0.38702732750031366,-0.06795324035475375,0.8155230702823305,-0.2718061613050105,-0.05793400721789597,0.6686050930859966,-0.276262270593356,-0.07556260778717645,0.8172212100852116,-0.33046022750583437,-0.1403431448051734,0.967774158687638,-0.11980741330031804,-0.11057356377575829,0.8457705903786966,-0.03818910100628888,-0.0678639094723662,0.6959508572799442,-0.05802210426670491,-0.06401245499852906,0.8319207525919834,-0.012980453689499929,-0.18483693699609022,0.9438783162726652,0.12723510853905107,-0.14955411497487248,0.8216804934666466,0.18085220641615138,-0.088205997588174,0.6947681901947974,0.14971181393370955,-0.052460536620600635
Thumbs up,0.0,0.0,0.0,0.1806955770065742,-0.4727246652348765,0.03504910259603007,0.4038208995477359,-0.9024585538035891,0.00017169390313661952,0.5249083733494675,-1.2777210570924498,-0.04785078984627157,0.4757770070535452,-1.581432558910361,-0.08976805422109478,0.7129867875846951,-0.870565222267177,-0.028654265535319374,0.9285276341527287,-0.6730475215799679,-0.05735355593184441,0.800600899952049,-0.531297312760137,-0.08430897715841897,0.6527857368105685,-0.5074660401423402,-0.10834178982076917,0.7829853535777801,-0.6158868439603697,-0.0872773253440649,0.9814849834188328,-0.4008910703050589,-0.055439083947934044,0.8573802426336214,-0.28703183848683517,-0.0410096619409178,0.7173295841217129,-0.2954813829069926,-0.05640833275925747,0.8177097728777117,-0.2977614134257193,-0.1377000190734298,1.0032805857441007,-0.12879878436845757,-0.10110953750361706,0.8820084288054264,-0.05222825814222433,-0.04695493741326336,0.739601605772343,-0.0743672946357401,-0.03694008237024507,0.8183311460243289,0.027003966003654026,-0.18634135584431624,0.9761941689430357,0.10261300954395002,-0.13928148271762064,0.8541167868780336,0.14906505738690953,-0.06026974900118453,0.7330786838158808,0.13082946771759477,-0.014202715265685232
Peace,0.0,0.0,0.0,0.3005432030837944,-0.27390436074359875,-0.1381306681580051,0.5045134755342318,-0.6542707228745227,-0.16318895539317063,0.5946519504315483,-0.9153327432689216,-0.15929761214069987,0.6297357968057943,-1.055658533638198,-0.1416805194314677,0.10091675565937097,-1.0223734046656592,-0.14047732270829316,0.16064421137579685,-1.5104020817557284,-0.16736538465155412,0.16078131098899628,-1.7943361187785416,-0.17198646504440246,0.15018312339313658,-2.020528153433551,-0.17358858612156272,-0.06323853437047591,-0.9955391538592748,-0.07001914669455335,0.27313066131137087,-1.2107464279848403,-0.1374501752427589,0.4515682989332286,-1.0455784829385215,-0.1516712501021882,0.5254600083621933,-0.8642966280382569,-0.1389881519685888,-0.13671543904779548,-0.9173410773066912,-0.0015516160444336874,0.16668563591921984,-1.083056682719061,-0.06274122502981372,0.32632346601589174,-0.9306908522942471,-0.06774104771716771,0.39181833157102836,-0.7647361067759465,-0.047007914219845646,-0.16593647787131974,-0.8281886863029653,0.05758806548055788,0.06849592626721725,-0.9853166524174852,0.014274845962049434,0.20096792008654998,-0.907435584122609,0.01251992939571694,0.26006947824177457,-0.7840330157250345,0.033791191560712815
Peace,0.0,0.0,0.0,0.2868082222021754,-0.3333779536310199,-0.13146003931877986,0.4194605890249561,-0.8345758484127188,-0.1735827870244143,0.27976526096781923,-1.135335663986326,-0.1906735918178394,0.10377204422711805,-1.1869843352513834,-0.1965528459995644,0.08106999346702619,-1.0115167352687513,-0.2138139589640075,0.1375313296319131,-1.6658064689834817,-0.29574394301966217,0.15764017883498624,-2.0465807113112904,-0.32200820644578493,0.16690953652685134,-2.3385712200906514,-0.3222911912718908,-0.139522650169181,-0.9743968391737633,-0.17630720319359525,-0.14913888025579816,-1.585634747189561,-0.2717084051442673,-0.18472374142460357,-1.9850794340803688,-0.3039038669473942,-0.21966252296745611,-2.266075972886649,-0.30341408030942646,-0.26882502263365077,-0.8961999717697019,-0.13671431112591925,-0.10458408528616278,-1.2675180956284589,-0.2343558705521745,-0.0005808650158214799,-1.1683910215894036,-0.22351451034989545,0.05144652763963367,-1.0287710911546113,-0.17125007829445069,-0.3298234323891075,-0.7991571653368396,-0.10485320961211225,-0.17407881044461815,-1.1018504532719502,-0.138124143750342,-0.08357046461495446,-1.0229030762017919,-0.08724198112602209,-0.05061433721599686,-0.8845454059617687,-0.024059013958250233
Peace,0.0,0.0,0.0,0.21573516481743146,-0.382146200548163,-0.06892227745493232,0.2605853317225745,-0.7797706598530348,-0.113780302208652,0.09351472326549455,-0.9864397649739522,-0.15086757156807404,-0.07246970183786737,-1.0259537958475167,-0.184999085641294,0.06346786728142263,-1.0405367950759863,-0.14968969709582527,0.13353262955614842,-1.571751686563069,-0.24050360725517703,0.16025437487935817,-1.8875083598215645,-0.28834768745114286,0.17504075371804734,-2.128197716258843,-0.3046576131163403,-0.16992707021707257,-0.9746678806641536,-0.1454211580516719,-0.23646742927508466,-1.4712372015165636,-0.23115240253337785,-0.32619462087121787,-1.7953892683119401,-0.27169960669239857,-0.41616547875634136,-2.021149199007648,-0.2840186210780151,-0.33456880064971234,-0.8568567869104311,-0.13770538326970638,-0.26727545047979645,-1.133633665687757,-0.21225405775715891,-0.16123001314350227,-1.0737781706027794,-0.20752694148182874,-0.09694317801537738,-0.960459722707725,-0.17260138329524025,-0.4385510540166884,-0.7197034164274649,-0.13467927226188287,-0.33390728170699824,-0.9456420097855474,-0.15493710998883076,-0.2463835962801528,-0.8975385476034379,-0.11077151252648355,-0.19919835897939817,-0.797269480440652,-0.05755841132428435
Peace,0.0,0.0,0.0,0.06969898557252653,-0.43537997953682234,0.030901747035494368,-0.029307534452021635,-0.8381666935851388,0.01101306548322104,-0.19528252666353724,-1.0038327894618728,-0.026630689836586074,-0.35901585021602483,-1.0459790538940799,-0.0679777550829492,-0.014653586373355794,-1.0390440779845125,-0.047162493320505906,0.005647666711103421,-1.4843087402343509,-0.12340881126566865,0.03832394356826543,-1.7528228473810072,-0.16828113558680488,0.07478908354818958,-1.9549994772540764,-0.18684489200128046,-0.18123949885354398,-0.9785615245646867,-0.09782426435681651,-0.36365743360722724,-1.410300578450557,-0.16453183398232932,-0.4835658183835708,-1.6855395107216422,-0.19920475806083401,-0.5727019430548498,-1.8922656699845064,-0.21629840845577966,-0.33002607387888117,-0.8321146403374008,-0.13972004786181477,-0.48962582914812997,-1.0131467011956317,-0.19296208611470017,-0.4348045063885345,-0.8916072063236227,-0.17319243810639437,-0.37021261894124335,-0.7727812246876005,-0.13891255206042155,-0.4525797904402673,-0.649848079255973,-0.17967056890607913,-0.5389081776422917,-0.7602007522987898,-0.195746041459819,-0.4798558070183993,-0.661537309760823,-0.1457947416013037,-0.4179504857614963,-0.575929620389071,-0.09385818258706681
Peace,0.0,0.0,0.0,0.013024377955290612,-0.37816927776237497,0.0860917306102847,-0.07194726944518143,-0.7467033211352133,0.08374899820171755,-0.23793512870053654,-0.9157030772871926,0.045356427454383515,-0.39840033302646755,-0.9625079955704405,0.004849254489813925,-0.006361881076589278,-1.0134334264652323,0.05802846588220569,-0.043612921970086246,-1.3818717656495263,0.0027668774035797235,-0.023246327969836438,-1.6236568358606602,-0.03617864889955312,0.019878620791992676,-1.8220732238915205,-0.05738315828358331,-0.0910914829631766,-0.9954396886952416,-0.02832256877279898,-0.31631078266196594,-1.3707808823675618,-0.07442162119321646,-0.41855863960402995,-1.6291242963109769,-0.10134325584812516,-0.4805639824011472,-1.8516259008779266,-0.12001502487981396,-0.1940799924261096,-0.8910829637960815,-0.10985802754261247,-0.5063139792046323,-0.989859476220326,-0.1380838216557013,-0.49032294019492195,-0.8336273677400818,-0.11431027669659084,-0.40961105753218263,-0.7620936349120675,-0.09133030006630119,-0.31230065900863735,-0.7484371366991073,-0.19024780526831195,-0.568251805819355,-0.8124661082730473,-0.19433660637293726,-0.5469377909896526,-0.6820812198989364,-0.15257446120334012,-0.47319425351186223,-0.6156571117545471,-0.11775515276103096
Peace,0.0,0.0,0.0,-0.23636727242434996,-0.27958434755189865,0.026927777780539244,-0.38783146451412864,-0.5843867093956675,-0.010609615149443266,-0.5429315310892536,-0.7598723343822162,-0.0763048067438635,-0.6608512774291143,-0.8807474017314647,-0.13600312647780866,-0.021394636799874522,-1.012875105085002,0.02508054045244619,-0.06725429405855486,-1.3761727921912075,-0.05170996259725102,-0.05908782774743335,-1.6283220646429588,-0.1102578257548797,-0.028748473148595084,-1.8359933086324538,-0.14654087438167548,-0.04347561528826079,-0.9979250290618459,-0.04749218090613651,-0.25857909959651587,-1.4158232759836686,-0.13241393041869676,-0.3651741203757425,-1.6944571288741705,-0.18492902356143331,-0.42925454455092904,-1.9292614085087612,-0.2157390431560319,-0.11228746472478252,-0.9069388881345641,-0.12209942334898616,-0.4636317913069942,-1.0319772589130267,-0.20554242706699877,-0.48730189724181966,-0.8338179775527146,-0.1976614687250761,-0.42737407707264274,-0.7244537355677063,-0.17021857734547707,-0.21451326202820345,-0.7771822471232966,-0.19932801351441504,-0.5030140879178212,-0.8039202811117276,-0.2520497063802172,-0.5208337141643488,-0.6454755046827232,-0.23223961469184384,-0.4618890131273232,-0.5660279023797852,-0.20358408181981408
Peace,0.0,0.0,0.0,-0.25936213036584954,-0.21962881382543387,-0.07780764673739317,-0.414211152044473,-0.4682521026490994,-0.1657648615046648,-0.513561452446822,-0.655074341814219,-0.2714325998526318,-0.4854906466410383,-0.8587205185530558,-0.3656082417554222,-0.10307864991331235,-0.9970339794669708,-0.06752224858750332,-0.18296403374974035,-1.3730738847999464,-0.18711158784500165,-0.21075233389112993,-1.6330500678201882,-0.26592652387361804,-0.20398031393969432,-1.842539932938466,-0.31172242319618104,0.0049119031929669875,-0.9935644783612195,-0.11316139158662143,-0.1319769417482998,-1.417132853475494,-0.2504683181456795,-0.17373804803014675,-1.7121480275553707,-0.3273023688345095,-0.18750018368737614,-1.9592182259477637,-0.3590465469257667,0.07081032106957313,-0.9164438855960728,-0.17254014080476512,-0.2595111538306248,-1.0748176662121138,-0.3369868434613004,-0.39160845404352285,-0.8628652012894803,-0.34731533084809024,-0.4381811360177176,-0.6621680659543872,-0.305047428226519,0.06271832966420747,-0.7748788466500408,-0.24121824346509382,-0.24172935628111605,-0.8292370117445769,-0.35107197841269205,-0.3558934179495948,-0.6790241221427605,-0.3444983686130834,-0.4039280149328125,-0.5305518542384342,-0.3087127061030568
Peace,0.0,0.0,0.0,-0.23854997055044388,-0.21279290492532438,-0.06740966721671657,-0.38487041678635026,-0.465487105099706,-0.14426776471497085,-0.4898483808793016,-0.6538831619314105,-0.24059015901995492,-0.43364937587206565,-0.8354896497596818,-0.3262702274507231,-0.1326356076387964,-0.9898033643488142,-0.046921517692481866,-0.2146922971022491,-1.3471160788525305,-0.1565542937609802,-0.24896503592083685,-1.5754390091209953,-0.227091291633604,-0.2443677378131282,-1.7640866130304431,-0.267174958514025,-0.0016956136351570885,-0.9955311844746086,-0.09441814249911415,-0.07937013279476225,-1.4281919888007424,-0.22203722807462653,-0.1010329944676593,-1.7208672678427788,-0.2994097636969613,-0.10036999429103544,-1.9513816220471105,-0.32986559322074444,0.09617940630700435,-0.9181075348248603,-0.15473727901721707,-0.1955499879659292,-1.0735878519220174,-0.310247462036357,-0.33426880008681964,-0.8778772803670644,-0.3289155795223354,-0.38831974550290405,-0.6933704632020138,-0.29218718646626834,0.12238214220925656,-0.7810602826791677,-0.2225357909948739,-0.16793469241297024,-0.8405314324007224,-0.3251331838417329,-0.2800467687794756,-0.695518692185137,-0.3189199286734858,-0.3230020318835026,-0.5513928883325567,-0.2830155640369918
Peace,0.0,0.0,0.0,-0.21404144352630267,-0.21108807770183652,-0.07109803035107302,-0.33960617265010296,-0.4840020512518957,-0.143008780307304,-0.39867315330069214,-0.6982732084720732,-0.23333468574751418,-0.3306649701225075,-0.8787294352699346,-0.31358832578475093,-0.10173797848149879,-0.9940944062114673,-0.05303900560681877,-0.18639922903003708,-1.3697157567479517,-0.16168074222550602,-0.2289550341752756,-1.609487652778733,-0.2292955952767243,-0.23658730523813865,-1.8077097485911793,-0.268787816523069,0.04045244715585581,-0.9940870177593252,-0.10077003841159267,0.01699612663686407,-1.4451755297502498,-0.23093835044278935,0.020408751929712914,-1.741796359514667,-0.30979198374868894,0.046105116802717526,-1.9734518729479062,-0.3413609926391517,0.14801151840918444,-0.9055065291880986,-0.16106809891045026,-0.06836517975214497,-1.0894148423300227,-0.3177176729152321,-0.20461495402846006,-0.8945598656620043,-0.3330396224745061,-0.2550622977390051,-0.7135589084380246,-0.2935703642015805,0.19504774810118244,-0.7641452893843359,-0.2288690171151182,-0.03390392768675582,-0.8789705674807564,-0.327577247450147,-0.1546067194622736,-0.7500165538561018,-0.31274944260772247,-0.20691175512847415,-0.6152155878771198,-0.27139222491326354
Peace,0.0,0.0,0.0,-0.21128548458111598,-0.18136550084743175,-0.07734023015667482,-0.34658947480151064,-0.43243058854072497,-0.1492673640157671,-0.3538855395002238,-0.6555069495111064,-0.23601931243731442,-0.2656937602751955,-0.8295359870017576,-0.3148743499360372,-0.20632701028386305,-0.9653163796546335,-0.08032716926863744,-0.2952650750927781,-1.355342122825937,-0.1816053792548126,-0.343163467442239,-1.5943197979219919,-0.23743010146689414,-0.3586649857194015,-1.7995355936650674,-0.26754329890703105,-0.0269127143323077,-0.9925853062209392,-0.11853318388346742,-0.021111399982093715,-1.4330388000470198,-0.23110488273511232,0.005242941196591619,-1.720922487134212,-0.29414711437148,0.04530583780310143,-1.9452191893109492,-0.31762189871150753,0.12373220530869879,-0.9118744867977298,-0.16823601121156714,-0.0459051125026511,-1.0274404637810406,-0.3090948483467404,-0.16846894168383625,-0.8212728689487222,-0.3300442555770083,-0.22303378313158834,-0.6319141331996606,-0.3001682954847141,0.2290431254264572,-0.7705901541490459,-0.2251851592475852,0.045052717580354576,-0.8247159744952257,-0.3113952250465782,-0.08170670501482463,-0.6907969374406155,-0.2997724179707773,-0.1514907770211261,-0.5493570448139785,-0.26580307642198564
Peace,0.0,0.0,0.0,-0.21458890466716585,-0.17832660213448273,-0.08484252518359207,-0.3574434110170026,-0.41998479848124376,-0.16283752780266394,-0.3563245489618582,-0.6154344921869301,-0.2555485782868056,-0.2663877156928561,-0.7282047821449414,-0.34197229308720517,-0.2439386072955173,-0.9741446684845486,-0.08636473930236611,-0.3375088241981403,-1.3597102020330363,-0.18577869163902697,-0.3908193495892462,-1.597935776283344,-0.24577131217537654,-0.4153484408890993,-1.8030510374835906,-0.2838519114499492,-0.06392520805971706,-0.9899741487556315,-0.12595535943374822,-0.03528650808458999,-1.4329988348087859,-0.23768986826343708,0.0024463226842061426,-1.7211089821722565,-0.30593839015214264,0.054695179713895585,-1.9478264515644652,-0.337648937571851,0.09200514398912299,-0.8946210893651391,-0.17748470979161232,-0.013625438744272425,-1.041453141983741,-0.31668155019981326,-0.1357678241823798,-0.8277211422497177,-0.3374568051123815,-0.1941925996619109,-0.6360555700759906,-0.3111292389375249,0.210197662905284,-0.7367021309273792,-0.23711467978963371,0.06682674585726808,-0.8154820252828626,-0.3252573318792985,-0.057587713256457375,-0.6814977105702034,-0.3129825730697777,-0.12747323788266265,-0.5453670482608497,-0.28103795670671483
Peace,0.0,0.0,0.0,-0.2224234197396027,-0.16524516569942896,-0.07635865565451512,-0.37021947004534683,-0.408471318187926,-0.1480588840026479,-0.33303056649645457,-0.5532464460469074,-0.23349469162109396,-0.2352737400009915,-0.6134854603210008,-0.3150585688152179,-0.25533519359464785,-0.9963851992470212,-0.10225183862276135,-0.35718395345936493,-1.3802721580473392,-0.19386728748891485,-0.41741160902554997,-1.619112367712606,-0.2477172754929789,-0.45207081308997804,-1.8206438312295992,-0.28306139729786045,-0.06773905387272618,-0.9872722231253989,-0.14389224449378996,-0.028778521128037415,-1.4122342451498708,-0.2498315590440114,0.023510879180788723,-1.6973713959169965,-0.31471762238164197,0.0870865550577067,-1.9238108596875088,-0.34562133306649345,0.09069039322481093,-0.8681193771665228,-0.19473653730444668,0.015266597285724446,-0.9553400966727125,-0.32650715867313085,-0.10316159603238824,-0.7265622206436712,-0.34831482841137557,-0.16554329062728507,-0.540619842945627,-0.3241529841496421,0.21232141293517556,-0.6939610827570768,-0.25262798239062845,0.11361621663884063,-0.756748069219661,-0.3357857620410476,-0.0020970808702147287,-0.6351104647510886,-0.32361566787988927,-0.07660740622693042,-0.5221841661534654,-0.29305432346710225
Peace,0.0,0.0,0.0,-0.22424460213041267,-0.13604298750643903,-0.09112410734567508,-0.36221927969114276,-0.3337995264325084,-0.1714733407430123,-0.2957407587638376,-0.46905167543983617,-0.2603522469666551,-0.18234540877569747,-0.5746698325014408,-0.34229867673000725,-0.2963900170655444,-0.9856190055328428,-0.12482665549522785,-0.42164844719194194,-1.3681172609071286,-0.2218262646465496,-0.49364608256007875,-1.6142384330192068,-0.277113017575746,-0.5430317686726943,-1.823188017516172,-0.3121452571991024,-0.09991741784682454,-0.9822254371089022,-0.1589015428089014,-0.048450083956039836,-1.3976354754369862,-0.26853087001799114,0.011113794170455406,-1.6757938167390147,-0.33084370779391303,0.07117764307689727,-1.8938677004194764,-0.3586150405034879,0.06122179061562787,-0.8662506467195294,-0.20274699264206367,0.0358774273254654,-0.895747582332144,-0.33267568433935163,-0.053259454354024974,-0.687772471714592,-0.34926825516066806,-0.10848477907035345,-0.5277566895522542,-0.32155435039506997,0.18379170494610605,-0.6911881568084229,-0.25481172794568335,0.1250744596450365,-0.7013792502130721,-0.33119112381677474,0.0329593673041684,-0.5581356111520132,-0.30958659306352443,-0.032728985326143406,-0.43638568911277453,-0.2716504095509791
Peace,0.0,0.0,0.0,-0.240477890385581,-0.12451615706416834,-0.09643969545633567,-0.3852307103211426,-0.30137837631209324,-0.1894287397078319,-0.30191771969009723,-0.41212537396063564,-0.2917547173082177,-0.17186431534528582,-0.5116761229308535,-0.38929660884878997,-0.3229789588990731,-0.954261572525714,-0.1498764573549794,-0.45404931792650655,-1.3539605024176127,-0.24837782520375026,-0.5319796479648339,-1.601668911526131,-0.3007533640250412,-0.587732773389983,-1.8183997900030116,-0.33282601907350196,-0.11225216582013134,-0.9770737111790092,-0.18090443386376073,-0.04659694221910996,-1.3636267874932098,-0.28539030727001985,0.015438148435701774,-1.6284353229355977,-0.33882676991346017,0.06960419526501851,-1.8420666015172023,-0.360953379021893,0.06076898463999189,-0.8869650623863025,-0.22090016967730092,0.009029983011693263,-0.8326897446570033,-0.33764840979935,-0.08728248265184671,-0.6064104021531763,-0.3539564931113203,-0.14085395214276142,-0.4370452952636701,-0.33099874542620195,0.19053681401927805,-0.7374092819377418,-0.27092465274386435,0.1099797073070383,-0.6633714925822,-0.33525500943334213,0.0028309542241143426,-0.4974904002721022,-0.3163857932138612,-0.07005427509092421,-0.3668677270289472,-0.2835159223035568
Peace,0.0,0.0,0.0,-0.22915199290538255,-0.10634545862189175,-0.0865762334355661,-0.3784433553679492,-0.2541689704195045,-0.18232582398872266,-0.3180043716438988,-0.3296344580558121,-0.2890488238568828,-0.19919524344968165,-0.413009234635922,-0.3909235464365346,-0.3634859141515322,-0.9258133490851919,-0.16601427979875152,-0.5263443390497556,-1.3315581184970207,-0.26945698053340783,-0.6205279642855455,-1.583972968009747,-0.31608463279201987,-0.6847092157458438,-1.8059422616288574,-0.34231689457727377,-0.14463464022259148,-0.9681924378470548,-0.20416714756164508,-0.09374205338777593,-1.3387481534582395,-0.3233801180805982,-0.04212949689477233,-1.6028027510035407,-0.37844305848750204,0.004014940141585407,-1.8230032523659794,-0.3970449882606938,0.03684709525750996,-0.8939529025213596,-0.2484881326170328,-0.04419278966272076,-0.7400550940300381,-0.37222569376746906,-0.14426427809723133,-0.5007879210486961,-0.39275442355190193,-0.19560666704951327,-0.3371687329828246,-0.3710819994216558,0.16937679830456212,-0.7579738219792261,-0.30139058256294377,0.052066473745196205,-0.5903146451256096,-0.36439079035681576,-0.06994476602272652,-0.4159180981306589,-0.34780310720779745,-0.14919188355353274,-0.298823549766068,-0.3171370114036637
Peace,0.0,0.0,0.0,-0.23677854392101194,-0.07843124864197143,-0.12284422884393532,-0.41254459873964117,-0.19945352083707538,-0.2429502099705588,-0.36090410624093267,-0.2345531408468385,-0.36750921603943,-0.19906773394861238,-0.30057273965773057,-0.4845461095131764,-0.41198659567776735,-0.8957692076495803,-0.21741885540793354,-0.5947874545799992,-1.3126318625705642,-0.3427200244324492,-0.7076557063978539,-1.569944541501484,-0.4000021308827393,-0.786268235222363,-1.8079367184778812,-0.43528265340799316,-0.18163953273284983,-0.9523384439445554,-0.24506849722854004,-0.1446275956308377,-1.3037925653366178,-0.3803846646083587,-0.09148757612220042,-1.5420432554066545,-0.43428759515603244,-0.04072213817128317,-1.7849541680025736,-0.4501737818190839,0.011875551457928912,-0.8830361631615435,-0.28180218813370916,-0.07061958344278552,-0.6761943418849171,-0.4160223893474592,-0.16843704810544985,-0.4116434851656101,-0.4199083000103254,-0.21355334236803683,-0.291069126088193,-0.38516224716908204,0.1584877874205072,-0.7445313056959157,-0.3318421512916192,0.04030443841735262,-0.52625221556935,-0.4001226066707174,-0.07140852990387135,-0.3281885094650634,-0.37442082985315445,-0.13685766264034016,-0.23802314567424715,-0.3361592397011541
Peace,0.0,0.0,0.0,-0.22269847353426284,-0.0677194466345601,-0.11607673931295126,-0.38058895389307723,-0.15712590533391171,-0.2357734295970035,-0.36125635054780914,-0.17139550881318108,-0.36244893353369684,-0.2911642123007363,-0.26483665189731537,-0.4833149509736165,-0.4474829473590576,-0.861714369341021,-0.22844425055756926,-0.6644942741804857,-1.2935804196065888,-0.36458076261849043,-0.7856065758038911,-1.5534242857269387,-0.42872194075934195,-0.87000955128889,-1.7964945700239345,-0.46487067255393644,-0.21287861501040503,-0.9425198938820871,-0.2575634774337213,-0.198160302657452,-1.2760160054120178,-0.40818577845856696,-0.14129583748812136,-1.5251326758192014,-0.4717844749620917,-0.09368679514631997,-1.7533066813048914,-0.49163532052406117,-0.014611726976802769,-0.8863729350131548,-0.29299414374369037,-0.0990084784982308,-0.6371887735009999,-0.43824076367017684,-0.2043552858978932,-0.3550098251090471,-0.44548375540156987,-0.2752668478488365,-0.18961927414853566,-0.4098280295963857,0.12885996927590418,-0.7523002017478292,-0.3399153165491279,0.011742479770655755,-0.4773223792073125,-0.4189579034087599,-0.09553939680294622,-0.2797162038065249,-0.39517446105198384,-0.1756525053967589,-0.17146475040790643,-0.3534120301771617
Peace,0.0,0.0,0.0,-0.23359666580495875,-0.007173681388292,-0.13758702287591412,-0.409008550316962,-0.08851729634551193,-0.2719108057197447,-0.3590935691551428,-0.075323654577066,-0.40949583245314836,-0.26213869298940257,-0.09475132768977573,-0.5469535581802528,-0.4678994306510274,-0.8150712160554102,-0.27724001020763517,-0.693692351016772,-1.2255652764286022,-0.42404247288480085,-0.8305716714517837,-1.4776535261695516,-0.5043792526103819,-0.9357123531727227,-1.7232827815374172,-0.560390543336717,-0.22473220083320805,-0.9250282850060383,-0.30629742056937087,-0.19000033895168944,-1.2108861246039262,-0.4710660297916568,-0.12291506508832681,-1.3898352071305315,-0.5378990057330327,-0.0743932208954848,-1.5630156846164462,-0.5653460138542424,-0.00993963743630636,-0.8917521894655799,-0.34125510951368887,-0.029143185371327693,-0.6316237108035376,-0.48643431417202887,-0.12444393394061434,-0.30306876807931143,-0.48225333229422573,-0.20291623307002807,-0.11638296820401572,-0.45114245354046356,0.1620154827697233,-0.7745715869843328,-0.3922882291934033,0.11337424479063607,-0.49334685468110817,-0.48180597215567617,0.009917434381320407,-0.24125253051945514,-0.4595507609367835,-0.08127093137155837,-0.10840913898509784,-0.42578449630152315
Peace,0.0,0.0,0.0,-0.2680808844985451,0.14763477105804354,-0.2635422796776206,-0.49054186145714807,0.23399243445708193,-0.5125640479909129,-0.5316783062066041,0.32745720850302856,-0.7440948535078793,-0.5895429119219858,0.35384546380344156,-0.9744724857792122,-0.6146655362138984,-0.6387479949387553,-0.5093509248622013,-0.579286708956947,-0.9265788272342971,-0.8055464906656126,-0.44360765536829616,-1.1026365417228652,-1.0158440194950527,-0.2999570236352952,-1.3208485949416557,-1.1448707427296607,-0.3114579608118225,-0.7927326427098791,-0.5239932211671755,-0.3466011491866785,-0.9787344829975837,-0.7867822667802983,-0.40810097270857426,-1.0842512097623203,-0.9103044712283163,-0.4576731244623301,-1.2128423997539421,-0.9727907747959967,-0.03088766564651351,-0.7757732421875447,-0.5502582953483601,-0.11235355383976639,-0.3812340157818742,-0.7819456893639884,-0.20714389970669508,0.01813457039640144,-0.7726426965442285,-0.26812707741825575,0.25741004508753224,-0.7207248793258806,0.21656533062267735,-0.6355969779156369,-0.6015398600892651,0.0974681604208686,-0.2532224369494785,-0.7468689720506803,-0.02277915849016396,0.05893886605650949,-0.6994636256765654,-0.11182673458878079,0.23716984743432085,-0.6325266480426576
Peace,0.0,0.0,0.0,-0.5030145095384816,-0.16855293113945535,-0.1725358837371383,-0.9815053940300085,-0.3855138817813895,-0.3398742196787156,-1.3057703313091578,-0.5891569196441471,-0.4774491231708858,-1.5803944472309261,-0.7993700304047321,-0.6226689201410459,-0.7336568212101485,-0.7313047570292037,-0.576987904000938,-1.1356120181986524,-0.6551462155751248,-0.8745962407275125,-1.3376119290459136,-0.6841715459633494,-1.0518939224566182,-1.49273736501909,-0.8126489805573834,-1.174427577934667,-0.4397206359347029,-0.6461434136836243,-0.6238144365806655,-0.740670398380221,-0.22586147563880568,-0.9090700987211237,-0.7660225880318775,-0.03276391616153435,-0.9507771552522917,-0.7807550267912341,-0.08713382631342238,-0.9798199122840208,-0.18616464711992708,-0.4040692238730207,-0.6739271470925058,-0.5035715533395854,0.16942471990795877,-0.9115815900555265,-0.5642034881233352,0.3797492394287646,-0.825267500876734,-0.5836577101847257,0.34780232084218243,-0.7601758673334367,-0.002805309109821069,-0.09950506902624225,-0.736490775844455,-0.32873041955357146,0.4433350283359632,-0.9324982803914542,-0.4178592541032967,0.6433801111555258,-0.8921699833668981,-0.44307781412179237,0.6456107215240988,-0.8451853173146714
Peace,0.0,0.0,0.0,-0.3094979931214232,0.1875521521284307,-0.23230312186154894,-0.5582249659387789,0.3546761302978376,-0.4752281597954315,-0.4943251177300606,0.5875601887894861,-0.7109908977915526,-0.3007453384945381,0.739927950727729,-0.9649929038098568,-0.7886684073984208,-0.4509606443565318,-0.49402491925452624,-1.1350756934376083,-0.7096204190555885,-0.7548116781015303,-1.4020399418410379,-0.9028576555497766,-0.9380836086582705,-1.6239932614317516,-1.0652816722737597,-1.075269085576915,-0.48164791091071724,-0.6813193877478328,-0.551197951551219,-0.5182790441206462,-0.8591528272078965,-0.8672909472624435,-0.46093470138591164,-0.6926739295294695,-0.9844990095913063,-0.4514463299587521,-0.5964381715543959,-1.030391454646662,-0.1402340604356698,-0.7096560485013111,-0.6171671204628334,-0.11438302232984787,-0.49141069157774125,-0.8805368187878614,-0.10742809201697257,-0.059387410161835,-0.8623543156611114,-0.15606197288949372,0.16649765001828115,-0.8118078523929744,0.17709959789377464,-0.6047817126334647,-0.7046932369905622,0.17687331965953557,-0.3663782154447696,-0.8846100614084126,0.14688707807689463,-0.03420676820579592,-0.8339591319803386,0.0878578376062723,0.16349977595361123,-0.7697569804262229
Peace,0.0,0.0,0.0,-0.32134264432632065,0.20178705000964423,-0.23705651482315704,-0.5496592067760034,0.414014479147476,-0.4940346135396954,-0.5423708213346655,0.6280682624227515,-0.7353372026370057,-0.4350664774577688,0.7461879794699592,-0.9908072354085429,-0.6870085935307817,-0.5034816786738867,-0.5224743196191636,-0.9066488900297975,-0.5379284889413514,-0.8199843662334548,-1.0811397180632367,-0.5482022728633767,-1.0466927275619418,-1.236059634907338,-0.5788006719371911,-1.2103672534555188,-0.4078708938495984,-0.7166473670583198,-0.5657365864417003,-0.3431594942336778,-0.4401686878888741,-0.872364624028202,-0.30894337807140054,-0.043426229948304154,-0.9800997001202876,-0.3131599708637997,0.12627483107971302,-1.0336449631462312,-0.09403587177867306,-0.7122000801607331,-0.6206495248892367,-0.05233319000415856,-0.26818855489551524,-0.8687001488056675,-0.07219177209781724,0.14052770124557543,-0.8303422218998538,-0.11172035546626327,0.3125425157688416,-0.7799083875570288,0.1806718817698773,-0.5773211330988212,-0.699553605185522,0.20285133945867675,-0.1951610198582337,-0.879626301594946,0.15778578790921513,0.13023843449769856,-0.8285329762849761,0.10758767958997927,0.2767771880518627,-0.7643298778417604
Peace,0.0,0.0,0.0,-0.38234490764019047,0.25027361296017825,-0.29293002372080623,-0.6186765846962246,0.5801372899688216,-0.5890183750060739,-0.6190851579202927,0.9092730395802989,-0.8639766897389418,-0.5260055068943302,1.228230312975043,-1.155816061892662,-0.91787850888437,-0.3756322163333329,-0.5759037998806678,-1.0583201348088873,-0.006653906791966145,-0.9045830314509669,-1.0904769321003123,0.35508014933980137,-1.1591113300182072,-1.1426621556001364,0.6035668798118614,-1.3256653709866606,-0.5437275789440105,-0.5761257679667979,-0.6102781491912949,-0.45997965697347265,0.019067028397479927,-0.8948908824443106,-0.4288738934553903,0.5522909401913152,-1.0128335691170396,-0.4435149898664346,0.8530975565625607,-1.0895304761365041,-0.12014429182884885,-0.5513220379742395,-0.6632226205612017,-0.08159457431511767,-0.031087419414144585,-0.9177386723545065,-0.10360416374879416,0.4297715038139807,-0.9129413764911947,-0.14220432754835416,0.7210975537410338,-0.8901046347345068,0.24863848624099957,-0.38669954776814075,-0.7413522959032817,0.2645053023242482,0.08047308250619606,-0.9410597609918688,0.19515458356467322,0.44197366822421036,-0.9052276807853702,0.11738975785801424,0.6826399736584445,-0.8487095486670901
Peace,0.0,0.0,0.0,-0.4848987119332089,0.4775389558556915,-0.339012065140319,-0.7416690980913222,0.9508781570994482,-0.6807009688437099,-0.7238673269090765,1.4962534185915104,-1.013933485583393,-0.6302134642388748,1.996214624025512,-1.3680888517848482,-0.9285689874314971,-0.20989793184439368,-0.6332518901341525,-1.0891457860209421,0.06740560421309175,-1.0485456039911618,-1.1068872756333272,0.36431686413884984,-1.3685634132468876,-1.1864323408114255,0.5901723668627232,-1.5754068363729545,-0.5202515661140736,-0.4856399673750105,-0.7024899501372616,-0.44672093866819285,-0.08419547649161055,-1.1314820271426176,-0.4016286614726978,0.5457402767909415,-1.3284658798492976,-0.42282449290557067,0.9752668330601035,-1.4353114286797946,-0.08196880002145389,-0.5342003056448235,-0.7986745474373214,-0.049823341092131095,-0.04595534298191124,-1.2153070837808095,-0.03555490137363846,0.5998199124501868,-1.2716171375248926,-0.04889833079599619,1.0264080539898741,-1.247581212681662,0.29154994182285665,-0.38785078901238007,-0.918122062380892,0.2900616106497497,0.09965749129334063,-1.2124657431655583,0.250851151732779,0.593148197739008,-1.194993857677687,0.20012192415288252,0.9244947847788579,-1.1400723587152177
Peace,0.0,0.0,0.0,-0.4363632227435136,0.3021767425205624,-0.17390390060544883,-0.7380312860494751,0.6509913372429493,-0.3729078902890438,-0.7809212981787269,1.0455696429676882,-0.5664131165302461,-0.7336305818485879,1.3995207042806292,-0.7856282143976154,-1.0157269140035534,0.03160842967480386,-0.4832033818954869,-1.381173093370223,0.46858097076732247,-0.7540683302027085,-1.689963633364581,0.6706527404431901,-0.9668548614390119,-1.9588384992371917,0.8175033009733345,-1.1285775152083382,-0.7944617776146903,-0.2514778431964648,-0.5528013913609124,-0.7021482736531175,0.6737512645620587,-0.8426685887941601,-0.5571637304067182,1.0658458480595139,-0.9194847143817989,-0.4767633839802455,1.1905861197855812,-0.9598363301386339,-0.425476132793477,-0.33594117211317986,-0.6310969444804263,-0.3571479666369163,0.5653055008922856,-0.8450128838873213,-0.3188254229152408,0.8221649572887507,-0.7834656019725734,-0.2997649514694714,0.8636082818609417,-0.7311050279661573,-0.04590370261879885,-0.2992717551986251,-0.732787588494478,-0.01732154332534255,0.3945221800536289,-0.8993069711354121,-0.04974992389647826,0.6596708174626573,-0.8452094850168705,-0.08097579583601477,0.7357940006769504,-0.7834316523927783
Peace,0.0,0.0,0.0,-0.400323525695137,0.43441696617061965,-0.15790607666142073,-0.6454896980409002,0.9004104959615706,-0.3651707639544978,-0.6414863182802851,1.3783871491320274,-0.5701509386396522,-0.576077049055886,1.7535375083380618,-0.8035442247296377,-0.9925199584340455,0.4419537746465045,-0.5305054946296301,-1.352103503401417,0.9590639047707323,-0.8244297162067635,-1.649275601888861,1.2528549316665647,-1.0374298442259184,-1.9304024533555162,1.4752649183674007,-1.1999717274621187,-0.7621566157398597,0.1273868905749002,-0.6347360657735011,-0.8530880592149784,0.6463516938085656,-0.9509784069977449,-0.8473295882175024,1.0697216690295785,-1.0708171015797858,-0.8849966671233646,1.3651920798080417,-1.1526407304441457,-0.4073570844553513,-0.054909507366364275,-0.7392602777861129,-0.3791537389666492,0.7263426392514385,-1.030374060173954,-0.31152916575042194,1.2535962982889008,-1.0267744267910328,-0.2864024917444148,1.5603518169236366,-1.0024306642106684,-0.027789311078431276,-0.10799449890962338,-0.855105330897917,-0.021427380215909626,0.6297092696907168,-1.0814083562466155,-0.03636591765598243,1.1077594312466086,-1.0615402019756064,-0.07374336095769465,1.4095126100109714,-1.027113303589272
Peace,0.0,0.0,0.0,-0.43095197403859997,0.23156937036195743,-0.051869028130900566,-0.6673334936101161,0.7020040972261372,-0.23140601595819554,-0.664074597013303,1.213194258499199,-0.3935777266303464,-0.6064156838224367,1.6137061273271505,-0.5934521841395688,-0.7971262215179609,0.6091479044462136,-0.6199915331153618,-1.1258628938279887,1.2486196978797124,-0.8581878630131121,-1.3754452091238913,1.5422040959028676,-0.9967025045469002,-1.6019620222063915,1.7922324764090325,-1.0933769557094941,-0.5157183213289607,0.5113661946702152,-0.6874148878182247,-0.5082662408494725,1.3998836578976155,-0.9327959723973591,-0.472050075400193,1.891744326725984,-0.9720197311026126,-0.45325181642749124,2.2345428772192886,-1.006722308422243,-0.1913394725513727,0.5121654660495227,-0.7231601354457506,-0.15742455923089785,1.3830864258100297,-0.8799709989579322,-0.1920624058231769,1.5818167374486771,-0.7791037911781902,-0.2265649516652168,1.612328053580504,-0.7100054843982877,0.08887863556657703,0.5627064204030703,-0.7554495170684838,0.046621505251882626,1.3184759024937178,-0.8663648706701975,-0.03650499694557947,1.529815104679916,-0.7905847719451947,-0.12941986752455417,1.5839843978893509,-0.7239994273627605
Peace,0.0,0.0,0.0,-0.3166772568906928,0.295040009325954,-0.04399807377926398,-0.43664103528509735,0.8599989210360235,-0.1831108399941008,-0.305973318166087,1.4170678215693195,-0.31027844066124416,-0.16041231607488607,1.7829457702340221,-0.46086500079649767,-0.6935411786295131,0.7843966061740499,-0.4587097437537876,-0.9110137219055671,1.462414133010378,-0.6550703451492648,-1.1148291193868174,1.8059886449169922,-0.770745463778697,-1.2929673611613148,2.0752424274323062,-0.8445203029882877,-0.439816661861261,0.7305619964716606,-0.5223413378821922,-0.4066758881412146,1.591934464889478,-0.7074326286147468,-0.34683113981728214,2.104176745712001,-0.7692335057007327,-0.2958559039560113,2.4700803581658533,-0.8196039048645904,-0.13490972760057987,0.7034631737784579,-0.5596296205268863,-0.06262338816168352,1.5058265710065364,-0.6970861116202808,-0.05308822116794626,1.5868081230067848,-0.6284602706072422,-0.04972332414680208,1.5191182751370909,-0.5683128366034662,0.15146019829089818,0.7077778983292855,-0.5935351283806508,0.14360707881102755,1.3515690196982988,-0.6819262306717386,0.099093236530519,1.4061591071937884,-0.6086058543950107,0.053720191975762645,1.3439848353422281,-0.5398671328093831
Peace,0.0,0.0,0.0,-0.33267437608136785,0.29623222396398596,-0.009375874607185775,-0.4690774484177966,0.8294168610844664,-0.11189949476309727,-0.3419256027196807,1.3514847215997527,-0.20954159281510903,-0.2133911111989768,1.6722000906195407,-0.32430277051902173,-0.6964214474709818,0.8108640260762511,-0.35122286448458667,-0.9009755554191966,1.463402034733929,-0.521914121381891,-1.080324300942265,1.8053713649942347,-0.6265770592913493,-1.2492644658985224,2.069568887756225,-0.6926260240949116,-0.4702388423908092,0.7789353166303354,-0.4148917974761017,-0.4431819513297428,1.5680230274753422,-0.5670390421094609,-0.40036484661852767,2.0422444031585076,-0.6204520547456266,-0.37620894516838105,2.3878084224378,-0.6660601766795864,-0.20219400900285198,0.7639367701959643,-0.4542897768674426,-0.13418984089164332,1.51603193227094,-0.5553258242266387,-0.11845862050212633,1.560063664482885,-0.48297032023009867,-0.11887688393419144,1.4620198642106956,-0.4228403177020317,0.06506182745643699,0.7652243561476284,-0.4916611986355248,0.07785165778989157,1.372359393955284,-0.5498732494428638,0.04453032123494094,1.4743743203353188,-0.4797941619990639,-0.0027372489832533688,1.4564792996338967,-0.41541138878932976
Peace,0.0,0.0,0.0,-0.29119801983185667,0.32534507163986065,-0.023662135045377237,-0.38357257724874777,0.857239688744629,-0.12329907131658498,-0.21577398085532648,1.3832587317908682,-0.21948487838190253,-0.08087437151084473,1.6890323489963326,-0.3265904088020349,-0.6330656698694657,0.8571956129441287,-0.30361688162608874,-0.8186387323207636,1.51482724504958,-0.45580471774461156,-0.9794625581615463,1.8367177633869636,-0.5411790654510499,-1.133316335856887,2.089754235540759,-0.5942682547153885,-0.43568591479741786,0.8264743302423567,-0.3565360642313548,-0.38397713013191115,1.6038185350250072,-0.500643327554968,-0.32396208096089735,2.0543568702083586,-0.555178248051023,-0.2846741267282135,2.3832235083575797,-0.5992976745987518,-0.1907463470967534,0.7999951184622051,-0.3903557520262042,-0.10185625156125043,1.4976628690261795,-0.5046740145354134,-0.06582023687466236,1.5289315012096745,-0.45522872461447667,-0.05008495121952391,1.4394994532292444,-0.404908580650829,0.06689582133278946,0.7984875461838685,-0.42221412291792376,0.11134896465573488,1.325847303120836,-0.4895195287463062,0.08994251771071408,1.4488016959001384,-0.442068893674541,0.04919848792578839,1.4809302559464554,-0.3944193271996249
Peace,0.0,0.0,0.0,-0.2727807487739469,0.29719855652111477,-0.01908912801768681,-0.36193280080002665,0.8085292292263757,-0.11357004123308959,-0.2001416446197469,1.3079630264297568,-0.2057413091025906,-0.06624569785690868,1.5992518841361745,-0.30798242474731935,-0.583879597696404,0.8512885473113527,-0.2994386634952676,-0.7448184972793427,1.4983778110417478,-0.44867025433810465,-0.8978760343745502,1.8174219522811454,-0.5315761291934331,-1.0367934363647922,2.0710193068405753,-0.5811872113991969,-0.37804459957802616,0.8560667728243141,-0.3524655461120338,-0.33507528682226867,1.6004034678146482,-0.4940941973408737,-0.28910338897543175,2.036944707871971,-0.5497710454692307,-0.2500384529413232,2.3738434766439402,-0.5928213289523808,-0.13735726013172145,0.8317819052517936,-0.3848031377509112,-0.05930909969951371,1.4489985803109562,-0.49060753431289167,-0.04349027735736117,1.4097003639066863,-0.44084070253149604,-0.033591949926891455,1.2861100326253074,-0.3904578316963654,0.11122054439389055,0.8079902711297958,-0.4156118115372561,0.13450878403290836,1.2742190843923609,-0.4717290769161765,0.1008490938896361,1.3933055380371206,-0.42316471335860634,0.06177315007036568,1.4454189332515828,-0.37653271885636486
Peace,0.0,0.0,0.0,-0.29935706300178155,0.3823310863690919,-0.002944528700692594,-0.391266459467468,0.9425475854239017,-0.08497880444676058,-0.24136476428117967,1.4263441810243485,-0.16562690587902956,-0.11239758792167787,1.737871019615692,-0.25253791910299356,-0.5946915060133883,0.8958983900345245,-0.2694679683758823,-0.7969645908612394,1.445838432525603,-0.41208863312312954,-0.9800979224538487,1.6895033377675752,-0.4852235965473819,-1.156768122717105,1.8646174861566611,-0.5237266344800325,-0.3792843346981133,0.8685879460266335,-0.31890182418707413,-0.3435445233869849,1.586605546351974,-0.4481377110575949,-0.3034670992755019,1.9746186911515275,-0.4875855698193122,-0.2727564560271042,2.243639782139435,-0.5211132343252602,-0.13945082632605985,0.8437642431232574,-0.34887720403132294,-0.09357492882958582,1.4945713295198786,-0.4498017199405911,-0.11928834458039447,1.4097716506923668,-0.3904790283878681,-0.13235497761748635,1.2256733778160043,-0.33074431405158267,0.08759237692443633,0.82781161191738,-0.3738147477318405,0.06798423209221614,1.3525833296180276,-0.42465840125050147,0.01654647355515564,1.2867336518725803,-0.35461100827866704,-0.015700889120089902,1.1327393616422214,-0.2881572178213013
Peace,0.0,0.0,0.0,-0.34603123439529054,0.41090611849191594,-0.042233330615653854,-0.4251585526352151,1.0748012101005613,-0.16084513251375707,-0.2681337648638552,1.6179323557522012,-0.26868624499970456,-0.09832613677958543,1.9736995276992153,-0.3896893282055829,-0.6402140605161392,0.901738786679827,-0.3514396170274133,-0.8890045762090875,1.394386320577537,-0.5356434108322471,-1.1179198322577848,1.6567443190868145,-0.6576505787043386,-1.3203872623436914,1.836467085691206,-0.735199615416623,-0.3824114624721734,0.8322569544851892,-0.40138489642851677,-0.2968358271604545,1.6051451387534958,-0.5544382369580774,-0.22835747175900287,2.026367591963439,-0.6030247985689401,-0.1861102963734728,2.276767512283017,-0.6445869618401975,-0.09202079144377211,0.789155839071147,-0.43516245535244014,-0.028102699491849185,1.6012104982234894,-0.5511030200201236,-0.08141219137430057,1.6892037661387094,-0.4838610175685515,-0.12257151719047894,1.5797219435652354,-0.4231339246788958,0.17129716014994895,0.7737134326899383,-0.46775241274325974,0.15225468655286595,1.424327714401849,-0.5522844212483506,0.06846546849327649,1.5214770090009107,-0.4910649208130683,-0.007192353657001323,1.465063474292723,-0.42767029871845835
Peace,0.0,0.0,0.0,-0.15265969021716821,0.07454061106414948,-0.26110809535092017,-0.23258441473359737,0.10877382189552005,-0.46103361006386046,-0.08499442111369686,0.3404452069075614,-0.6313089999247127,0.06743450994762873,0.4754010867105688,-0.776357740828818,-0.01742201605906417,-0.8851504931007822,-0.34867844309519946,0.1923326528749071,-0.420250248878289,-0.5865034472918018,0.1293990472254093,-0.11197763158045398,-0.7436097043302482,0.07146749151691306,-0.04105711731672211,-0.8375572004283701,0.19371640725781775,-0.9276281901990924,-0.31934291021890515,0.3406657590235532,-0.19114823597614156,-0.506549952932656,0.1578937001422302,0.05744922304103677,-0.5585621260108143,0.019206446790627822,-0.0209944800068447,-0.5882930816123091,0.3423965527613911,-0.8374620020896197,-0.3183317878423124,0.4140331609189694,-0.13254982033072632,-0.4743392370270163,0.2519113446220719,0.09614070876880841,-0.45143163753127336,0.14178579042944767,0.04977673128181467,-0.4225044863180292,0.4444245220057128,-0.6885949276601513,-0.3487442384746299,0.45403755216480496,-0.11458022660437209,-0.4568068448409381,0.319350257606499,0.10052533286785469,-0.4454504122477218,0.22151918298318335,0.10767706545664961,-0.41579633466941707
Peace,0.0,0.0,0.0,-0.14638955244645543,-0.007162619280895435,-0.23904740959548007,-0.19182989334033176,-0.04733305058815831,-0.4238979486950063,-0.048031718255960226,0.03624458441199493,-0.5759995889836506,0.0820849804121791,0.15634194376460378,-0.7026448911107027,-0.04702586541724335,-0.9757562440278932,-0.29981118777430976,0.08603021773351809,-0.5978243892086159,-0.5026722945064583,0.08205803792542775,-0.2524890652732519,-0.6323159688333383,0.06869987135021167,-0.12072193518184458,-0.7067601008247856,0.1425414713652198,-0.9534795020087375,-0.265629004798437,0.2507278022567568,-0.4541241868033402,-0.43994054116372877,0.19568634292124018,-0.13085598417581637,-0.4901753690134188,0.13033713719610487,-0.03158557530149341,-0.5088812109892806,0.28913350068180654,-0.8423854236455365,-0.25544464275155454,0.36332127082961985,-0.3348828637343309,-0.4100068515674587,0.2890269553932899,-0.05468671659329055,-0.38467290271358084,0.21945369843088877,0.03761334438286249,-0.3422777772067249,0.40319778409959534,-0.6900509706754471,-0.27004132176462153,0.43856592125317906,-0.26027748504187176,-0.35238960375187056,0.36887223953938936,-0.04235399739261051,-0.3244356511437355,0.30647874707672546,0.022366754418074876,-0.28084196768222247
Peace,0.0,0.0,0.0,-0.18737414737937916,-0.0028608503883522656,-0.1534252253660605,-0.3135378453202513,-0.04626705884735615,-0.30570420635726947,-0.2748041633476856,-0.08775702624541443,-0.4577587961272668,-0.222981062822088,-0.18288137863808182,-0.6040795446192537,-0.49614312546089456,-0.8036023001031432,-0.29134877339085,-0.7431067695399184,-1.2089599316864361,-0.4595209311474435,-0.8932060532488006,-1.4682017346909118,-0.5535591982095841,-1.0064356135646328,-1.7159249433596973,-0.6135406177054155,-0.2633176825960946,-0.9103149568067406,-0.31935947996914743,-0.23819134862742947,-1.295390118627848,-0.4956303556462173,-0.1823099918185601,-1.5751342911197739,-0.5729522783438505,-0.14010099343993856,-1.8379222953927685,-0.6040954545504005,-0.05374639090988203,-0.854048824432292,-0.3543121300894687,-0.07224538186733688,-0.6750623927534651,-0.51988252456723,-0.15102235343719791,-0.35353178965417464,-0.509616213150507,-0.20768031070056453,-0.16666441029704432,-0.46325134494182424,0.1073815591626399,-0.7010401283298343,-0.4050704156386418,0.05942501248840467,-0.44905325392826423,-0.5062617143138977,-0.027992471349521545,-0.2207103974488277,-0.4699723362554458,-0.09344406784903625,-0.09827853295773092,-0.41720961967313996
Peace,0.0,0.0,0.0,-0.2148985520057833,-0.017293606869608517,-0.13156926885056894,-0.38950226115371295,-0.11440782203911516,-0.26485308340480856,-0.3338029207991446,-0.1784058099677648,-0.4030146833103808,-0.1982199085428966,-0.2777567306347778,-0.5373950558885715,-0.4667786822527438,-0.8345344491992202,-0.25920485628089734,-0.6762616008108613,-1.2510915552533257,-0.4114823711898292,-0.8070465551280142,-1.5171734966742676,-0.49151740506471975,-0.9030980180024093,-1.7625638598775375,-0.5435767348481148,-0.24005775727865963,-0.9247620444227008,-0.2952751841342016,-0.20690496061191746,-1.3187007739881342,-0.46073770292773925,-0.14662548624393693,-1.608127815947864,-0.5340970907255816,-0.09869602941774311,-1.897342344764312,-0.5619487199792526,-0.03745548814805627,-0.866899697158507,-0.3373278082800261,-0.08520228442352781,-0.6432399689726765,-0.48694226203162605,-0.15455918587398065,-0.3405878553517654,-0.47492496096284803,-0.1851282406547145,-0.204761171308752,-0.4290793083866458,0.12008224014852958,-0.7208774198629716,-0.39507398697895596,0.03456090614202414,-0.4599471030242492,-0.47738546761519746,-0.04434770545518706,-0.23647171459747246,-0.4375773619500882,-0.08337474602278754,-0.1429129432017797,-0.3858291288324342
Peace,0.0,0.0,0.0,-0.22122621395829015,-0.050161347191688736,-0.111100206720293,-0.39760332083052413,-0.19258044563490387,-0.22057380676758562,-0.31855483616619695,-0.2810232577212938,-0.33671792223270225,-0.15728669644941656,-0.35740997214057635,-0.4517996691325205,-0.42767329073245297,-0.8659768884369065,-0.21455308552707805,-0.6209859659664414,-1.2562519099473424,-0.34433577183342673,-0.7395326491081299,-1.5117082244041449,-0.4147545810668982,-0.8273611793582007,-1.741956029665938,-0.46090371792885504,-0.21566607166864152,-0.9436087639684978,-0.25117851439336975,-0.1825923183233496,-1.3428315711464547,-0.3854014351618064,-0.1342796434013535,-1.6197879264429318,-0.44739688926500826,-0.09171974701028919,-1.871187226311317,-0.47231741522488213,-0.02387594667166931,-0.8788346071264019,-0.29422532051391936,-0.053511381477541496,-0.7270946337600919,-0.4289628281253346,-0.1212783745155581,-0.43722317500930075,-0.4306240287825778,-0.15100456553409713,-0.2685020786063956,-0.3961486304855296,0.12256220413092918,-0.7302733965940247,-0.34971991946358955,0.05278444893367095,-0.5313952820151736,-0.4330838929397146,-0.0322590662533758,-0.3156617611768069,-0.40754091885006677,-0.08305482409119688,-0.1935978333730098,-0.36685516473584917
Peace,0.0,0.0,0.0,-0.20166406207478008,-0.06758801222123076,-0.10321249200983179,-0.35011698179265355,-0.2597576468841521,-0.19493275875293437,-0.2719263511404826,-0.40611143986940335,-0.29420912428132073,-0.18395611447932742,-0.5242438493307241,-0.3908966082069165,-0.37802340216009506,-0.9079127948952563,-0.18395796171167006,-0.5502274538629258,-1.3055429958980502,-0.3107259676626243,-0.6638065916054379,-1.5747449157349027,-0.38434631601790176,-0.752075529738372,-1.806671459528165,-0.43183826665619757,-0.16508896552749233,-0.9610684763485203,-0.22156944110187238,-0.13389854072676718,-1.3782988003445003,-0.35622680338989815,-0.09074208361388708,-1.6687128040683743,-0.4289548559875734,-0.048054134196284404,-1.9187709551376928,-0.4612246287139733,0.02236187058383502,-0.88769113319489,-0.26522416907243995,-0.021749917711852272,-0.8039869355478758,-0.4017214553975915,-0.09880068985366437,-0.5298190395518368,-0.40103161761462913,-0.13859748290545204,-0.35405453477565196,-0.36428453235457925,0.1688248736200863,-0.7449902281223972,-0.32074678152915603,0.09463478858221146,-0.6010996524316443,-0.4060081638688771,0.003313788992647276,-0.3932202032850619,-0.3763260531189144,-0.051853890798318814,-0.26406921861548116,-0.3315157826710242
Peace,0.0,0.0,0.0,-0.23656493765040285,-0.08273221325526423,-0.08039768387420244,-0.3613892212452631,-0.35049761501735577,-0.12204940541731633,-0.26279102959016437,-0.55861264002167,-0.16983459194244074,-0.18971339637312373,-0.7259339115068536,-0.21380188292513105,-0.3979929383337464,-0.9290558238456182,-0.08205139322677239,-0.5406033328717228,-1.2864468683039585,-0.14927773934003186,-0.6307242161535348,-1.5266076765708159,-0.18557677939720987,-0.7036480851565095,-1.7306950315523426,-0.21008700249364406,-0.20934590676985954,-0.9717922906667396,-0.10860034585302401,-0.18057955628063813,-1.3989428256967265,-0.19023797795132782,-0.15254577475932954,-1.6845611590144403,-0.24542873166938087,-0.12142626343566561,-1.909106681386314,-0.2708468510362549,-0.05001146500110687,-0.8901348908039027,-0.14479769569070983,-0.06422520775009839,-0.8985297102831301,-0.26429117290963355,-0.13889071377513124,-0.6670823098870815,-0.29944073522043874,-0.18174346382307371,-0.5091140808255246,-0.28783420604269133,0.07031801872583626,-0.7493641368529935,-0.1872475827297464,0.014129717748897526,-0.702817973455398,-0.2770076731066758,-0.06634595574150211,-0.5286822283794096,-0.28120769422654834,-0.12418004072393841,-0.4037415079471247,-0.2619925630407457
Peace,0.0,0.0,0.0,-0.23916087641094955,-0.09365845218650713,-0.0720991099907915,-0.37275385611421635,-0.364139561048866,-0.11511740578812818,-0.2901412028881669,-0.577791499317713,-0.1664053444392907,-0.22026886060922263,-0.7471629815889248,-0.21485402137837903,-0.4004499166207029,-0.9247500230652196,-0.08775431126993606,-0.5404339042518125,-1.2882970974054677,-0.1601317181314474,-0.6310977593310477,-1.5237089949310556,-0.1985723904426504,-0.7034069917479051,-1.7231432527975423,-0.2234410582078166,-0.213542212808264,-0.9697553134518393,-0.11821317769552916,-0.19313666277815847,-1.4057838260860729,-0.20154430762039435,-0.16448785286568393,-1.692257459301569,-0.255918313323617,-0.12778722552941718,-1.914985524483185,-0.28174055766777345,-0.05347969703167561,-0.8945136565589521,-0.15648258672209497,-0.0770197325893475,-0.9153779605834447,-0.26861957401038133,-0.15397329133851168,-0.6908927491059844,-0.2966379819122027,-0.19351308420394533,-0.5263276421292028,-0.28337289702317886,0.0671372081822516,-0.7600508755889038,-0.2012015502121426,0.003784066409923864,-0.7107452089462788,-0.282468777695093,-0.07429260091053742,-0.5375140989732129,-0.28026865140164975,-0.1236144262815793,-0.4041165629374643,-0.2580889884108624
Peace,0.0,0.0,0.0,-0.2370084065574017,-0.09599253978977859,-0.06844954669215608,-0.3951133303077551,-0.3793164544651642,-0.11926915808169401,-0.3629386374480997,-0.6411416861236736,-0.18287006871721032,-0.2691304550002366,-0.8285857602007145,-0.24247906399463928,-0.396863409806515,-0.9270209391779825,-0.07230050604527237,-0.5298155722358153,-1.2737914109815756,-0.14983139375144408,-0.6197699054840009,-1.4987112082419238,-0.19596447970219777,-0.6893747787030281,-1.6922646591718604,-0.22863531917345686,-0.22377474259888908,-0.9680138034287518,-0.11346427167264074,-0.20939586959646314,-1.4398760550152654,-0.20559107481378242,-0.19341898381248607,-1.7403060087433233,-0.26809551301633855,-0.1640853912541432,-1.970958180903853,-0.3014942850561042,-0.0672635089213743,-0.8912505245817695,-0.16360402615474398,-0.09621670311301425,-1.0689021196003823,-0.295461713474083,-0.19136523402667072,-0.8325672836898658,-0.3254092657542529,-0.24396333611095974,-0.6319432707483108,-0.3102167972191466,0.05297819168608391,-0.7523773318934767,-0.21824042048163972,-0.038466549773201617,-0.8432317148485934,-0.3180251529785219,-0.14290782374162653,-0.6918495294409535,-0.31768885010024817,-0.21232049080539997,-0.5447171842275497,-0.29521124724024383
Peace,0.0,0.0,0.0,-0.264815958266657,-0.10848065740399603,-0.06274319483796277,-0.4222662275994217,-0.4358597048891723,-0.09924927022217929,-0.39270385712594447,-0.7475355922850192,-0.14991507235714782,-0.3032041576998397,-0.9643492070865135,-0.1948708553029441,-0.39980948074681466,-0.9247470436901502,-0.027725680891413355,-0.5337224610741726,-1.255695640204543,-0.0863570506700462,-0.6197987250113235,-1.4530472804656311,-0.12278535946249565,-0.6864744106513707,-1.6273634309915086,-0.1505382561251652,-0.22873368750634818,-0.9711764058831047,-0.06706182860408134,-0.22236450151186124,-1.457542532543091,-0.14394813487659772,-0.21492905156069145,-1.7571471570018689,-0.20562697739268226,-0.19089392945067665,-1.990169538681853,-0.24058043776498517,-0.07414968672073259,-0.8968325356951827,-0.11713659770083035,-0.12793977630517878,-1.1331298596245054,-0.239351085079323,-0.23904476615545478,-0.907125528629208,-0.27650899977793036,-0.2999271530443954,-0.7089079950969437,-0.2689409212494972,0.051872369199327535,-0.7673150187190904,-0.17133935689929586,-0.050195157095466326,-0.8993423252792808,-0.26584382186512545,-0.17084305864376156,-0.7552277324730455,-0.2718075269207213,-0.24910201020692824,-0.6028911197562247,-0.25641073329223846
Peace,0.0,0.0,0.0,-0.24510734691625452,-0.11952236731522313,-0.057265221412711294,-0.3969147361700474,-0.43112301850645735,-0.09646041390166338,-0.3797391996924741,-0.7127470960953641,-0.15035053510596896,-0.29049900312056115,-0.9096191100591164,-0.20043366495395606,-0.35733494183829295,-0.9457107785918871,-0.039883770835267326,-0.4767521862587067,-1.2753626226378478,-0.10054908575835386,-0.5535596698515471,-1.4829511828616624,-0.13945140282846027,-0.6079836995214131,-1.6641102397538856,-0.17057626084014105,-0.18341454976721222,-0.9794974661102832,-0.08332956748492937,-0.15596849070620428,-1.4518502513409386,-0.16360860859441947,-0.13745425277659015,-1.7529326240407315,-0.22828252437239904,-0.10501351656504931,-1.978542747277857,-0.26728619165471446,-0.030292415103374035,-0.896166846845378,-0.1356512279117228,-0.07023060443182506,-1.1330408803810563,-0.25696728417067033,-0.18149570232447648,-0.9318370781656743,-0.2926436424063126,-0.24701216746597968,-0.7427911248685737,-0.286657153596056,0.08711583150574173,-0.7586790240888861,-0.19134012083839988,-0.013912471388916148,-0.8924716273675642,-0.2869854459347187,-0.13001448328711662,-0.7629907964370064,-0.29203097057241484,-0.20823505814661566,-0.6180898395272072,-0.2767895298735185
Peace,0.0,0.0,0.0,-0.22573810898587893,-0.20208823753310456,-0.040063336655355324,-0.3328336522891457,-0.530768696201179,-0.07636931283571595,-0.33960914594512615,-0.8032324027390476,-0.13079626966779845,-0.29083925027167595,-1.0059486167741698,-0.18173526937351028,-0.24589329441872534,-0.9658243249231484,-0.04253360888993037,-0.34293703574983037,-1.3285066259275635,-0.11451179488723734,-0.4011561459126977,-1.548170331707386,-0.15569802665909946,-0.4372186767500295,-1.7458302743472969,-0.18583965340847924,-0.07885765110187262,-0.9926409141152424,-0.09189932800163138,-0.040796618791768886,-1.4676988709817256,-0.18143080200472886,-0.009211714676218048,-1.7649356720402045,-0.2460264326512514,0.03793890791360083,-1.9932276271229528,-0.2837367791326472,0.059583207533805735,-0.9093761791995687,-0.14773430078901964,-0.02362239346356122,-1.1341212240138845,-0.2630107625773968,-0.1667807889841506,-0.9647219915547143,-0.28871792795500956,-0.24587240471932353,-0.7984663374755262,-0.2788995482874137,0.14939670252195242,-0.7707402429094765,-0.20761262554249957,0.020505328932819884,-0.8812978521636053,-0.29417234898631955,-0.10680517648158158,-0.7899192366202766,-0.29762376922498646,-0.18854046402105168,-0.6783087865162964,-0.283318844540865
Peace,0.0,0.0,0.0,-0.20892379346846587,-0.2512821747946336,-0.03702801329897994,-0.29718807390864205,-0.5898237681314893,-0.08296904581464379,-0.3069926837281731,-0.8621322926867827,-0.14997324261685804,-0.2104572301539696,-1.0267964109277652,-0.2111813629766973,-0.08786407860356603,-1.0012429873763389,-0.03233912213557464,-0.128148382069647,-1.3863162560658555,-0.10985086126635908,-0.1398402083389548,-1.6078231125570182,-0.15175554853492712,-0.12544450584189648,-1.7988331813533336,-0.17791963391833115,0.06934753734586828,-0.9939421528662532,-0.08526380134418776,0.1406106136333002,-1.4705887410511669,-0.18605260921336578,0.19124184398058328,-1.7749729065268958,-0.252674106724745,0.2522324027735195,-2.0048732759095085,-0.2849860477245858,0.18529412070533444,-0.8962530186206827,-0.14576081662686038,0.04776881520100946,-1.1345039981852931,-0.27435327735193976,-0.12783800778095267,-0.9922319100929674,-0.30045605669080655,-0.2258812569682138,-0.831896608200243,-0.281526262625801,0.2410099924775555,-0.7541589097371008,-0.20951125769916862,0.062235407721889416,-0.8954710497054302,-0.297529308428943,-0.09515150601694783,-0.833451496240473,-0.2996054601993012,-0.2048086527239256,-0.7441096204027242,-0.2805383271874355
Peace,0.0,0.0,0.0,-0.18292467652782743,-0.2717881317654021,-0.06217933491744012,-0.26269794236083216,-0.5586708270325577,-0.13190915878909765,-0.2828988878098869,-0.7813263451238099,-0.21952102482237226,-0.19773412836502005,-0.9499424963404116,-0.2967737880459881,0.05211709715989186,-1.010301866547052,-0.0630726429996515,0.04792185858058945,-1.4020282645121032,-0.16371293502717918,0.06170652703682396,-1.6362227962634428,-0.22288487036917967,0.1018531494191765,-1.819357049254339,-0.2558020110294781,0.19990778867224482,-0.9736843229647709,-0.10943361111106965,0.24494733861553927,-1.4086058968348965,-0.22722924038982092,0.30637971333623326,-1.6908585202980884,-0.2995147632398662,0.37250032871025424,-1.9020945659298287,-0.3292235546470539,0.2885665570022047,-0.8539928950128552,-0.1658192164172247,0.0588862651721832,-1.038998498899647,-0.30269853826168786,-0.10385078573006691,-0.9086323283654312,-0.3207206387886833,-0.1870212809712528,-0.7667389465463609,-0.29076722207911854,0.29947161450691173,-0.6953022041566095,-0.22950400068631963,0.05020022281666828,-0.7972629237957681,-0.315557310380882,-0.0932090897984195,-0.7360638988939695,-0.3096571554721413,-0.18071813817531032,-0.6585509565234728,-0.2796988702827929
Peace,0.0,0.0,0.0,-0.22237060011150592,-0.29946812203574885,-0.07135286183647063,-0.31641682034941393,-0.5601053182248396,-0.15209231961096428,-0.36422819788349975,-0.7570717623698875,-0.24930457046137197,-0.3408893405002204,-0.9549410306303622,-0.3368308064535031,0.06833169152471721,-1.0227920670842636,-0.09179913558024817,0.08738364395479113,-1.436567935621982,-0.20665037943930217,0.13212821440387296,-1.6902309751051658,-0.2790226746984619,0.20523505705925743,-1.8872288188277042,-0.3153661760486183,0.18779586974116694,-0.9732951188244527,-0.13202016126582028,0.1647565160201044,-1.4181331056572017,-0.24936868512062965,0.20371027977430775,-1.7059904575526668,-0.3150988483270716,0.2542829223508941,-1.9234982637567737,-0.3403673563935192,0.24623151860185225,-0.8478613978566403,-0.18208137459777293,-0.06813898093099818,-1.0336487297893229,-0.31275119076856134,-0.24648012734451039,-0.8952569897767039,-0.3212336486074931,-0.33601912801132644,-0.7451067980945051,-0.2850179452629745,0.22062326538170615,-0.6814301801953266,-0.24187762149654324,-0.075123661671119,-0.7825333692116441,-0.31011000323118926,-0.22979591008739972,-0.7341662881660371,-0.2927793557987509,-0.32004002104654317,-0.671427516987948,-0.25628849640395696
Peace,0.0,0.0,0.0,-0.23155751381237236,-0.32207500220668744,-0.026683542970442644,-0.3437262201377259,-0.5867917023029106,-0.10009277523047344,-0.42076314641724377,-0.7701762376299752,-0.19110719414140137,-0.4513255785248064,-0.9403563773974315,-0.2829873227755529,0.08143142016050195,-1.0385076167967828,-0.09396646548146617,0.050383853756735514,-1.4490923713987962,-0.1948668992242078,0.07300859736556252,-1.7222894932735364,-0.26887690034703593,0.1071579376051989,-1.9442999755579287,-0.32513381475031916,0.16664808781021825,-0.9757704953181251,-0.1417757218137808,-0.1792440941057887,-1.0856571847703107,-0.2769057658082427,-0.31023258261292336,-0.9280843653844848,-0.3142919417860888,-0.32434604784488824,-0.7893954413347792,-0.3248168703432895,0.16345511558368384,-0.8495507226596822,-0.19330870529235916,-0.2153218003164487,-0.9417178390866368,-0.3009850123215628,-0.3533632500775458,-0.8118545878658208,-0.27045890100163555,-0.3847051541444154,-0.6875474100281362,-0.23390638888394005,0.09880642783754597,-0.6941061514319378,-0.2519301136848036,-0.21622469866913616,-0.7595012260069348,-0.3137802579583922,-0.3523586963758658,-0.7108177422445617,-0.28911977170193925,-0.41211678470984864,-0.6533387565494587,-0.25487106892999295
Peace,0.0,0.0,0.0,-0.08520980700888203,-0.3228681187951114,0.07207456757227651,-0.20831257451397528,-0.6593501638564895,0.04829573164605351,-0.42630142215152106,-0.8080233781566368,-0.011473679778196078,-0.5925300399077087,-0.9065934496423155,-0.07063086275911634,-0.008812835160544118,-1.0063465856925764,0.04652014393281513,-0.029500929849480086,-1.407842211129236,-0.0063621437672859256,0.01021084303793725,-1.6598234912440069,-0.03888637245606852,0.06915119931306864,-1.8651359414904376,-0.05644586883749641,-0.03599543646932782,-0.9988583048384796,-0.031407250891814134,-0.24970884013900374,-1.3582373097818985,-0.07167325915444762,-0.3195109241317112,-1.605545445032746,-0.0969504543184787,-0.35945468920849305,-1.8151629756118968,-0.11607977181747427,-0.10012757399325996,-0.9082341251738311,-0.10613851414004043,-0.43664053010184734,-0.9554360909388838,-0.12090612752589334,-0.4460416311711372,-0.7929655554480477,-0.11794630512950093,-0.38746232867423386,-0.7073629869372539,-0.11682687509831673,-0.19581766002374368,-0.7830756136940255,-0.18132072365856836,-0.45834231593689395,-0.7329388511323344,-0.17218013579642888,-0.46114358975641173,-0.6052673033814728,-0.15770286119323917,-0.4078887948089552,-0.5409050856917149,-0.14921226174970476
Peace,0.0,0.0,0.0,-0.053960237024030015,-0.37570046772153864,0.12749839967308885,-0.1862598795191606,-0.7069149735974403,0.12247226873830369,-0.42872799417727014,-0.822604850227741,0.06910230741668481,-0.6111715010996068,-0.8856564669031508,0.012237713898168499,-0.04064745011476368,-1.0027563993157513,0.09436862899186625,-0.06706469308914771,-1.3981949403256086,0.06091619835023703,-0.03269169654807802,-1.6439065177591332,0.04310334376067137,0.0258502263037654,-1.8525231000839275,0.031099794461551283,-0.0802889234622163,-0.9967186274197368,-0.010279422347308564,-0.3292181612271561,-1.3494111195361589,-0.029552050579476956,-0.4182983914734921,-1.5879983554874444,-0.04661011648817623,-0.46420444338520667,-1.8014229524852623,-0.0682264573845357,-0.1508681642631255,-0.9023151299921041,-0.10728130340755791,-0.47939634902479844,-0.9394891251762916,-0.10031155758709374,-0.47784533544657254,-0.7921133694908782,-0.09582107623147501,-0.4127695011119234,-0.732127146872414,-0.10396122967187098,-0.24547091389720313,-0.7808176328952956,-0.2002072127303229,-0.500074937324354,-0.7239834495778267,-0.18058465316120817,-0.49166525187248206,-0.6118320118111392,-0.16721735460713305,-0.4381880939388976,-0.5655669555242634,-0.16588959388831662
Peace,0.0,0.0,0.0,-0.004786256443328355,-0.39695214360359893,0.051370897711801984,-0.1258669818801728,-0.7656144011304254,0.04194453796574127,-0.32035770942606445,-0.9057531887155157,0.004222224905855202,-0.4966647338180699,-0.9259394980444141,-0.035120796506005934,-0.09974695224609882,-1.018351703643658,0.028357891425528803,-0.12317078379661568,-1.4075603389919382,-0.03586355482266055,-0.07837018580251076,-1.6505858891064675,-0.07728905778413103,-0.018210248230451743,-1.847927199598396,-0.09733648384242458,-0.19555318202143684,-0.9802419306231545,-0.02974408259606897,-0.44567994725033616,-1.3193745004296884,-0.08789762256634405,-0.5639695311702632,-1.5495738929661267,-0.12143262441993014,-0.6443110553275371,-1.744060712034487,-0.14043052247784651,-0.2946081708912954,-0.8550937829022485,-0.08459793112399602,-0.5749334620580018,-0.9012157720083359,-0.1300872964996934,-0.5569077265376654,-0.7588299355493074,-0.12362364160426195,-0.4921774759058729,-0.667427257125708,-0.10398649372514102,-0.39650543719243697,-0.6916428810827394,-0.13873452822248983,-0.5857513135980145,-0.7086848202378445,-0.1503189909882566,-0.5479503103024701,-0.5931306820300164,-0.1193233595572911,-0.479606346486688,-0.5178722957552062,-0.08723674380046852
Peace,0.0,0.0,0.0,0.041152562106515966,-0.34551555381033056,0.05393286907209387,-0.05341020895369364,-0.690890050488138,0.05927900348313245,-0.1960315810026783,-0.838580916236995,0.03619585178167638,-0.33264743784988243,-0.8858338100946366,0.01187511130277647,-0.07164207687060205,-1.01406237247589,0.037479341781957755,-0.06713011693625417,-1.4055382635056648,-0.020337075612431872,-0.01758045175523445,-1.659879064203727,-0.058498204292862586,0.04174574938566936,-1.8513284680901945,-0.07478731575520646,-0.18109229171556937,-0.9833164326596343,-0.01715736409632826,-0.3964046389815226,-1.3158407179799076,-0.0671326552597461,-0.5056004527729108,-1.538636566495149,-0.09748116641050258,-0.5808391751384532,-1.7128095854915228,-0.1119718286254644,-0.2847755118080115,-0.8596420227987265,-0.06848796071962347,-0.5168414295589673,-0.904365541187306,-0.11261940113596931,-0.48326640679008803,-0.7623119785889966,-0.10700472200812569,-0.41687427087829243,-0.6689025753408521,-0.08520074957918418,-0.38356797284532357,-0.6931130237090704,-0.1185497267362732,-0.5367007480346658,-0.7097621247283742,-0.1342875515825876,-0.5076112175262615,-0.5884719852068246,-0.10242554196675038,-0.45132584072896526,-0.5090365796104214,-0.06571436743988972
Peace,0.0,0.0,0.0,0.08092007435457214,-0.3843058864596645,-0.015725263723156753,-0.0012975259427210563,-0.7508366504782497,-0.03657700197345806,-0.1558459720434526,-0.9399279567361664,-0.06721740592374553,-0.3126960522312155,-1.0092754758455453,-0.09581924681684602,-0.05933166733738471,-1.018231681430984,-0.03646728515797715,-0.059146868187966856,-1.4452463223772514,-0.11916525265915935,-0.03524585053852558,-1.7244850456250784,-0.16810231597848563,-0.004186159455607125,-1.930562637529352,-0.18676068169465282,-0.22369101508961253,-0.9726675507252289,-0.062290974742436826,-0.4225583274149599,-1.3487698621778463,-0.1392412105207334,-0.5470719968642961,-1.585205137757897,-0.1746589791509437,-0.6363347370750784,-1.7524241212841396,-0.18384499591266423,-0.36304480985075444,-0.8467405282067192,-0.09041413791855288,-0.5227915511740289,-0.9467656890936599,-0.1693345662908023,-0.48396538094456565,-0.82993232471942,-0.16918718159683505,-0.42590813965622476,-0.725387120807268,-0.1371048389709142,-0.4740024459502859,-0.6931069034272193,-0.12031763631780472,-0.5733285483526822,-0.7631733043341563,-0.15723776837877376,-0.5332482668742885,-0.6577362151654168,-0.12472869207869851,-0.48386118567946834,-0.5707642963254764,-0.0782640955707435
Peace,0.0,0.0,0.0,0.1504088424573688,-0.35936569209118935,-0.043130095781590855,0.17308403670084882,-0.8100478229068806,-0.05140663825783547,0.04619097014303397,-1.0621739984510656,-0.05952405891772968,-0.11071447694159278,-1.095577906950027,-0.06725471380891597,-0.04038129246052461,-1.0206246520763937,-0.07268498037766419,-0.0722413535092691,-1.527496433594258,-0.13295922936065327,-0.07562071425314616,-1.843118506600627,-0.1621237278944278,-0.07857769835842528,-2.0862904712240824,-0.16967087491063476,-0.22236774245317217,-0.9720756730941746,-0.07497648227802477,-0.3850847792133225,-1.4203118433920263,-0.13459228866673859,-0.49186906760539345,-1.7044385245627283,-0.1632959425661005,-0.5802505970530533,-1.901762287245337,-0.16797545855965354,-0.36105902263160955,-0.8608314002700935,-0.07690482500524515,-0.4269150147435395,-1.0727521867110632,-0.14988759182837003,-0.35524204461213676,-0.9852006360491256,-0.1573681124061891,-0.29081066111335446,-0.8757272163913145,-0.12875252968504514,-0.4593872611919309,-0.7233309441044276,-0.08057937139788722,-0.5086683596810531,-0.8862171053375638,-0.11142451722296773,-0.4504676399630041,-0.8067769243121744,-0.08055901844952268,-0.40521910855843846,-0.6948954363617147,-0.036251681901606464
Peace,0.0,0.0,0.0,0.165866117350054,-0.3808055985301175,-0.08729870705656392,0.20451995094420128,-0.848429248133615,-0.11940405777346795,0.08961330794812525,-1.133707824601007,-0.1349172151063753,-0.08155926335810315,-1.1658441716958523,-0.1443016758276264,-0.04829055239413184,-1.026111942861283,-0.1638589673453792,-0.10530790217664396,-1.639510195511332,-0.23145819838648515,-0.13255981593594401,-1.9925407142235183,-0.2566471182085675,-0.15725015366002076,-2.263527944090764,-0.2583290486457647,-0.22072124118876454,-0.9655971310942187,-0.1374929602223532,-0.40388187208071386,-1.5109460119068812,-0.2088081840704188,-0.5245510923300079,-1.8378885644576182,-0.23280714331562402,-0.6164824134482826,-2.0549776768430346,-0.23288486738424194,-0.3477546796587022,-0.8602396250246083,-0.10655873247111791,-0.4167242424636587,-1.1899826661106767,-0.17828832321414,-0.35463295697325264,-1.1344697093945393,-0.16737832479831116,-0.29356785201859115,-1.0235786565462672,-0.12570290445743362,-0.4290903379680423,-0.740374530383951,-0.07989208651926052,-0.48800174264800583,-0.9888067151071626,-0.1028241503146213,-0.4315083339849524,-0.9259392061979136,-0.05505703040628004,-0.37788497556650774,-0.8063116677009161,0.002073924825312192
Peace,0.0,0.0,0.0,0.2857346731476885,-0.2831586858912596,-0.09005819304425866,0.4456890196467279,-0.7109483492155245,-0.09546530339904748,0.4164715645229111,-1.0408915598657877,-0.0711331886110948,0.2616108397526225,-1.0810775373898727,-0.03602593507082135,0.06511576372433298,-1.0135006909654696,-0.11872178074099468,0.04297322347112356,-1.5377950531316453,-0.12797002164251461,-0.013712724163968537,-1.814099808306925,-0.1288505926201206,-0.08242348765237743,-2.0350121025614856,-0.127645648151077,-0.12915506266283952,-0.990214688285422,-0.052856796084917,-0.056731873437398564,-1.3711908305598153,-0.04685595403126593,-0.019340526008958477,-1.5206238459022217,-0.03916406878070274,-0.023875653961425564,-1.608541680421122,-0.03808287633875651,-0.252709878962073,-0.9234281258630612,0.016418823816970154,-0.1338582250213926,-1.1914810049203894,0.018872366186937207,-0.032211997535383875,-1.1362821527740994,0.03138446971735503,0.023927162900483013,-1.0260083580971537,0.0462541441985083,-0.33206714393104814,-0.8547400551240273,0.07924682690556263,-0.20930387234215553,-1.0684038169651433,0.09847894325716484,-0.12412933908102806,-1.033309299955583,0.12291015309428541,-0.07242408973136852,-0.9339856573579829,0.1475091496983619
Peace,0.0,0.0,0.0,0.3117740343734229,-0.30516941658624835,-0.07204937075006972,0.46196660038041193,-0.7410278035324301,-0.07238504096206781,0.4283759842509088,-1.0524359157825787,-0.049276494650709816,0.28296627552365655,-1.054130468842969,-0.014630547621288003,0.03731870422698817,-1.0290925463972922,-0.11239634370421442,0.03884216059492582,-1.5430816402731757,-0.11409798862438039,-0.004207301565605507,-1.8111582216758613,-0.10961920040789233,-0.06361246569057238,-2.0177361576300785,-0.11271311344086664,-0.15921180593770123,-0.9851322931888253,-0.06454429305974307,-0.0004367515152490154,-1.3011189814748543,-0.07637507626697913,0.08301240421738292,-1.2810027205077967,-0.06983839425918201,0.08403916278366481,-1.2229577661672493,-0.06714773039444984,-0.2654430482668233,-0.9112499224850671,-0.008954016350214873,-0.09641592998785382,-1.1655550934667738,-0.01340125011160577,0.012649201666519585,-1.0979918820434913,0.00507399485501121,0.04804195303112495,-0.9941802573817742,0.01759220514635301,-0.3219442073208309,-0.8471644877312082,0.041594194768467,-0.16655522602252537,-1.0749635874849734,0.046821126800729126,-0.07422848914313046,-1.0375246338620385,0.06871467361686638,-0.034508900463239504,-0.9417247590139538,0.08855258466308545
Peace,0.0,0.0,0.0,0.29608863678166497,-0.3184235221981472,-0.10061332863311981,0.4153483941487303,-0.7563274700041748,-0.10672833734398618,0.3760908022747028,-1.0760023197478605,-0.07906318059869981,0.22131769479711644,-1.0962502231007432,-0.03540273164108252,0.023374161647417485,-1.0184760950069023,-0.14972188187315347,0.012583522136459416,-1.560717157226,-0.17218002679936087,-0.021830607908609512,-1.8517249920589163,-0.18521572682189616,-0.07876619855509423,-2.088705074192862,-0.1887992207635441,-0.1616115750490577,-0.9835074844925528,-0.0812079229958127,-0.15086514411605578,-1.4936523698175537,-0.08926659883310659,-0.18630206583756787,-1.797539886794339,-0.09621093986073723,-0.25490759711757915,-2.018132635842768,-0.09966565407430555,-0.27269499338802955,-0.9191416682332261,-0.006811565584203257,-0.12924209173446075,-1.2516969494187122,-0.006093636454524098,0.004531004591539715,-1.2016464701399323,-0.0015794462475962395,0.07596588486074467,-1.0914401050297347,0.016637152670867038,-0.335309513057051,-0.8542547152625688,0.060018088621016805,-0.19041945797094154,-1.130107999431703,0.08731994123956659,-0.09433436167704241,-1.089215814120195,0.11715803271663702,-0.03312515027847455,-0.9819639307537449,0.14860867773500075
Peace,0.0,0.0,0.0,0.2686662950165031,-0.3393896069622789,-0.08462771171806918,0.36899498841263717,-0.8185210935599971,-0.09384237955762631,0.2497494537734937,-1.1151285447569546,-0.08422262545566608,0.0852460533116971,-1.145808416050675,-0.06745194944138991,0.06711233356576955,-1.0372827317445867,-0.09732115898958993,0.0642067539002091,-1.5714119275634009,-0.12777655279750078,0.050643575798586096,-1.881039234092369,-0.13739242191143675,0.027166875189454355,-2.119253853378389,-0.13359192518230134,-0.16115542713772468,-0.9849156256144644,-0.06300903684810392,-0.22229655137685023,-1.4817209414646453,-0.09751342848579404,-0.29628366766171055,-1.804566093826415,-0.11365162269418606,-0.3721016895915592,-2.01870838340604,-0.11249855824859152,-0.32389109473757594,-0.8905192801536563,-0.02764033609693206,-0.27440654612175935,-1.2168785336829524,-0.067954747469256,-0.1817635677005136,-1.1545222082119957,-0.06396791520340239,-0.1287630761450704,-1.028100024406509,-0.03263699186104202,-0.4290207354677722,-0.7872385944350322,0.0024153451424275543,-0.36334756262124007,-1.0587158020311362,0.00403669651185453,-0.28705454766670324,-1.0049835744202118,0.0452591734738888,-0.24475272606516105,-0.8816699335657475,0.09283923189376897
Peace,0.0,0.0,0.0,0.024562102662041688,-0.4308002099939841,0.0155828672897148,-0.09426512340669824,-0.8089469916659182,-0.002921407592362538,-0.2734151308385909,-0.966311100678768,-0.038244606036990245,-0.4433181719436565,-1.0136270211491496,-0.075616335436032,-0.0958695992717137,-1.0407003417075051,-0.03249640400935288,-0.10348193432193399,-1.4752252649539102,-0.12118425479668145,-0.07676285319629514,-1.7591311861939898,-0.17674061807854732,-0.042996071106439514,-1.9745186397826704,-0.20008801223573985,-0.2488660261987869,-0.9654456057047037,-0.07733358539148687,-0.4888836920860346,-1.3615865027485137,-0.15921885083478773,-0.6183152246171386,-1.6122417500350539,-0.20215649583126902,-0.7110736172860485,-1.7988032297468544,-0.21962611934248522,-0.37822043713128084,-0.8140068617625905,-0.11907744869892162,-0.5562202062486231,-0.9533207039474979,-0.1990088947661998,-0.506679024371156,-0.8362771531436898,-0.19123986855790465,-0.4478215533815942,-0.7223455021705383,-0.15469075149122813,-0.48484373346760995,-0.6352369165009267,-0.15959373545949193,-0.5756220940823179,-0.7634847624735887,-0.1927858316594803,-0.5283422214602754,-0.6660124204064912,-0.14855631323279903,-0.47946584509352325,-0.571867572032232,-0.09489011151304697
Peace,0.0,0.0,0.0,-0.03487271494945184,-0.3893967588440395,0.03522787753173145,-0.1832290977189667,-0.7554011372910299,0.02702852238732275,-0.3837303855914371,-0.8751392549658558,-0.004974400039114984,-0.5594281042719559,-0.8590050206696559,-0.035978110725150794,-0.13512758497514424,-1.0165503847962567,0.017711657379104937,-0.18069003066469683,-1.4008982670741525,-0.05700579597294982,-0.1536908454578244,-1.660316443320947,-0.10966668018557112,-0.10653158812105672,-1.8649498714311517,-0.13717501774221688,-0.23151347010276443,-0.9721452374503698,-0.03653971077527316,-0.4874602389442683,-1.3147977084339588,-0.10385584781738823,-0.6169321784323554,-1.5541430975523394,-0.14828461453343858,-0.7001549326940938,-1.7529557376028515,-0.17497481774309723,-0.33083014826895707,-0.8368508844835681,-0.08933640636633441,-0.6050344362751024,-0.8785324797161879,-0.14768352442023322,-0.5784407931142197,-0.7329219173005416,-0.1432714260736967,-0.5045663112737234,-0.6481465627889865,-0.1218297516804281,-0.43328859886277804,-0.655076049163587,-0.1428236536097417,-0.6150985432336346,-0.6666262767339357,-0.1681830653128737,-0.5677611399720554,-0.5454356846210485,-0.13802858622388364,-0.4918857673154742,-0.4806965453099121,-0.10386666701275343
Peace,0.0,0.0,0.0,-0.2607635597925065,-0.22193809605017012,0.0066857984984794,-0.44092631935744847,-0.5180480587371823,-0.03394346959895174,-0.6089001237872254,-0.6816569590601824,-0.0995089035687215,-0.7467976969277283,-0.8147276902971853,-0.15666274917308903,-0.1488100782508001,-1.0024549669340526,0.015279040229792732,-0.20627938411467026,-1.3904944686626877,-0.07047320552981848,-0.19958863136283672,-1.6672458098600205,-0.12989425979568345,-0.16506637120177844,-1.8948446842813442,-0.16174305495820554,-0.1592335495664035,-0.9862659242912899,-0.043865741465652294,-0.417937487055357,-1.3239225397698167,-0.13605748733703185,-0.5285115211341275,-1.578524371686525,-0.18628921342075208,-0.5899831997102435,-1.801608987554428,-0.21074635092008734,-0.2061574521238037,-0.8804315678815848,-0.1090089277667498,-0.5635167756204523,-0.9029946992035157,-0.19782400832178523,-0.5754060424889093,-0.7131699311574983,-0.1917328565431102,-0.5164794289751642,-0.6262906943881791,-0.16218213050664138,-0.28081117048358817,-0.7277994848568354,-0.17968993006568143,-0.5618208273137543,-0.6791732680655033,-0.24001404823980496,-0.5996856889593709,-0.5444891823469409,-0.23050343456666628,-0.5784376929124223,-0.492180521494097,-0.20627426663459203
Peace,0.0,0.0,0.0,-0.3051431416203367,-0.2086485484828494,-0.054531862111176124,-0.47685330980177687,-0.43993472224804986,-0.13768998331010726,-0.5996107348991682,-0.6143896497143146,-0.2403386055945042,-0.6689018457431564,-0.7861484750671403,-0.33465880045954133,-0.2059575594958947,-1.0036437220056624,-0.07469399194696211,-0.2935120983844749,-1.3746391494997747,-0.18886214285886044,-0.3310663630179275,-1.6424282631173766,-0.26668244349778664,-0.3400788257354385,-1.872144212233125,-0.3122917172970709,-0.11751399635725712,-0.9859572525560055,-0.11865393711276359,-0.28959808253032626,-1.330482354118679,-0.23879487436252264,-0.34659723730543235,-1.5965433959240636,-0.3007021563615597,-0.3742404484766036,-1.843214802341741,-0.33022295705973054,-0.07543065623543252,-0.8925579152768812,-0.17225515131208805,-0.4345057364983953,-0.9538626524311148,-0.2983692099331972,-0.539697592846555,-0.7495328814925144,-0.2927593885690424,-0.5482472351474313,-0.5865158530326462,-0.25415241778569,-0.09190350037304448,-0.7354100962630318,-0.23546864126219788,-0.40172581248500955,-0.7100974811314358,-0.3104631354380301,-0.5019036710265842,-0.5806235520476649,-0.2950781089600083,-0.5255527057154941,-0.46941305100848607,-0.2629001318855064
Peace,0.0,0.0,0.0,-0.24861587475632188,-0.16212617207636082,-0.08279720880939219,-0.39769639822966274,-0.376790200436641,-0.17003691522964265,-0.4580934516127301,-0.5738713013112164,-0.2711989268786495,-0.4272962021899921,-0.7702455966919608,-0.3608650501233516,-0.21453473467238426,-0.968347188138452,-0.11493725874292862,-0.3232332056716597,-1.393597845877981,-0.2378608452245608,-0.38161006630777283,-1.6663177823079502,-0.3079692911651439,-0.4035779934437516,-1.8828135557524344,-0.3452245701605068,-0.06019592986856255,-0.9860379448697484,-0.15525985090905567,-0.11647028922699565,-1.411074127197591,-0.2982446945953839,-0.12011552616887695,-1.7108123881252464,-0.3758556391667432,-0.10753803902398994,-1.9518743002926686,-0.40336718105619673,0.05534479689643629,-0.9028295976806361,-0.20425477493796235,-0.21409260096318725,-0.9536077077183172,-0.35323623662984177,-0.31729397758492695,-0.7384035190619385,-0.3585471438715234,-0.34318939062852066,-0.5615747110412092,-0.3154132907400731,0.10503481181951088,-0.7516969383139197,-0.263052009071094,-0.16073165937200887,-0.7144850318579768,-0.35026093957960547,-0.267068027649672,-0.5725969556814972,-0.329571329840229,-0.30705290343542974,-0.4537241700186316,-0.2844419384934871
Peace,0.0,0.0,0.0,-0.2143662021402044,-0.13076868224906246,-0.07315153300444878,-0.37768343872480814,-0.35095513832242464,-0.13926189439237652,-0.394680336619574,-0.5388530349534534,-0.21623416663815231,-0.34552594972387607,-0.689429531314135,-0.28798458589545517,-0.30556382671915006,-0.9466465235296969,-0.11448756910228457,-0.4075986987514909,-1.3493543469186715,-0.2165673315227344,-0.47472591357918964,-1.6035210625395064,-0.2757364534561006,-0.5172709826753592,-1.821016447661075,-0.3117018152822461,-0.12002965508865694,-0.9805907964824271,-0.15503087354864917,-0.12510739662203751,-1.4168737826138382,-0.2633376890548081,-0.10282360574646607,-1.7069158316704165,-0.32797526706940333,-0.06892225258563046,-1.9294207818867022,-0.3580422939563674,0.041030990899025045,-0.8943807818738833,-0.20248545097468157,-0.066663515999114,-0.9573546814551628,-0.3317666941858956,-0.18081315959820604,-0.7527821155208232,-0.35091158322338056,-0.24341910450205037,-0.5642391014023935,-0.3277421383151603,0.15305858094117275,-0.7370114030652626,-0.25679741434358716,0.002065597522990611,-0.7295885901332082,-0.3469649432825463,-0.11927674289315145,-0.5917823826224071,-0.3382542064414076,-0.19126264323944545,-0.45760520859242,-0.30784689576207125
Peace,0.0,0.0,0.0,-0.2234320821826654,-0.12881589835978297,-0.08380656153530854,-0.3850332953560407,-0.3647489170304986,-0.15752048788260556,-0.3409997157441343,-0.5532331724259186,-0.24322817921069248,-0.21864605327629622,-0.6469851520931694,-0.32594816529284026,-0.3024661702878025,-0.9786096058198722,-0.12735576768825144,-0.42373529417011285,-1.3820425874666609,-0.2264082835765951,-0.5009139934386178,-1.638782638226858,-0.2856545264414401,-0.5562294644696799,-1.8533007836046869,-0.326582507476004,-0.11115487684019111,-0.9796917425039113,-0.1668792468352251,-0.091833340758083,-1.4212320121561717,-0.28073515197075705,-0.05305047792722487,-1.7186961425303886,-0.3455305478766204,-0.007498576320932843,-1.952996188442325,-0.37869204049503347,0.05153647935551888,-0.8665432874281052,-0.2148305779732611,-0.0005590025398017586,-0.9806746005930844,-0.3556375091508906,-0.11359921192185077,-0.7553621497983044,-0.37955480350977194,-0.18294675157662182,-0.5648968060550106,-0.3595355951085815,0.1746803674131369,-0.6932918912739746,-0.2701720295720926,0.09211516386608962,-0.7645197995408602,-0.37355541403469816,-0.03446296294006127,-0.6177232666367234,-0.3723119496340019,-0.12948170545244858,-0.4785026512814553,-0.34903211993021965
Peace,0.0,0.0,0.0,-0.20203110872085625,-0.13477024254322764,-0.10015783710180119,-0.31988877979222774,-0.36159309989145977,-0.19632768771486242,-0.24604843494544248,-0.5650344467815017,-0.30488369755870476,-0.15451961822388685,-0.7162955119033347,-0.4084842599560411,-0.3568297702504208,-0.941789933713244,-0.16007690695457427,-0.5077619920617594,-1.3601488345049506,-0.2913152168201264,-0.6060892441949608,-1.6334891415982704,-0.36818250392689184,-0.6780807842727651,-1.873186198224487,-0.4152698779893979,-0.16387516142384062,-0.9650809877692427,-0.20436148980337032,-0.15203272027843506,-1.4536815707645883,-0.3487153146669685,-0.11070410447783638,-1.773713545980502,-0.42536984962200886,-0.06204476468951866,-2.0280945830433526,-0.45877757055813484,0.013052336344394323,-0.873536169734664,-0.257650719711624,-0.007103603310014129,-0.9754400418859286,-0.42317109777000045,-0.08667601035055096,-0.7161407236916423,-0.4307053894823267,-0.13824709927295323,-0.520686644459378,-0.39019018736695904,0.16664355185553487,-0.7225089197174128,-0.3198560281871623,0.13031583621075638,-0.7912058220995092,-0.4237833929111891,0.03561729000229536,-0.6012062312636575,-0.39414002168341483,-0.03697462587128234,-0.4436305255310699,-0.3456559207645053
Peace,0.0,0.0,0.0,-0.18468065211940451,-0.0570642215107767,-0.17007598069670268,-0.2673292349506804,-0.20580928513324936,-0.2998851748877801,-0.10328447244920226,-0.3167748349222961,-0.42472392485035354,0.07014378103285532,-0.4452944092802808,-0.5439116575313503,-0.33533982167545506,-0.8988957687662024,-0.23704845545416323,-0.48613014841294083,-1.3207515021942013,-0.36439519616293187,-0.5782243493107392,-1.584623644219682,-0.4305238909986917,-0.6469451242322329,-1.8273617294381004,-0.4725367576168648,-0.14496221438949752,-0.9589332151042523,-0.24378893610891197,-0.0638424838160047,-1.4047213539246728,-0.37784566918025364,0.01156862221764951,-1.7015964558902563,-0.4496175332331621,0.06831612707601296,-1.9561492063095431,-0.4826416541846808,0.009297860790695021,-0.8769169150762114,-0.2642721582745756,0.0806549279305117,-0.859267563232546,-0.41900794531819757,0.029575122626802158,-0.595798425478844,-0.45423568771093603,-0.024639306441736272,-0.4318029701884318,-0.43830140502551257,0.1264443982015916,-0.734157089447657,-0.29875659446049574,0.16083601356268018,-0.6354187418587298,-0.40370360334348343,0.10145994128239408,-0.43944657404786613,-0.40772472967393447,0.03932250082504788,-0.3173550164391714,-0.3871260259110203
Peace,0.0,0.0,0.0,-0.21354330118073253,-0.05723045447867898,-0.15226147218946245,-0.36616377414162077,-0.16850647596670243,-0.2840509865422515,-0.347243752795513,-0.21634786076963317,-0.41307043182470876,-0.2728826728003391,-0.2847345997410386,-0.5384710257742595,-0.3089480432661562,-0.912365473801198,-0.2952414508281543,-0.4321084983513265,-1.379951163352271,-0.438511145042433,-0.5153230530533722,-1.67014649894521,-0.5133384565380935,-0.5617806103697771,-1.9332710559113104,-0.5660418332635087,-0.042530179570688005,-0.9461142669560768,-0.32102800140774357,0.10062454624836153,-1.267855400474896,-0.4693384980569204,0.23053300078074693,-1.5081463258742553,-0.5344750972265639,0.3387874329441772,-1.7204438572505503,-0.5645193266441098,0.16243423254233966,-0.8012944354644189,-0.35317495736032,0.18658285397018873,-0.6386188888018643,-0.5052172898755111,0.05734461020749698,-0.40662117632472555,-0.5089097592244894,-0.038075811559271866,-0.2598050536959488,-0.48053747143818726,0.2896859371648467,-0.5673704167693362,-0.3994655595331333,0.2108821533114525,-0.3043387905975498,-0.5198369195931687,0.06673597447075914,-0.13121139780904517,-0.5096504807563299,-0.03891505694249168,-0.028460916229027713,-0.4757033491932157
Peace,0.0,0.0,0.0,-0.1645913444256528,0.020962132008554634,-0.2337057504109462,-0.21665216182904756,-0.018860154054728788,-0.4277545413351695,-0.11311680632094635,-0.026335509233054954,-0.6027522942925325,-0.04743470118468088,-0.0752664971496057,-0.767654817730566,-0.264647455828093,-0.8384774371408651,-0.41179803844921214,-0.4032307446758111,-1.334341487489636,-0.5923422582802117,-0.4829008072066687,-1.6421549821838661,-0.6838228584591365,-0.5269494023013666,-1.9212531442844458,-0.7424508863679895,0.01052008593084554,-0.9172310215974521,-0.39821675104307475,0.17500691969890605,-1.2330212481144052,-0.5898532183412317,0.31153254468025765,-1.4600044747224803,-0.6544186967095355,0.416475950905376,-1.6887479117868516,-0.672165067156781,0.2069869848421088,-0.8151533250547185,-0.39310886618326474,0.19212156929981417,-0.5322784654384075,-0.5432741614005814,0.03732226564245511,-0.25442403898718574,-0.510781445011084,-0.07112018877165782,-0.13527522261087147,-0.45372034166599134,0.3266240405006084,-0.6260396234612186,-0.4128307429630472,0.2543571756959307,-0.3091366427569556,-0.48806174962667886,0.11711860371456871,-0.12452376224107867,-0.4366282902888872,0.023231758390600727,-0.05954597658337126,-0.37672873238599763
Peace,0.0,0.0,0.0,-0.2975781061204959,-0.10661936955671501,-0.1846836228426003,-0.5332653642424806,-0.27437854462225103,-0.3439049629510363,-0.6173770375430692,-0.2408523222616085,-0.4951141284968183,-0.6628681596471295,-0.19165522502836588,-0.6457729860933795,-0.44226740107797363,-0.843275777897762,-0.4101563476945712,-0.6132584398087478,-1.2904682978693458,-0.5988121993574854,-0.7264259105059534,-1.6057635171261344,-0.7065922289144264,-0.7762494543834129,-1.9081141757988445,-0.788391828659496,-0.13152513130623822,-0.891206574497418,-0.4341105635750583,0.01029360482176188,-1.0761456442486343,-0.6646012907495062,0.1539507653635835,-1.2525250487641664,-0.7525594273519792,0.2784906698451193,-1.4488841714911183,-0.78874434937257,0.11975579387315526,-0.7571007604103546,-0.4585288932009056,0.06826072391291657,-0.4038745435879228,-0.637297579087148,-0.08152451800831012,-0.09301831138238702,-0.6046134766987865,-0.18564780975533762,0.05621191268173097,-0.5505593953130345,0.2836171300771474,-0.5312507950526837,-0.5047061593092821,0.1812624520846966,-0.17952203998716584,-0.6190264883188015,0.028234713086558758,0.038491100967464956,-0.5755295354354043,-0.06810052925445079,0.1288015909511967,-0.5211245514644416
Peace,0.0,0.0,0.0,-0.40911282842810187,-0.2818955696132495,-0.2803707397655245,-0.7130834356890883,-0.8139684441795009,-0.42292395913988606,-0.8907182114406996,-1.1968877018450452,-0.5304890122023196,-1.0252117744753957,-1.6148838307675057,-0.6159453728359513,-0.3824410630501349,-0.9558701194861,-0.46046949838605294,-0.3908333629335047,-1.2067614367779824,-0.7355509509003942,-0.3129632272298017,-1.3351174921753188,-0.9010671163110985,-0.14334719110027344,-1.4832659945937343,-1.004121569772106,0.031356261029118045,-0.8879602372708326,-0.4588500865426534,0.19546290798737978,-1.0054705514366333,-0.7636840053104929,0.35127376854114933,-1.26085771020089,-0.9208735406078402,0.5404055172507032,-1.5083788642659475,-1.0040829956146906,0.3391933419309632,-0.6750846110506202,-0.4713294121065985,0.22768685330232913,-0.19440688186412722,-0.7744370592447569,-0.013169560917131349,0.12950609626862183,-0.7868219405913052,-0.16084986364351625,0.27488413086294683,-0.7374008706642198,0.4882332665782349,-0.3926099605641053,-0.5059905179765536,0.33280065140608583,0.08928652459190309,-0.7296345809427929,0.08044570252190492,0.35512275106609503,-0.7195728165137902,-0.08612812880416872,0.46483640031363777,-0.6724433170273357
